sample_idx,family_curve,allow_curve_fallback_curve,vehicle_name,brand,series,brand_series,grade,years,mileage_wan,city,actual_price,price_seg,age_seg,energy_type,mileage_bucket,price_extreme_bucket,success_curve,error_message_curve,new_price_curve,predicted_price_curve,residual_rate_curve,c2b_low_curve,c2b_high_curve,b2b_low_curve,b2b_high_curve,hit_c2b_curve,hit_b2b_curve,abs_error_curve,abs_pct_error_curve,debug_model_used_curve,debug_model_name_curve,debug_model_type_curve,debug_model_family_curve,debug_final_model_family_curve,debug_requested_model_family_curve,debug_fallback_triggered_curve,debug_fallback_reason_curve,family_lightgbm,allow_curve_fallback_lightgbm,success_lightgbm,error_message_lightgbm,new_price_lightgbm,predicted_price_lightgbm,residual_rate_lightgbm,c2b_low_lightgbm,c2b_high_lightgbm,b2b_low_lightgbm,b2b_high_lightgbm,hit_c2b_lightgbm,hit_b2b_lightgbm,abs_error_lightgbm,abs_pct_error_lightgbm,debug_model_used_lightgbm,debug_model_name_lightgbm,debug_model_type_lightgbm,debug_model_family_lightgbm,debug_final_model_family_lightgbm,debug_requested_model_family_lightgbm,debug_fallback_triggered_lightgbm,debug_fallback_reason_lightgbm
1,curve,True,"中升车源
大众/途观/2010款 2.0T 自动 旗舰型四驱","中升车源
大众",途观,"中升车源
大众-途观",差,15.08,21.6331,杭州,0.94,<1万,>10年,燃油,高里程,极端低价,False,无法预测：无适用模型且无相似车辆数据,0.0,,,,,,,False,False,,,,,,,,,False,,lightgbm,False,False,无法预测：无适用模型且无相似车辆数据,0.0,,,,,,,False,False,,,,,,,,,False,
2,curve,True,起亚/K3/2013款 1.6 手动 GLS,起亚,K3,起亚-K3,差,12.0,11.5814,苏州,0.65,<1万,>10年,燃油,高里程,极端低价,True,,11.48,1.11,0.0971,0.77,0.94,0.82,1.12,False,False,0.4600000000000001,70.76923076923077,brand_series,起亚-K3,Power(segmented),curve,curve,curve,False,,lightgbm,False,True,,11.48,0.91,0.0796,0.62,0.75,0.6,1.0,True,True,0.26,40.0,brand_series,起亚-K3,LightGBM,lightgbm,lightgbm,lightgbm,False,
3,curve,True,日产/LANNIA 蓝鸟/2020款 1.6 自动 智联智酷版,日产,LANNIA 蓝鸟,日产-LANNIA 蓝鸟,中,5.75,8.2533,南昌,4.0,3-5万,5-8年,燃油,低里程,中间价,True,,12.99,4.17,0.3209,3.62,4.36,3.78,4.54,True,True,0.16999999999999993,4.249999999999998,car_type,轿车-紧凑型车-合资,Polynomial,curve,curve,curve,False,,lightgbm,False,True,,12.99,4.05,0.312,3.52,4.24,3.67,4.42,True,True,0.04999999999999982,1.2499999999999956,car_type,轿车-紧凑型车-合资,LightGBM,lightgbm,lightgbm,lightgbm,False,
4,curve,True,"中升车源
大众/桑塔纳/2015款 1.6 自动 舒适版","中升车源
大众",桑塔纳,"中升车源
大众-桑塔纳",差,11.25,13.7818,武汉,1.02,1-3万,>10年,燃油,高里程,中间价,False,无法预测：无适用模型且无相似车辆数据,0.0,,,,,,,False,False,,,,,,,,,False,,lightgbm,False,False,无法预测：无适用模型且无相似车辆数据,0.0,,,,,,,False,False,,,,,,,,,False,
5,curve,True,"中升车源
标致/408/2016款 1.6T 自动 豪华型","中升车源
标致",408,"中升车源
标致-408",差,9.58,22.3505,成都,1.49,1-3万,8-10年,燃油,高里程,中间价,False,无法预测：无适用模型且无相似车辆数据,0.0,,,,,,,False,False,,,,,,,,,False,,lightgbm,False,False,无法预测：无适用模型且无相似车辆数据,0.0,,,,,,,False,False,,,,,,,,,False,
6,curve,True,"中升车源
五菱汽车/五菱荣光V/2016款 1.5 手动 实用型无助力","中升车源
五菱汽车",五菱荣光V,"中升车源
五菱汽车-五菱荣光V",差,9.17,10.2068,宁波,0.74,<1万,8-10年,燃油,低里程,极端低价,False,无法预测：无适用模型且无相似车辆数据,0.0,,,,,,,False,False,,,,,,,,,False,,lightgbm,False,False,无法预测：无适用模型且无相似车辆数据,0.0,,,,,,,False,False,,,,,,,,,False,
7,curve,True,奔驰/C级/2011款 1.8T 自动 C200时尚型CGI,奔驰,C级,奔驰-C级,中,14.42,10.8959,苏州,1.9,1-3万,>10年,燃油,高里程,中间价,True,,38.8,1.5,0.0387,1.25,1.53,1.32,1.68,False,False,0.3999999999999999,21.052631578947363,brand_series,奔驰-C级,Power(segmented),curve,curve,curve,False,,lightgbm,False,True,,38.8,2.21,0.0568,1.88,2.29,1.98,2.42,True,False,0.31000000000000005,16.315789473684212,brand_series,奔驰-C级,LightGBM,lightgbm,lightgbm,lightgbm,False,
8,curve,True,大众/朗逸/2013款 1.6 自动 豪华版 改款,大众,朗逸,大众-朗逸,中,12.08,10.082,东莞,1.87,1-3万,>10年,燃油,低里程,中间价,True,,14.69,1.4,0.0951,1.15,1.42,1.23,1.57,False,False,0.4700000000000002,25.133689839572206,brand_series,大众-朗逸,Polynomial(segmented),curve,curve,curve,False,,lightgbm,False,True,,14.69,1.39,0.0943,1.14,1.4,1.22,1.56,False,False,0.4800000000000002,25.66844919786097,brand_series,大众-朗逸,LightGBM,lightgbm,lightgbm,lightgbm,False,
9,curve,True,丰田/卡罗拉/2014款 1.6 手动 GL,丰田,卡罗拉,丰田-卡罗拉,中,11.42,9.1633,荆州,1.84,1-3万,>10年,燃油,低里程,中间价,True,,12.48,2.16,0.1733,1.84,2.24,1.94,2.37,True,False,0.32000000000000006,17.39130434782609,brand_series,丰田-卡罗拉,Polynomial(segmented),curve,curve,curve,False,,lightgbm,False,True,,12.48,1.93,0.1548,1.63,1.99,1.7,2.16,True,True,0.08999999999999986,4.891304347826079,brand_series,丰田-卡罗拉,LightGBM,lightgbm,lightgbm,lightgbm,False,
10,curve,True,大众/朗逸/2019款 1.4T 自动 280TSI舒适版 国VI,大众,朗逸,大众-朗逸,中,6.5,9.1262,南京,4.78,3-5万,5-8年,燃油,低里程,中间价,True,,12.29,3.54,0.2879,3.06,3.7,3.2,3.86,False,False,1.2400000000000002,25.94142259414226,brand_series,大众-朗逸,Exponential(segmented),curve,curve,curve,False,,lightgbm,False,True,,12.29,4.38,0.3568,3.81,4.58,3.97,4.78,False,True,0.40000000000000036,8.36820083682009,brand_series,大众-朗逸,LightGBM,lightgbm,lightgbm,lightgbm,False,
11,curve,True,"中升车源
日产/轩逸/2012款 1.6 自动 XE舒适版经典款","中升车源
日产",轩逸,"中升车源
日产-轩逸",中,13.33,11.4383,深圳,1.24,1-3万,>10年,燃油,高里程,中间价,False,无法预测：无适用模型且无相似车辆数据,0.0,,,,,,,False,False,,,,,,,,,False,,lightgbm,False,False,无法预测：无适用模型且无相似车辆数据,0.0,,,,,,,False,False,,,,,,,,,False,
12,curve,True,宝马/3系/2016款 2.0T 自动 320Li进取型,宝马,3系,宝马-3系,中,9.75,16.0374,东莞,5.3,5-10万,8-10年,燃油,高里程,中间价,True,,43.08,5.67,0.1317,4.96,5.91,5.16,6.16,True,True,0.3700000000000001,6.981132075471701,brand_series,宝马-3系,Power(segmented),curve,curve,curve,False,,lightgbm,False,True,,43.08,5.1,0.1185,4.45,5.33,4.64,5.55,True,True,0.20000000000000018,3.7735849056603805,brand_series,宝马-3系,LightGBM,lightgbm,lightgbm,lightgbm,False,
13,curve,True,比亚迪/宋Pro/2019款 1.5T 自动 精英型,比亚迪,宋Pro,比亚迪-宋Pro,中,5.67,7.1094,广州,3.76,3-5万,5-8年,燃油,低里程,中间价,True,,9.98,2.36,0.2367,2.02,2.46,2.13,2.59,False,False,1.4,37.234042553191486,car_type,SUV-紧凑型车-国产,Exponential,curve,curve,curve,False,,lightgbm,False,True,,9.98,2.44,0.2441,2.08,2.53,2.19,2.67,False,False,1.3199999999999998,35.1063829787234,car_type,SUV-紧凑型车-国产,LightGBM,lightgbm,lightgbm,lightgbm,False,
14,curve,True,丰田/雷凌/2022款 TNGA 1.5L CVT精英版,丰田,雷凌,丰田-雷凌,中,3.42,9.4189,长沙,3.65,3-5万,3-5年,燃油,低里程,中间价,True,,13.18,4.64,0.3517,4.04,4.84,4.21,5.05,False,False,0.9899999999999998,27.12328767123287,brand_series,丰田-雷凌,Power(segmented),curve,curve,curve,False,,lightgbm,False,True,,13.18,4.28,0.325,3.72,4.48,3.88,4.67,False,False,0.6300000000000003,17.26027397260275,brand_series,丰田-雷凌,LightGBM,lightgbm,lightgbm,lightgbm,False,
15,curve,True,大众/速腾/2010款 1.4T 自动 豪华型,大众,速腾,大众-速腾,中,15.17,14.609,北京,1.13,1-3万,>10年,燃油,高里程,中间价,True,,14.88,0.77,0.0519,0.6,0.73,0.57,0.97,False,False,0.3599999999999999,31.85840707964601,brand_series,大众-速腾,Polynomial(segmented),curve,curve,curve,False,,lightgbm,False,True,,14.88,0.77,0.0515,0.59,0.73,0.57,0.97,False,False,0.3599999999999999,31.85840707964601,brand_series,大众-速腾,LightGBM,lightgbm,lightgbm,lightgbm,False,
16,curve,True,"中升车源
DS/DS6/2016款 1.6T 自动 豪华版THP160","中升车源
DS",DS6,"中升车源
DS-DS6",中,9.75,12.2493,合肥,2.0,1-3万,8-10年,燃油,高里程,中间价,False,无法预测：无适用模型且无相似车辆数据,0.0,,,,,,,False,False,,,,,,,,,False,,lightgbm,False,False,无法预测：无适用模型且无相似车辆数据,0.0,,,,,,,False,False,,,,,,,,,False,
17,curve,True,"中升车源
雪佛兰/科鲁兹三厢/2018款 1.5 自动 Redline320先锋版","中升车源
雪佛兰",科鲁兹三厢,"中升车源
雪佛兰-科鲁兹三厢",差,6.83,6.5056,淮安,3.0,3-5万,5-8年,燃油,低里程,中间价,False,无法预测：无适用模型且无相似车辆数据,0.0,,,,,,,False,False,,,,,,,,,False,,lightgbm,False,False,无法预测：无适用模型且无相似车辆数据,0.0,,,,,,,False,False,,,,,,,,,False,
18,curve,True,日产/天籁/2013款 2.0 自动 XL舒适版,日产,天籁,日产-天籁,中,11.75,18.2145,南通,2.53,1-3万,>10年,燃油,高里程,中间价,True,,17.78,2.35,0.1323,2.01,2.44,2.12,2.58,False,True,0.17999999999999972,7.114624505928843,brand_series,日产-天籁,Polynomial(segmented),curve,curve,curve,False,,lightgbm,False,True,,17.78,2.11,0.1187,1.79,2.19,1.9,2.31,False,False,0.41999999999999993,16.600790513833992,brand_series,日产-天籁,LightGBM,lightgbm,lightgbm,lightgbm,False,
19,curve,True,大众/宝来三厢/2013款 1.6 自动 时尚型,大众,宝来三厢,大众-宝来三厢,中,12.33,15.3206,张家口,1.52,1-3万,>10年,燃油,高里程,中间价,True,,11.93,1.39,0.1162,1.14,1.4,1.22,1.56,False,True,0.13000000000000012,8.552631578947375,car_type,轿车-紧凑型车-合资,Polynomial,curve,curve,curve,False,,lightgbm,False,True,,11.93,1.4,0.117,1.15,1.41,1.23,1.57,False,True,0.1200000000000001,7.89473684210527,car_type,轿车-紧凑型车-合资,LightGBM,lightgbm,lightgbm,lightgbm,False,
20,curve,True,马自达/马3昂克赛拉三厢/2017款 1.5 自动 豪华型 国VI,马自达,马3昂克赛拉三厢,马自达-马3昂克赛拉三厢,差,6.75,9.8587,成都,4.2,3-5万,5-8年,燃油,低里程,中间价,True,,19.98,5.37,0.2686,4.09,4.87,4.26,5.07,True,False,1.17,27.857142857142854,car_type,SUV-紧凑型车-合资,Polynomial,curve,curve,curve,False,,lightgbm,False,True,,19.98,4.96,0.248,3.77,4.49,3.92,4.68,True,True,0.7599999999999998,18.095238095238088,car_type,SUV-紧凑型车-合资,LightGBM,lightgbm,lightgbm,lightgbm,False,
21,curve,True,长安/锐程CC/2021款 1.5T 自动 蓝鲸版尊贵型,长安,锐程CC,长安-锐程CC,差,5.0,5.901,合肥,3.74,3-5万,5-8年,燃油,低里程,中间价,True,,11.39,3.01,0.2646,2.24,2.71,2.35,2.83,False,False,0.7300000000000004,19.51871657754012,car_type,SUV-紧凑型车-国产,Exponential,curve,curve,curve,False,,lightgbm,False,True,,11.39,3.65,0.3208,2.74,3.3,2.86,3.44,False,False,0.0900000000000003,2.406417112299473,car_type,SUV-紧凑型车-国产,LightGBM,lightgbm,lightgbm,lightgbm,False,
22,curve,True,别克/昂科拉/2014款 1.4T 自动 都市精英型前驱,别克,昂科拉,别克-昂科拉,中,12.08,15.7887,南通,1.08,1-3万,>10年,燃油,高里程,中间价,True,,15.99,0.99,0.0617,0.79,0.97,0.79,1.19,False,True,0.09000000000000008,8.33333333333334,brand_series,别克-昂科拉,Power(segmented),curve,curve,curve,False,,lightgbm,False,True,,15.99,0.83,0.0519,0.65,0.8,0.63,1.03,False,False,0.2500000000000001,23.148148148148156,brand_series,别克-昂科拉,LightGBM,lightgbm,lightgbm,lightgbm,False,
23,curve,True,奔腾/B50/2016款 1.6 手动 豪华型,奔腾,B50,奔腾-B50,中,9.17,6.3885,杭州,0.8,<1万,8-10年,燃油,低里程,极端低价,True,,8.58,0.61,0.071,0.45,0.55,0.41,0.81,False,True,0.19000000000000006,23.750000000000007,brand_series,奔腾-B50,Power(segmented),curve,curve,curve,False,,lightgbm,False,True,,8.58,0.76,0.0881,0.58,0.72,0.56,0.96,False,True,0.040000000000000036,5.000000000000004,brand_series,奔腾-B50,LightGBM,lightgbm,lightgbm,lightgbm,False,
24,curve,True,奥迪/Q5/2011款 2.0T 自动 TFSI舒适型,奥迪,Q5,奥迪-Q5,优,14.17,16.0815,西双版纳,2.5,1-3万,>10年,燃油,高里程,中间价,True,,47.58,2.8,0.0589,2.81,3.07,2.84,3.28,False,False,0.2999999999999998,11.999999999999993,brand_series,奥迪-Q5,Polynomial(segmented),curve,curve,curve,False,,lightgbm,False,True,,47.58,2.76,0.058,2.76,3.03,2.79,3.23,False,False,0.2599999999999998,10.399999999999991,brand_series,奥迪-Q5,LightGBM,lightgbm,lightgbm,lightgbm,False,
25,curve,True,"中升车源
东风风光/风光500/2021款 1.5L 自动 优享型","中升车源
东风风光",风光500,"中升车源
东风风光-风光500",优,4.75,4.0597,沈阳,2.16,1-3万,3-5年,燃油,低里程,中间价,False,无法预测：无适用模型且无相似车辆数据,0.0,,,,,,,False,False,,,,,,,,,False,,lightgbm,False,False,无法预测：无适用模型且无相似车辆数据,0.0,,,,,,,False,False,,,,,,,,,False,
26,curve,True,哈弗/哈弗H6/2015款 1.5T 手动 运动版精英型前驱 改款,哈弗,哈弗H6,哈弗-哈弗H6,差,10.08,15.7781,信阳,0.96,<1万,>10年,燃油,高里程,极端低价,True,,14.08,1.47,0.1046,1.05,1.28,1.11,1.47,False,False,0.51,53.125,car_type,SUV-紧凑型车-国产,Exponential,curve,curve,curve,False,,lightgbm,False,True,,14.08,0.77,0.0544,0.5,0.62,0.47,0.87,False,False,0.18999999999999995,19.791666666666664,car_type,SUV-紧凑型车-国产,LightGBM,lightgbm,lightgbm,lightgbm,False,
27,curve,True,"中升车源
北汽幻速/H3/2015款 1.5 手动 豪华型","中升车源
北汽幻速",H3,"中升车源
北汽幻速-H3",优,10.08,13.9426,深圳,0.47,<1万,>10年,燃油,高里程,极端低价,False,无法预测：无适用模型且无相似车辆数据,0.0,,,,,,,False,False,,,,,,,,,False,,lightgbm,False,False,无法预测：无适用模型且无相似车辆数据,0.0,,,,,,,False,False,,,,,,,,,False,
28,curve,True,丰田/卡罗拉/2013款 1.6 自动 GL至酷特装版,丰田,卡罗拉,丰田-卡罗拉,优,12.58,12.3499,沈阳,2.5,1-3万,>10年,燃油,高里程,中间价,True,,14.08,1.97,0.1402,1.95,2.15,1.92,2.4,False,False,0.53,21.200000000000003,brand_series,丰田-卡罗拉,Polynomial(segmented),curve,curve,curve,False,,lightgbm,False,True,,14.08,1.93,0.1372,1.91,2.1,1.88,2.34,False,False,0.5700000000000001,22.800000000000004,brand_series,丰田-卡罗拉,LightGBM,lightgbm,lightgbm,lightgbm,False,
29,curve,True,宝马/3系/2017款 2.0T 自动 320Li时尚型,宝马,3系,宝马-3系,优,8.58,17.7801,苏州,6.47,5-10万,8-10年,燃油,高里程,中间价,True,,34.99,6.38,0.1825,6.42,6.97,6.69,7.26,True,False,0.08999999999999986,1.391035548686242,brand_series,宝马-3系,Power(segmented),curve,curve,curve,False,,lightgbm,False,True,,34.99,6.65,0.19,6.68,7.25,6.96,7.55,False,False,0.1800000000000006,2.782071097372498,brand_series,宝马-3系,LightGBM,lightgbm,lightgbm,lightgbm,False,
30,curve,True,"中升车源
日产/轩逸/2022款 1.6L 自动 XL悦享版","中升车源
日产",轩逸,"中升车源
日产-轩逸",中,3.33,7.1394,广州,6.1,5-10万,3-5年,燃油,低里程,中间价,False,无法预测：无适用模型且无相似车辆数据,0.0,,,,,,,False,False,,,,,,,,,False,,lightgbm,False,False,无法预测：无适用模型且无相似车辆数据,0.0,,,,,,,False,False,,,,,,,,,False,
31,curve,True,"中升车源
大众/朗逸/2013款 1.6 手动 经典舒适版 改款","中升车源
大众",朗逸,"中升车源
大众-朗逸",中,11.08,14.279,武汉,1.49,1-3万,>10年,燃油,高里程,中间价,False,无法预测：无适用模型且无相似车辆数据,0.0,,,,,,,False,False,,,,,,,,,False,,lightgbm,False,False,无法预测：无适用模型且无相似车辆数据,0.0,,,,,,,False,False,,,,,,,,,False,
32,curve,True,长安/UNI-T/2022款 1.5T 自动 旗舰型,长安,UNI-T,长安-UNI-T,优,3.83,3.563,武汉,6.4,5-10万,3-5年,燃油,低里程,中间价,True,,12.99,4.15,0.3193,4.17,4.56,4.35,4.75,False,False,2.25,35.15625,car_type,SUV-紧凑型车-国产,Exponential,curve,curve,curve,False,,lightgbm,False,True,,12.99,5.13,0.3953,5.17,5.63,5.38,5.86,False,False,1.2700000000000005,19.843750000000007,car_type,SUV-紧凑型车-国产,LightGBM,lightgbm,lightgbm,lightgbm,False,
33,curve,True,别克/君越/2013款 2.4 自动 领先舒适型,别克,君越,别克-君越,差,10.0,9.2278,北京,2.67,1-3万,>10年,燃油,低里程,中间价,True,,23.59,2.46,0.1043,1.81,2.19,1.91,2.36,False,False,0.20999999999999996,7.8651685393258415,brand_series,别克-君越,Polynomial(segmented),curve,curve,curve,False,,lightgbm,False,True,,23.59,2.74,0.116,2.03,2.45,2.13,2.63,False,False,0.07000000000000028,2.621722846441958,brand_series,别克-君越,LightGBM,lightgbm,lightgbm,lightgbm,False,
34,curve,True,"中升车源
大众/高尔夫/2011款 1.6 自动 舒适型","中升车源
大众",高尔夫,"中升车源
大众-高尔夫",差,15.0,11.6341,天津,1.4,1-3万,>10年,燃油,高里程,中间价,False,无法预测：无适用模型且无相似车辆数据,0.0,,,,,,,False,False,,,,,,,,,False,,lightgbm,False,False,无法预测：无适用模型且无相似车辆数据,0.0,,,,,,,False,False,,,,,,,,,False,
35,curve,True,别克/英朗三厢/2015款 1.5 手动 15N精英型,别克,英朗三厢,别克-英朗三厢,差,10.83,9.5485,南京,1.23,1-3万,>10年,燃油,低里程,中间价,True,,11.69,1.61,0.1373,1.15,1.4,1.21,1.59,True,True,0.3800000000000001,30.894308943089438,car_type,轿车-紧凑型车-合资,Polynomial,curve,curve,curve,False,,lightgbm,False,True,,11.69,1.41,0.1203,1.0,1.22,1.06,1.4,False,True,0.17999999999999994,14.634146341463412,car_type,轿车-紧凑型车-合资,LightGBM,lightgbm,lightgbm,lightgbm,False,
36,curve,True,哈弗/哈弗H2/2015款 1.5T 自动 精英型前驱,哈弗,哈弗H2,哈弗-哈弗H2,差,10.25,4.8022,海口,1.38,1-3万,>10年,燃油,低里程,中间价,True,,14.58,1.48,0.1016,1.06,1.29,1.11,1.47,False,True,0.10000000000000009,7.24637681159421,car_type,SUV-紧凑型车-国产,Exponential,curve,curve,curve,False,,lightgbm,False,True,,14.58,1.05,0.072,0.72,0.88,0.77,1.07,False,False,0.32999999999999985,23.91304347826086,car_type,SUV-紧凑型车-国产,LightGBM,lightgbm,lightgbm,lightgbm,False,
37,curve,True,标致/308/2018款 1.6 自动 豪华版,标致,308,标致-308,中,7.33,8.7062,苏州,2.63,1-3万,5-8年,燃油,低里程,中间价,True,,11.57,2.0,0.1724,1.69,2.06,1.75,2.23,False,False,0.6299999999999999,23.95437262357414,brand_series,标致-308,Exponential(segmented),curve,curve,curve,False,,lightgbm,False,True,,11.57,2.15,0.186,1.83,2.23,1.93,2.36,False,False,0.48,18.250950570342205,brand_series,标致-308,LightGBM,lightgbm,lightgbm,lightgbm,False,
38,curve,True,比亚迪/宋PLUS新能源/2025款 DM-i 智驾版 1.5L 自动 112KM 尊贵型,比亚迪,宋PLUS新能源,比亚迪-宋PLUS新能源,优,0.5,0.4523,宿迁,8.68,5-10万,0-3年,新能源,低里程,中间价,True,,17.58,9.47,0.5388,9.52,10.27,9.9,10.69,False,False,0.7900000000000009,9.101382488479274,car_type,SUV-紧凑型车-国产,Exponential,curve,curve,curve,False,,lightgbm,False,True,,17.58,9.63,0.5476,9.67,10.44,10.06,10.86,False,False,0.9500000000000011,10.944700460829505,car_type,SUV-紧凑型车-国产,LightGBM,lightgbm,lightgbm,lightgbm,False,
39,curve,True,"中升车源
大众/速腾/2015款 1.6 手动 舒适型","中升车源
大众",速腾,"中升车源
大众-速腾",中,10.0,12.8752,天津,2.66,1-3万,>10年,燃油,高里程,中间价,False,无法预测：无适用模型且无相似车辆数据,0.0,,,,,,,False,False,,,,,,,,,False,,lightgbm,False,False,无法预测：无适用模型且无相似车辆数据,0.0,,,,,,,False,False,,,,,,,,,False,
40,curve,True,现代/瑞纳三厢/2017款 1.4L 手动 焕新版 国V,现代,瑞纳三厢,现代-瑞纳三厢,差,7.0,4.3145,保定,2.8,1-3万,5-8年,燃油,低里程,中间价,True,,4.99,1.64,0.3282,1.18,1.43,1.23,1.63,False,False,1.16,41.42857142857142,car_type,轿车-小型车-合资,Polynomial,curve,curve,curve,False,,lightgbm,False,True,,4.99,1.63,0.3267,1.17,1.42,1.23,1.63,False,False,1.17,41.785714285714285,car_type,轿车-小型车-合资,LightGBM,lightgbm,lightgbm,lightgbm,False,
41,curve,True,广汽传祺/传祺GS3/2021款 1.5T 自动 POWER 270T劲享版,广汽传祺,传祺GS3,广汽传祺-传祺GS3,中,5.0,13.5452,南京,2.13,1-3万,5-8年,燃油,高里程,中间价,False,无法预测：无适用模型且无相似车辆数据,0.0,,,,,,,False,False,,,,,,,,,False,,lightgbm,False,False,无法预测：无适用模型且无相似车辆数据,0.0,,,,,,,False,False,,,,,,,,,False,
42,curve,True,名爵/MG ZS/2020款 1.5 手动 全球百万畅销款舒适版,名爵,MG ZS,名爵-MG ZS,优,6.33,7.5491,郑州,1.8,1-3万,5-8年,燃油,低里程,中间价,True,,13.98,3.27,0.2336,3.28,3.59,3.43,3.75,False,False,1.47,81.66666666666667,car_type,轿车-紧凑型车-国产,Exponential,curve,curve,curve,False,,lightgbm,False,True,,13.98,2.99,0.2141,3.0,3.29,3.02,3.5,False,False,1.1900000000000002,66.11111111111111,car_type,轿车-紧凑型车-国产,LightGBM,lightgbm,lightgbm,lightgbm,False,
43,curve,True,"中升车源
丰田/RAV4荣放/2023款 2.0L 自动 CVT两驱风尚plus版","中升车源
丰田",RAV4荣放,"中升车源
丰田-RAV4荣放",中,1.42,1.3542,上海,12.52,10-20万,0-3年,燃油,低里程,极端高价,False,无法预测：无适用模型且无相似车辆数据,0.0,,,,,,,False,False,,,,,,,,,False,,lightgbm,False,False,无法预测：无适用模型且无相似车辆数据,0.0,,,,,,,False,False,,,,,,,,,False,
44,curve,True,哈弗/哈弗H2/2014款 1.5T 手动 精英型前驱,哈弗,哈弗H2,哈弗-哈弗H2,中,11.08,9.2005,北京,1.03,1-3万,>10年,燃油,低里程,中间价,True,,13.68,1.22,0.0889,0.99,1.22,1.07,1.37,True,False,0.18999999999999995,18.446601941747566,car_type,SUV-紧凑型车-国产,Exponential,curve,curve,curve,False,,lightgbm,False,True,,13.68,1.04,0.0764,0.84,1.03,0.9,1.2,True,True,0.010000000000000009,0.9708737864077678,car_type,SUV-紧凑型车-国产,LightGBM,lightgbm,lightgbm,lightgbm,False,
45,curve,True,奔驰/GLC级/2020款 2.0T 自动 GLC300L 4MATIC豪华型,奔驰,GLC级,奔驰-GLC级,中,6.0,6.5424,上海,15.72,10-20万,5-8年,燃油,低里程,极端高价,True,,42.28,16.61,0.393,15.21,17.49,15.45,17.75,True,True,0.8899999999999988,5.661577608142486,brand_series,奔驰-GLC级,Exponential(segmented),curve,curve,curve,False,,lightgbm,False,True,,42.28,17.13,0.4051,15.74,18.09,15.93,18.29,False,False,1.4099999999999984,8.96946564885495,brand_series,奔驰-GLC级,LightGBM,lightgbm,lightgbm,lightgbm,False,
46,curve,True,大众/途观L/2017款 1.8T 自动 330TSI豪华版前驱,大众,途观L,大众-途观L,中,8.5,12.0548,石家庄,6.0,5-10万,8-10年,燃油,高里程,中间价,True,,23.49,5.19,0.2208,4.53,5.41,4.71,5.64,False,False,0.8099999999999996,13.499999999999993,car_type,轿车-中型车-合资,Polynomial,curve,curve,curve,False,,lightgbm,False,True,,23.49,4.96,0.211,4.32,5.18,4.5,5.39,False,False,1.04,17.333333333333336,car_type,轿车-中型车-合资,LightGBM,lightgbm,lightgbm,lightgbm,False,
47,curve,True,丰田/奕泽E进擎/2020款 E·智享版 纯电动,丰田,奕泽E进擎,丰田-奕泽E进擎,中,4.92,12.9198,杭州,5.08,5-10万,3-5年,新能源,高里程,中间价,True,,20.38,7.97,0.3911,7.01,8.27,7.3,8.61,False,False,2.8899999999999997,56.88976377952755,car_type,SUV-紧凑型车-合资,Polynomial,curve,curve,curve,False,,lightgbm,False,True,,20.38,6.13,0.3009,5.37,6.39,5.59,6.65,False,False,1.0499999999999998,20.669291338582674,car_type,SUV-紧凑型车-合资,LightGBM,lightgbm,lightgbm,lightgbm,False,
48,curve,True,"中升车源
别克/凯越/2015款 1.5 自动 经典型","中升车源
别克",凯越,"中升车源
别克-凯越",优,10.0,6.8741,深圳,0.7,<1万,>10年,燃油,低里程,极端低价,False,无法预测：无适用模型且无相似车辆数据,0.0,,,,,,,False,False,,,,,,,,,False,,lightgbm,False,False,无法预测：无适用模型且无相似车辆数据,0.0,,,,,,,False,False,,,,,,,,,False,
49,curve,True,本田/雅阁/2018款 1.5T 自动 260TURBO精英版 国VI,本田,雅阁,本田-雅阁,中,6.5,18.758,济南,7.24,5-10万,5-8年,燃油,高里程,中间价,True,,18.98,7.46,0.393,6.56,7.74,6.83,8.06,True,True,0.21999999999999975,3.0386740331491677,brand_series,本田-雅阁,Exponential(segmented),curve,curve,curve,False,,lightgbm,False,True,,18.98,7.46,0.3932,6.56,7.75,6.83,8.07,True,True,0.21999999999999975,3.0386740331491677,brand_series,本田-雅阁,LightGBM,lightgbm,lightgbm,lightgbm,False,
50,curve,True,本田/思域/2019款 1.5T 自动 220TURBO劲擎版 国VI,本田,思域,本田-思域,中,6.25,10.2353,金华,4.3,3-5万,5-8年,燃油,低里程,中间价,True,,15.59,5.75,0.3687,5.03,5.99,5.23,6.24,False,False,1.4500000000000002,33.720930232558146,brand_series,本田-思域,Exponential(segmented),curve,curve,curve,False,,lightgbm,False,True,,15.59,5.98,0.3833,5.23,6.23,5.44,6.48,False,False,1.6800000000000006,39.06976744186048,brand_series,本田-思域,LightGBM,lightgbm,lightgbm,lightgbm,False,
51,curve,True,"中升车源
本田/缤智/2017款 1.8 自动 精英型前驱","中升车源
本田",缤智,"中升车源
本田-缤智",中,7.58,9.6133,深圳,4.6,3-5万,5-8年,燃油,低里程,中间价,False,无法预测：无适用模型且无相似车辆数据,0.0,,,,,,,False,False,,,,,,,,,False,,lightgbm,False,False,无法预测：无适用模型且无相似车辆数据,0.0,,,,,,,False,False,,,,,,,,,False,
52,curve,True,"中升车源
本田/思域/2016款 1.5T 自动 220TURBO豪华版","中升车源
本田",思域,"中升车源
本田-思域",中,9.33,10.2463,温州,4.39,3-5万,8-10年,燃油,低里程,中间价,False,无法预测：无适用模型且无相似车辆数据,0.0,,,,,,,False,False,,,,,,,,,False,,lightgbm,False,False,无法预测：无适用模型且无相似车辆数据,0.0,,,,,,,False,False,,,,,,,,,False,
53,curve,True,大众/宝来三厢/2014款 1.4T 自动 舒适型,大众,宝来三厢,大众-宝来三厢,中,10.83,8.5353,深圳,1.79,1-3万,>10年,燃油,低里程,中间价,True,,15.49,2.35,0.1518,2.01,2.44,2.12,2.58,False,False,0.56,31.28491620111732,car_type,轿车-紧凑型车-合资,Polynomial,curve,curve,curve,False,,lightgbm,False,True,,15.49,2.11,0.1362,1.79,2.19,1.9,2.31,True,False,0.31999999999999984,17.877094972067027,car_type,轿车-紧凑型车-合资,LightGBM,lightgbm,lightgbm,lightgbm,False,
54,curve,True,大众/朗逸/2008款 1.6 手动 品雅版,大众,朗逸,大众-朗逸,中,15.83,13.2748,天津,0.69,<1万,>10年,燃油,高里程,极端低价,True,,12.28,0.43,0.0351,0.29,0.36,0.23,0.63,False,False,0.25999999999999995,37.68115942028985,brand_series,大众-朗逸,Polynomial(segmented),curve,curve,curve,False,,lightgbm,False,True,,12.28,0.66,0.0534,0.49,0.61,0.46,0.86,False,True,0.029999999999999916,4.34782608695651,brand_series,大众-朗逸,LightGBM,lightgbm,lightgbm,lightgbm,False,
55,curve,True,雪佛兰/赛欧三厢/2013款 1.2 手动 时尚版,雪佛兰,赛欧三厢,雪佛兰-赛欧三厢,差,12.42,13.6465,天津,0.53,<1万,>10年,燃油,高里程,极端低价,True,,5.94,0.55,0.0928,0.34,0.41,0.28,0.68,False,True,0.020000000000000018,3.7735849056603805,car_type,轿车-小型车-合资,Polynomial,curve,curve,curve,False,,lightgbm,False,True,,5.94,0.53,0.0896,0.32,0.4,0.26,0.66,False,True,0.0,0.0,car_type,轿车-小型车-合资,LightGBM,lightgbm,lightgbm,lightgbm,False,
56,curve,True,大众/高尔夫/2012款 1.6 手动 舒适型,大众,高尔夫,大众-高尔夫,优,12.58,9.6233,苏州,1.98,1-3万,>10年,燃油,低里程,中间价,True,,12.68,1.74,0.1375,1.72,1.88,1.7,2.12,False,True,0.24,12.121212121212121,brand_series,大众-高尔夫,Exponential(segmented),curve,curve,curve,False,,lightgbm,False,True,,12.68,1.16,0.0911,1.1,1.21,1.12,1.42,False,False,0.8200000000000001,41.41414141414142,brand_series,大众-高尔夫,LightGBM,lightgbm,lightgbm,lightgbm,False,
57,curve,True,"中升车源
东风风行/菱智/2015款 1.6 手动 M3豪华型7座","中升车源
东风风行",菱智,"中升车源
东风风行-菱智",差,11.25,9.4586,惠州,0.37,<1万,>10年,燃油,低里程,极端低价,False,无法预测：无适用模型且无相似车辆数据,0.0,,,,,,,False,False,,,,,,,,,False,,lightgbm,False,False,无法预测：无适用模型且无相似车辆数据,0.0,,,,,,,False,False,,,,,,,,,False,
58,curve,True,"中升车源
丰田/凯美瑞/2009款 2.4 自动 240G豪华型","中升车源
丰田",凯美瑞,"中升车源
丰田-凯美瑞",中,16.5,18.7634,深圳,1.96,1-3万,>10年,燃油,高里程,中间价,False,无法预测：无适用模型且无相似车辆数据,0.0,,,,,,,False,False,,,,,,,,,False,,lightgbm,False,False,无法预测：无适用模型且无相似车辆数据,0.0,,,,,,,False,False,,,,,,,,,False,
59,curve,True,比亚迪/宋PLUS新能源/2025款 DM-i 智驾版 1.5L 自动 112KM 尊贵型,比亚迪,宋PLUS新能源,比亚迪-宋PLUS新能源,优,0.17,0.0443,秦皇岛,9.35,5-10万,0-3年,新能源,低里程,中间价,True,,17.58,10.01,0.5692,10.06,10.85,10.46,11.28,False,False,0.6600000000000001,7.058823529411766,car_type,SUV-紧凑型车-国产,Exponential,curve,curve,curve,False,,lightgbm,False,True,,17.58,9.66,0.5494,9.71,10.47,10.09,10.89,False,False,0.3100000000000005,3.31550802139038,car_type,SUV-紧凑型车-国产,LightGBM,lightgbm,lightgbm,lightgbm,False,
60,curve,True,名爵/MG6新能源/2019款 1.5T 自动 50T Pro 混动,名爵,MG6新能源,名爵-MG6新能源,中,6.08,6.9629,上海,2.84,1-3万,5-8年,新能源,低里程,中间价,True,,13.98,3.48,0.2491,3.01,3.64,3.15,3.8,False,False,0.6400000000000001,22.53521126760564,car_type,轿车-紧凑型车-国产,Exponential,curve,curve,curve,False,,lightgbm,False,True,,13.98,3.0,0.2143,2.58,3.13,2.7,3.28,True,True,0.16000000000000014,5.633802816901413,car_type,轿车-紧凑型车-国产,LightGBM,lightgbm,lightgbm,lightgbm,False,
61,curve,True,哪吒汽车/哪吒V/2022款 潮 300 Lite 磷酸铁锂,哪吒汽车,哪吒V,哪吒汽车-哪吒V,中,3.5,7.7969,金华,2.61,1-3万,3-5年,燃油,低里程,中间价,False,无法预测：无适用模型且无相似车辆数据,0.0,,,,,,,False,False,,,,,,,,,False,,lightgbm,False,False,无法预测：无适用模型且无相似车辆数据,0.0,,,,,,,False,False,,,,,,,,,False,
62,curve,True,丰田/雷凌/2019款 1.2T 自动 185T豪华版 国VI,丰田,雷凌,丰田-雷凌,中,6.42,2.3143,广州,4.7,3-5万,5-8年,燃油,低里程,中间价,True,,13.98,4.2,0.3004,3.65,4.39,3.8,4.58,False,False,0.5,10.638297872340425,brand_series,丰田-雷凌,Power(segmented),curve,curve,curve,False,,lightgbm,False,True,,13.98,4.07,0.2914,3.54,4.26,3.69,4.44,False,False,0.6299999999999999,13.404255319148934,brand_series,丰田-雷凌,LightGBM,lightgbm,lightgbm,lightgbm,False,
63,curve,True,奥迪/A4L/2013款 2.0T 自动 35TFSI标准型,奥迪,A4L,奥迪-A4L,差,12.33,12.3721,长春,3.02,3-5万,>10年,燃油,高里程,中间价,True,,32.99,3.52,0.1066,2.64,3.17,2.75,3.31,True,True,0.5,16.55629139072848,car_type,轿车-中型车-合资,Polynomial,curve,curve,curve,False,,lightgbm,False,True,,32.99,3.16,0.0958,2.36,2.84,2.47,2.97,False,False,0.14000000000000012,4.635761589403978,car_type,轿车-中型车-合资,LightGBM,lightgbm,lightgbm,lightgbm,False,
64,curve,True,"中升车源
哈弗/哈弗H6/2019款 1.5T 自动 运动版精英型前驱 国VI","中升车源
哈弗",哈弗H6,"中升车源
哈弗-哈弗H6",中,5.83,6.236,遵义,3.0,3-5万,5-8年,燃油,低里程,中间价,False,无法预测：无适用模型且无相似车辆数据,0.0,,,,,,,False,False,,,,,,,,,False,,lightgbm,False,False,无法预测：无适用模型且无相似车辆数据,0.0,,,,,,,False,False,,,,,,,,,False,
65,curve,True,"中升车源
长安/逸动/2020款 1.6 自动 PLUS豪华型","中升车源
长安",逸动,"中升车源
长安-逸动",中,5.75,6.9374,南京,2.16,1-3万,5-8年,燃油,低里程,中间价,False,无法预测：无适用模型且无相似车辆数据,0.0,,,,,,,False,False,,,,,,,,,False,,lightgbm,False,False,无法预测：无适用模型且无相似车辆数据,0.0,,,,,,,False,False,,,,,,,,,False,
66,curve,True,宝马/3系/2012款 2.0 自动 320i时尚型,宝马,3系,宝马-3系,中,14.0,13.4401,金华,1.3,1-3万,>10年,燃油,高里程,中间价,True,,28.2,1.62,0.0573,1.35,1.65,1.43,1.81,False,False,0.32000000000000006,24.61538461538462,brand_series,宝马-3系,Polynomial(segmented),curve,curve,curve,False,,lightgbm,False,True,,28.2,1.67,0.0594,1.4,1.72,1.47,1.87,False,False,0.3699999999999999,28.46153846153845,brand_series,宝马-3系,LightGBM,lightgbm,lightgbm,lightgbm,False,
67,curve,True,吉利汽车/帝豪三厢/2015款 1.3T 自动 向上版,吉利汽车,帝豪三厢,吉利汽车-帝豪三厢,差,10.08,16.7084,惠州,0.48,<1万,>10年,燃油,高里程,极端低价,False,无法预测：无适用模型且无相似车辆数据,0.0,,,,,,,False,False,,,,,,,,,False,,lightgbm,False,False,无法预测：无适用模型且无相似车辆数据,0.0,,,,,,,False,False,,,,,,,,,False,
68,curve,True,"中升车源
比亚迪/S7/2015款 2.0T 自动 升级版尊贵型","中升车源
比亚迪",S7,"中升车源
比亚迪-S7",差,10.08,3.4242,徐州,1.32,1-3万,>10年,燃油,低里程,中间价,False,无法预测：无适用模型且无相似车辆数据,0.0,,,,,,,False,False,,,,,,,,,False,,lightgbm,False,False,无法预测：无适用模型且无相似车辆数据,0.0,,,,,,,False,False,,,,,,,,,False,
69,curve,True,长城/金刚炮/2024款 2.0T自动8AT柴油四驱领航型平箱,长城,金刚炮,长城-金刚炮,中,1.83,1.6166,荆门,8.22,5-10万,0-3年,燃油,低里程,中间价,True,,6.89,2.87,0.417,2.47,3.0,2.59,3.14,False,False,5.3500000000000005,65.08515815085158,car_type,轿车-紧凑型车-国产,Exponential,curve,curve,curve,False,,lightgbm,False,True,,6.89,3.8,0.5516,3.3,3.97,3.44,4.15,False,False,4.420000000000001,53.771289537712896,car_type,轿车-紧凑型车-国产,LightGBM,lightgbm,lightgbm,lightgbm,False,
70,curve,True,大众/帕萨特/2011款 1.8T 自动 DSG尊荣版,大众,帕萨特,大众-帕萨特,优,13.42,15.1399,北京,0.52,<1万,>10年,燃油,高里程,极端低价,True,,21.58,1.67,0.0774,1.64,1.8,1.63,2.03,False,False,1.15,221.15384615384613,brand_series,大众-帕萨特,Polynomial(segmented),curve,curve,curve,False,,lightgbm,False,True,,21.58,1.82,0.0843,1.79,1.97,1.77,2.21,False,False,1.3,250.0,brand_series,大众-帕萨特,LightGBM,lightgbm,lightgbm,lightgbm,False,
71,curve,True,丰田/汉兰达/2017款 2.0T 自动 豪华版7座四驱,丰田,汉兰达,丰田-汉兰达,差,8.0,13.4561,长春,10.36,10-20万,8-10年,燃油,高里程,极端高价,True,,29.78,9.44,0.317,7.38,8.64,7.68,8.98,False,False,0.9199999999999999,8.880308880308881,brand_series,丰田-汉兰达,Polynomial(segmented),curve,curve,curve,False,,lightgbm,False,True,,29.78,10.07,0.3381,7.9,9.23,8.22,9.59,False,False,0.28999999999999915,2.799227799227791,brand_series,丰田-汉兰达,LightGBM,lightgbm,lightgbm,lightgbm,False,
72,curve,True,奔驰/M级/2015款 3.0T 自动 400豪华型 (进口),奔驰,M级,奔驰-M级,中,10.67,17.5335,惠州,8.47,5-10万,>10年,燃油,高里程,中间价,True,,59.8,6.97,0.1166,6.12,7.25,6.37,7.55,False,False,1.5000000000000009,17.709563164108626,car_type,轿车-中大型车-合资,Polynomial,curve,curve,curve,False,,lightgbm,False,True,,59.8,4.42,0.0739,3.85,4.62,4.01,4.81,False,False,4.050000000000001,47.815820543093274,car_type,轿车-中大型车-合资,LightGBM,lightgbm,lightgbm,lightgbm,False,
73,curve,True,大众/捷达/2012款 1.6 手动 GIF前卫,大众,捷达,大众-捷达,中,13.08,9.4362,呼和浩特,0.35,<1万,>10年,燃油,低里程,极端低价,True,,8.08,0.6,0.0741,0.44,0.54,0.4,0.8,False,False,0.25,71.42857142857143,brand_series,大众-捷达,Polynomial(segmented),curve,curve,curve,False,,lightgbm,False,True,,8.08,0.64,0.0788,0.47,0.58,0.44,0.84,False,False,0.29000000000000004,82.85714285714288,brand_series,大众-捷达,LightGBM,lightgbm,lightgbm,lightgbm,False,
74,curve,True,长城/C50/2014款 1.5T 手动 升级版时尚型,长城,C50,长城-C50,差,11.17,19.469,宁波,0.39,<1万,>10年,燃油,高里程,极端低价,True,,6.49,1.0,0.1537,0.68,0.83,0.67,1.07,False,False,0.61,156.4102564102564,car_type,SUV-小型车-国产,Polynomial,curve,curve,curve,False,,lightgbm,False,True,,6.49,0.88,0.1361,0.59,0.73,0.57,0.97,False,False,0.49,125.64102564102564,car_type,SUV-小型车-国产,LightGBM,lightgbm,lightgbm,lightgbm,False,
75,curve,True,本田/杰德/2014款 1.8 自动 舒适精英版5座,本田,杰德,本田-杰德,中,10.5,15.796,深圳,3.09,3-5万,>10年,燃油,高里程,中间价,True,,15.78,3.57,0.2262,3.09,3.73,3.23,3.9,True,False,0.48,15.533980582524274,brand_series,本田-杰德,Polynomial(segmented),curve,curve,curve,False,,lightgbm,False,True,,15.78,3.55,0.2249,3.07,3.71,3.21,3.87,True,False,0.45999999999999996,14.886731391585762,brand_series,本田-杰德,LightGBM,lightgbm,lightgbm,lightgbm,False,
76,curve,True,日产/楼兰/2021款 2.5L 自动 XE 两驱精英版,日产,楼兰,日产-楼兰,优,2.75,6.7778,湛江,8.5,5-10万,0-3年,燃油,低里程,中间价,True,,27.13,12.69,0.4677,12.82,13.77,13.24,14.23,False,False,4.1899999999999995,49.29411764705882,car_type,SUV-中型车-合资,Polynomial,curve,curve,curve,False,,lightgbm,False,True,,27.13,11.48,0.4232,11.56,12.44,11.99,12.9,False,False,2.9800000000000004,35.05882352941177,car_type,SUV-中型车-合资,LightGBM,lightgbm,lightgbm,lightgbm,False,
77,curve,True,别克/英朗三厢/2019款 1.3T 自动 18T互联精英型 国VI,别克,英朗三厢,别克-英朗三厢,中,7.0,11.1779,上海,2.15,1-3万,5-8年,燃油,高里程,中间价,True,,13.69,3.37,0.2463,2.92,3.53,3.05,3.68,False,False,1.2200000000000002,56.744186046511636,car_type,轿车-紧凑型车-合资,Polynomial,curve,curve,curve,False,,lightgbm,False,True,,13.69,3.25,0.2373,2.81,3.4,2.93,3.55,False,False,1.1,51.162790697674424,car_type,轿车-紧凑型车-合资,LightGBM,lightgbm,lightgbm,lightgbm,False,
78,curve,True,"中升车源
本田/雅阁/2008款 2.0 自动 EX","中升车源
本田",雅阁,"中升车源
本田-雅阁",中,17.17,11.0284,杭州,1.65,1-3万,>10年,燃油,高里程,中间价,False,无法预测：无适用模型且无相似车辆数据,0.0,,,,,,,False,False,,,,,,,,,False,,lightgbm,False,False,无法预测：无适用模型且无相似车辆数据,0.0,,,,,,,False,False,,,,,,,,,False,
79,curve,True,奔驰/S级/2016款 3.0T 自动 S320L豪华型 (进口),奔驰,S级,奔驰-S级,优,9.5,16.2039,盐城,25.6,>20万,8-10年,燃油,高里程,极端高价,True,,48.6,7.76,0.1597,7.8,8.44,8.12,8.79,False,False,17.840000000000003,69.68750000000001,car_type,SUV-中型车-合资,Polynomial,curve,curve,curve,False,,lightgbm,False,True,,48.6,5.8,0.1193,5.83,6.34,6.07,6.6,False,False,19.8,77.34375,car_type,SUV-中型车-合资,LightGBM,lightgbm,lightgbm,lightgbm,False,
80,curve,True,大众/迈腾/2016款 1.8T 自动 智享舒适型,大众,迈腾,大众-迈腾,中,9.83,10.9125,盐城,4.4,3-5万,8-10年,燃油,高里程,中间价,True,,21.28,4.0,0.188,3.47,4.18,3.62,4.36,False,False,0.40000000000000036,9.090909090909099,brand_series,大众-迈腾,Exponential(segmented),curve,curve,curve,False,,lightgbm,False,True,,21.28,3.56,0.1673,3.08,3.72,3.22,3.89,False,False,0.8400000000000003,19.090909090909097,brand_series,大众-迈腾,LightGBM,lightgbm,lightgbm,lightgbm,False,
81,curve,True,福特/锐界/2018款 2.0T 自动 245尊锐型7座四驱,福特,锐界,福特-锐界,中,8.08,39.2596,北京,4.82,3-5万,8-10年,燃油,高里程,中间价,True,,33.98,6.37,0.1874,5.58,6.63,5.81,6.9,False,False,1.5499999999999998,32.15767634854772,brand_series,福特-锐界,Power(segmented),curve,curve,curve,False,,lightgbm,False,True,,33.98,5.17,0.152,4.51,5.39,4.7,5.61,True,True,0.34999999999999964,7.261410788381735,brand_series,福特-锐界,LightGBM,lightgbm,lightgbm,lightgbm,False,
82,curve,True,标致/2008/2014款 1.6 手动 潮流版,标致,2008,标致-2008,差,8.08,6.4995,芜湖,1.06,1-3万,8-10年,燃油,低里程,中间价,True,,8.97,1.19,0.1323,0.83,1.01,0.89,1.19,False,True,0.1299999999999999,12.264150943396215,brand_series,标致-2008,Exponential(segmented),curve,curve,curve,False,,lightgbm,False,True,,8.97,1.37,0.1525,0.97,1.18,1.03,1.35,True,True,0.31000000000000005,29.24528301886793,brand_series,标致-2008,LightGBM,lightgbm,lightgbm,lightgbm,False,
83,curve,True,马自达/马自达CX-4/2016款 2.0 自动 蓝天活力版前驱,马自达,马自达CX-4,马自达-马自达CX-4,中,9.5,19.8088,东莞,3.25,3-5万,8-10年,燃油,高里程,中间价,True,,15.28,2.78,0.1821,2.39,2.9,2.51,3.04,False,False,0.4700000000000002,14.461538461538467,car_type,SUV-紧凑型车-合资,Polynomial,curve,curve,curve,False,,lightgbm,False,True,,15.28,2.34,0.1532,2.0,2.43,2.11,2.57,False,False,0.9100000000000001,28.000000000000004,car_type,SUV-紧凑型车-合资,LightGBM,lightgbm,lightgbm,lightgbm,False,
84,curve,True,大众/一汽-大众CC/2011款 2.0T 自动 豪华型,大众,一汽-大众CC,大众-一汽-大众CC,差,13.83,14.4921,广州,1.71,1-3万,>10年,燃油,高里程,中间价,True,,27.88,2.16,0.0773,1.58,1.91,1.67,2.06,True,True,0.4500000000000002,26.31578947368422,car_type,轿车-中型车-合资,Polynomial,curve,curve,curve,False,,lightgbm,False,True,,27.88,1.74,0.0624,1.25,1.53,1.31,1.73,False,True,0.030000000000000027,1.7543859649122824,car_type,轿车-中型车-合资,LightGBM,lightgbm,lightgbm,lightgbm,False,
85,curve,True,长安/CS55/2017款 1.5T 手动 炫色型,长安,CS55,长安-CS55,差,7.75,5.018,广州,1.92,1-3万,5-8年,燃油,低里程,中间价,True,,9.99,2.19,0.2197,1.61,1.95,1.7,2.1,True,True,0.27,14.062500000000004,brand_series,长安-CS55,Power(segmented),curve,curve,curve,False,,lightgbm,False,True,,9.99,1.99,0.1997,1.45,1.76,1.51,1.99,False,True,0.07000000000000006,3.645833333333337,brand_series,长安-CS55,LightGBM,lightgbm,lightgbm,lightgbm,False,
86,curve,True,奥迪/Q5L/2018款 2.0T 自动 45TFSI尊享时尚型 国V,奥迪,Q5L,奥迪-Q5L,优,6.25,5.2034,南京,14.2,10-20万,5-8年,燃油,低里程,极端高价,True,,42.37,12.28,0.2899,12.4,13.32,12.83,13.79,False,False,1.92,13.521126760563382,car_type,SUV-中型车-合资,Polynomial,curve,curve,curve,False,,lightgbm,False,True,,42.37,11.6,0.2738,11.69,12.57,12.12,13.04,False,False,2.5999999999999996,18.309859154929576,car_type,SUV-中型车-合资,LightGBM,lightgbm,lightgbm,lightgbm,False,
87,curve,True,大众/一汽-大众CC/2013款 1.8T 自动 尊贵型,大众,一汽-大众CC,大众-一汽-大众CC,中,12.42,18.3161,温州,2.6,1-3万,>10年,燃油,高里程,中间价,True,,21.98,2.23,0.1014,1.9,2.31,2.0,2.44,False,False,0.3700000000000001,14.230769230769235,car_type,轿车-中型车-合资,Polynomial,curve,curve,curve,False,,lightgbm,False,True,,21.98,1.97,0.0898,1.67,2.04,1.73,2.21,False,False,0.6300000000000001,24.230769230769234,car_type,轿车-中型车-合资,LightGBM,lightgbm,lightgbm,lightgbm,False,
88,curve,True,威马汽车/威马EX5/2020款 EX5 400 即客行版,威马汽车,威马EX5,威马汽车-威马EX5,中,4.75,10.5958,临沂,2.6,1-3万,3-5年,燃油,高里程,中间价,False,无法预测：无适用模型且无相似车辆数据,0.0,,,,,,,False,False,,,,,,,,,False,,lightgbm,False,False,无法预测：无适用模型且无相似车辆数据,0.0,,,,,,,False,False,,,,,,,,,False,
89,curve,True,丰田/致炫/2014款 1.5 自动 G炫动版,丰田,致炫,丰田-致炫,中,12.0,18.5058,西安,1.66,1-3万,>10年,燃油,高里程,中间价,True,,9.58,1.11,0.1162,0.9,1.11,0.96,1.26,False,False,0.5499999999999998,33.13253012048192,car_type,轿车-小型车-合资,Polynomial,curve,curve,curve,False,,lightgbm,False,True,,9.58,1.04,0.1085,0.83,1.03,0.89,1.19,False,False,0.6199999999999999,37.34939759036144,car_type,轿车-小型车-合资,LightGBM,lightgbm,lightgbm,lightgbm,False,
90,curve,True,奇瑞/瑞虎7/2020款 1.5T 手动 精英型,奇瑞,瑞虎7,奇瑞-瑞虎7,中,5.17,3.938,西安,3.25,3-5万,5-8年,燃油,低里程,中间价,True,,9.99,2.7,0.2701,2.32,2.81,2.43,2.95,False,False,0.5499999999999998,16.92307692307692,car_type,SUV-中型车-国产,Exponential,curve,curve,curve,False,,lightgbm,False,True,,9.99,2.8,0.2806,2.41,2.92,2.53,3.07,False,False,0.4500000000000002,13.846153846153852,car_type,SUV-中型车-国产,LightGBM,lightgbm,lightgbm,lightgbm,False,
91,curve,True,"中升车源
奔驰/GLA级/2019款 1.6T 自动 GLA200动感型前驱","中升车源
奔驰",GLA级,"中升车源
奔驰-GLA级",优,6.17,3.3955,遵义,8.3,5-10万,5-8年,燃油,低里程,中间价,False,无法预测：无适用模型且无相似车辆数据,0.0,,,,,,,False,False,,,,,,,,,False,,lightgbm,False,False,无法预测：无适用模型且无相似车辆数据,0.0,,,,,,,False,False,,,,,,,,,False,
92,curve,True,现代/朗动/2015款 1.6 手动 GLX领先型,现代,朗动,现代-朗动,中,10.75,9.444,济南,1.56,1-3万,>10年,燃油,低里程,中间价,True,,11.98,1.72,0.1437,1.45,1.77,1.51,1.93,True,True,0.15999999999999992,10.25641025641025,car_type,SUV-小型车-合资,Polynomial,curve,curve,curve,False,,lightgbm,False,True,,11.98,2.6,0.2172,2.23,2.71,2.34,2.85,False,False,1.04,66.66666666666666,car_type,SUV-小型车-合资,LightGBM,lightgbm,lightgbm,lightgbm,False,
93,curve,True,大众/探岳GTE/2020款 1.4T 自动 豪华型 混动,大众,探岳GTE,大众-探岳GTE,中,5.08,6.824,上海,6.4,5-10万,5-8年,新能源,低里程,中间价,True,,17.59,6.19,0.3519,5.42,6.45,5.64,6.71,True,True,0.20999999999999996,3.2812499999999996,car_type,轿车-紧凑型车-合资,Polynomial,curve,curve,curve,False,,lightgbm,False,True,,17.59,6.14,0.3492,5.38,6.4,5.6,6.66,True,True,0.2600000000000007,4.062500000000011,car_type,轿车-紧凑型车-合资,LightGBM,lightgbm,lightgbm,lightgbm,False,
94,curve,True,"中升车源
日产/天籁/2013款 2.0 自动 XL舒适版","中升车源
日产",天籁,"中升车源
日产-天籁",差,12.08,10.8558,无锡,2.68,1-3万,>10年,燃油,高里程,中间价,False,无法预测：无适用模型且无相似车辆数据,0.0,,,,,,,False,False,,,,,,,,,False,,lightgbm,False,False,无法预测：无适用模型且无相似车辆数据,0.0,,,,,,,False,False,,,,,,,,,False,
95,curve,True,大众/途观/2012款 2.0T 自动 旗舰版四驱,大众,途观,大众-途观,中,14.08,15.8371,北京,2.02,1-3万,>10年,燃油,高里程,中间价,True,,30.98,1.69,0.0546,1.42,1.73,1.49,1.89,False,False,0.33000000000000007,16.33663366336634,brand_series,大众-途观,Polynomial(segmented),curve,curve,curve,False,,lightgbm,False,True,,30.98,2.54,0.0819,2.17,2.64,2.28,2.78,False,False,0.52,25.742574257425744,brand_series,大众-途观,LightGBM,lightgbm,lightgbm,lightgbm,False,
96,curve,True,比亚迪/汉/2025款 DM-i 智驾版 125KM激光雷达旗舰型,比亚迪,汉,比亚迪-汉,优,0.75,0.586,泉州,13.02,10-20万,0-3年,新能源,低里程,极端高价,True,,21.98,13.08,0.595,13.23,14.2,13.65,14.66,False,False,0.0600000000000005,0.46082949308756144,brand_series,比亚迪-汉,Exponential(segmented),curve,curve,curve,False,,lightgbm,False,True,,21.98,13.68,0.6222,13.86,14.87,14.27,15.32,False,False,0.6600000000000001,5.069124423963134,brand_series,比亚迪-汉,LightGBM,lightgbm,lightgbm,lightgbm,False,
97,curve,True,"中升车源
日产/风度/2004款 2.0 自动 G (进口)","中升车源
日产",风度,"中升车源
日产-风度",优,21.75,0.0,大连,0.81,<1万,>10年,燃油,低里程,极端低价,False,无法预测：无适用模型且无相似车辆数据,0.0,,,,,,,False,False,,,,,,,,,False,,lightgbm,False,False,无法预测：无适用模型且无相似车辆数据,0.0,,,,,,,False,False,,,,,,,,,False,
98,curve,True,福特/福克斯两厢/2013款 1.8 自动 经典基本型,福特,福克斯两厢,福特-福克斯两厢,中,12.67,17.9986,武汉,0.68,<1万,>10年,燃油,高里程,极端低价,True,,11.53,1.14,0.0989,0.92,1.14,0.99,1.29,False,False,0.45999999999999985,67.64705882352938,car_type,轿车-紧凑型车-合资,Polynomial,curve,curve,curve,False,,lightgbm,False,True,,11.53,1.05,0.0915,0.85,1.04,0.9,1.2,False,False,0.37,54.41176470588235,car_type,轿车-紧凑型车-合资,LightGBM,lightgbm,lightgbm,lightgbm,False,
99,curve,True,大众/途观/2013款 1.8T 自动 豪华版前驱,大众,途观,大众-途观,中,12.25,21.6992,北京,2.29,1-3万,>10年,燃油,高里程,中间价,True,,27.68,2.25,0.0812,1.91,2.33,2.02,2.46,True,True,0.040000000000000036,1.746724890829696,brand_series,大众-途观,Polynomial(segmented),curve,curve,curve,False,,lightgbm,False,True,,27.68,2.7,0.0975,2.32,2.81,2.43,2.95,False,False,0.41000000000000014,17.903930131004373,brand_series,大众-途观,LightGBM,lightgbm,lightgbm,lightgbm,False,
100,curve,True,丰田/汉兰达/2009款 2.7 自动 豪华版7座前驱,丰田,汉兰达,丰田-汉兰达,中,15.08,20.1426,东莞,2.21,1-3万,>10年,燃油,高里程,中间价,True,,29.88,2.46,0.0823,2.1,2.56,2.21,2.69,True,True,0.25,11.312217194570136,brand_series,丰田-汉兰达,Power(segmented),curve,curve,curve,False,,lightgbm,False,True,,29.88,2.48,0.0828,2.12,2.58,2.23,2.71,True,False,0.27,12.217194570135748,brand_series,丰田-汉兰达,LightGBM,lightgbm,lightgbm,lightgbm,False,
101,curve,True,"中升车源
日产/阳光/2011款 1.5 自动 XE舒适版","中升车源
日产",阳光,"中升车源
日产-阳光",差,11.83,13.5935,无锡,1.01,1-3万,>10年,燃油,高里程,中间价,False,无法预测：无适用模型且无相似车辆数据,0.0,,,,,,,False,False,,,,,,,,,False,,lightgbm,False,False,无法预测：无适用模型且无相似车辆数据,0.0,,,,,,,False,False,,,,,,,,,False,
102,curve,True,福特/福睿斯/2017款 1.5 自动 舒适型 改款,福特,福睿斯,福特-福睿斯,中,8.25,8.4204,株洲,1.52,1-3万,8-10年,燃油,低里程,中间价,True,,10.78,1.67,0.1549,1.4,1.71,1.47,1.87,True,True,0.1499999999999999,9.868421052631573,brand_series,福特-福睿斯,Exponential(segmented),curve,curve,curve,False,,lightgbm,False,True,,10.78,1.89,0.1754,1.6,1.95,1.66,2.12,False,False,0.3699999999999999,24.342105263157887,brand_series,福特-福睿斯,LightGBM,lightgbm,lightgbm,lightgbm,False,
103,curve,True,比亚迪/海豚/2021款 自动 405km 自由版,比亚迪,海豚,比亚迪-海豚,中,2.83,8.2266,唐山,3.22,3-5万,0-3年,燃油,低里程,中间价,True,,10.88,4.65,0.4278,4.05,4.86,4.22,5.07,False,False,1.4300000000000002,44.409937888198755,brand_series,比亚迪-海豚,Polynomial(segmented),curve,curve,curve,False,,lightgbm,False,True,,10.88,4.62,0.4251,4.03,4.83,4.2,5.03,False,False,1.4,43.47826086956521,brand_series,比亚迪-海豚,LightGBM,lightgbm,lightgbm,lightgbm,False,
104,curve,True,别克/昂科威Plus/2017款 2.0T 自动 28T精英型四驱,别克,昂科威Plus,别克-昂科威Plus,中,9.08,9.8035,重庆,4.0,3-5万,8-10年,燃油,低里程,中间价,True,,26.99,4.67,0.1731,4.07,4.88,4.24,5.09,False,False,0.6699999999999999,16.75,car_type,SUV-中型车-合资,Polynomial,curve,curve,curve,False,,lightgbm,False,True,,26.99,4.47,0.1657,3.89,4.68,4.06,4.87,True,False,0.46999999999999975,11.749999999999993,car_type,SUV-中型车-合资,LightGBM,lightgbm,lightgbm,lightgbm,False,
105,curve,True,比亚迪/海豹06 DM-i旅行版/2025款 DM-i 150KM旗舰型,比亚迪,海豹06 DM-i旅行版,比亚迪-海豹06 DM-i旅行版,优,0.5,0.1394,海口,9.18,5-10万,0-3年,新能源,低里程,中间价,True,,17.58,9.84,0.5597,9.89,10.67,10.28,11.09,False,False,0.6600000000000001,7.189542483660133,car_type,SUV-紧凑型车-国产,Exponential,curve,curve,curve,False,,lightgbm,False,True,,17.58,9.78,0.5561,9.82,10.6,10.22,11.02,False,False,0.5999999999999996,6.535947712418297,car_type,SUV-紧凑型车-国产,LightGBM,lightgbm,lightgbm,lightgbm,False,
106,curve,True,大众/速腾/2012款 1.4T 自动 豪华型,大众,速腾,大众-速腾,差,13.58,23.0365,长春,1.37,1-3万,>10年,燃油,高里程,中间价,True,,16.78,1.37,0.0813,0.97,1.18,1.03,1.35,False,False,0.0,0.0,brand_series,大众-速腾,Polynomial(segmented),curve,curve,curve,False,,lightgbm,False,True,,16.78,1.14,0.0682,0.79,0.97,0.85,1.15,False,False,0.2300000000000002,16.788321167883225,brand_series,大众-速腾,LightGBM,lightgbm,lightgbm,lightgbm,False,
107,curve,True,大众/高尔夫/2015款 1.4T 自动 舒适型,大众,高尔夫,大众-高尔夫,中,10.25,20.5176,曲靖,2.9,1-3万,>10年,燃油,高里程,中间价,True,,17.19,3.29,0.1912,2.84,3.44,2.97,3.59,True,False,0.3900000000000001,13.44827586206897,brand_series,大众-高尔夫,Exponential(segmented),curve,curve,curve,False,,lightgbm,False,True,,17.19,3.15,0.1832,2.72,3.29,2.84,3.44,True,True,0.25,8.620689655172415,brand_series,大众-高尔夫,LightGBM,lightgbm,lightgbm,lightgbm,False,
108,curve,True,丰田/卡罗拉/2016款 1.8 自动 精英版双擎 混动,丰田,卡罗拉,丰田-卡罗拉,差,9.17,19.6495,北京,3.0,3-5万,8-10年,新能源,高里程,中间价,True,,14.38,3.42,0.2379,2.56,3.08,2.68,3.22,True,True,0.41999999999999993,13.999999999999998,brand_series,丰田-卡罗拉,Power(segmented),curve,curve,curve,False,,lightgbm,False,True,,14.38,3.49,0.2426,2.62,3.15,2.73,3.28,True,True,0.4900000000000002,16.333333333333343,brand_series,丰田-卡罗拉,LightGBM,lightgbm,lightgbm,lightgbm,False,
109,curve,True,现代/ix35/2012款 2.0 自动 GLS精英版前驱,现代,ix35,现代-ix35,中,12.58,9.7407,北京,1.5,1-3万,>10年,燃油,低里程,中间价,True,,19.68,1.29,0.0656,1.06,1.3,1.14,1.44,False,False,0.20999999999999996,13.999999999999998,brand_series,现代-ix35,Polynomial(segmented),curve,curve,curve,False,,lightgbm,False,True,,19.68,1.31,0.0667,1.08,1.32,1.15,1.47,False,False,0.18999999999999995,12.666666666666663,brand_series,现代-ix35,LightGBM,lightgbm,lightgbm,lightgbm,False,
110,curve,True,本田/凌派/2019款 1.0T 自动 180Turbo豪华版 国VI,本田,凌派,本田-凌派,优,5.58,4.0604,石家庄,4.33,3-5万,5-8年,燃油,低里程,中间价,True,,11.98,3.41,0.2844,3.42,3.74,3.58,3.91,False,False,0.9199999999999999,21.247113163972283,brand_series,本田-凌派,Exponential(segmented),curve,curve,curve,False,,lightgbm,False,True,,11.98,3.39,0.2828,3.4,3.72,3.56,3.89,False,False,0.94,21.709006928406467,brand_series,本田-凌派,LightGBM,lightgbm,lightgbm,lightgbm,False,
111,curve,True,五菱汽车/宏光/2010款 1.2L 手动 基本型国IV,五菱汽车,宏光,五菱汽车-宏光,优,12.0,2.6605,武汉,0.47,<1万,>10年,燃油,低里程,极端低价,False,无法预测：无适用模型且无相似车辆数据,0.0,,,,,,,False,False,,,,,,,,,False,,lightgbm,False,False,无法预测：无适用模型且无相似车辆数据,0.0,,,,,,,False,False,,,,,,,,,False,
112,curve,True,大众/朗逸/2013款 1.6 自动 经典舒适版 改款,大众,朗逸,大众-朗逸,中,12.33,17.0794,北京,1.79,1-3万,>10年,燃油,高里程,中间价,True,,13.79,1.23,0.0891,1.0,1.23,1.08,1.38,False,False,0.56,31.28491620111732,brand_series,大众-朗逸,Polynomial(segmented),curve,curve,curve,False,,lightgbm,False,True,,13.79,1.44,0.1047,1.2,1.47,1.27,1.61,False,False,0.3500000000000001,19.553072625698327,brand_series,大众-朗逸,LightGBM,lightgbm,lightgbm,lightgbm,False,
113,curve,True,日产/骊威/2008款 1.6 自动 GX劲锐版智能型,日产,骊威,日产-骊威,优,16.0,19.1644,佛山,0.79,<1万,>10年,燃油,高里程,极端低价,True,,11.28,0.6,0.0531,0.52,0.57,0.46,0.86,False,True,0.19000000000000006,24.050632911392412,brand_series,日产-骊威,Polynomial(segmented),curve,curve,curve,False,,lightgbm,False,True,,11.28,0.44,0.0391,0.35,0.39,0.28,0.68,False,False,0.35000000000000003,44.30379746835443,brand_series,日产-骊威,LightGBM,lightgbm,lightgbm,lightgbm,False,
114,curve,True,马自达/马3昂克赛拉三厢/2017款 1.5 自动 尊贵型 国V,马自达,马3昂克赛拉三厢,马自达-马3昂克赛拉三厢,中,7.58,4.7227,大连,3.7,3-5万,5-8年,燃油,低里程,中间价,True,,18.98,4.79,0.2523,4.17,5.0,4.35,5.21,False,False,1.0899999999999999,29.459459459459453,car_type,SUV-紧凑型车-合资,Polynomial,curve,curve,curve,False,,lightgbm,False,True,,18.98,4.81,0.2534,4.19,5.02,4.37,5.23,False,False,1.1099999999999994,29.999999999999982,car_type,SUV-紧凑型车-合资,LightGBM,lightgbm,lightgbm,lightgbm,False,
115,curve,True,"中升车源
丰田/威兰达/2020款 2.5 自动 双擎豪华版四驱 混动","中升车源
丰田",威兰达,"中升车源
丰田-威兰达",优,5.08,14.653,营口,9.13,5-10万,5-8年,新能源,高里程,中间价,False,无法预测：无适用模型且无相似车辆数据,0.0,,,,,,,False,False,,,,,,,,,False,,lightgbm,False,False,无法预测：无适用模型且无相似车辆数据,0.0,,,,,,,False,False,,,,,,,,,False,
116,curve,True,蔚来/蔚来ES6/2020款 420KM 运动版 纯电动,蔚来,蔚来ES6,蔚来-蔚来ES6,中,5.0,16.2841,嘉兴,10.97,10-20万,5-8年,新能源,高里程,极端高价,True,,52.6,14.27,0.2712,12.88,14.86,13.23,15.27,False,False,3.299999999999999,30.08204193254329,car_type,SUV-中型车-国产,Exponential,curve,curve,curve,False,,lightgbm,False,True,,52.6,8.54,0.1624,7.53,8.85,7.84,9.22,False,False,2.4300000000000015,22.15132178669099,car_type,SUV-中型车-国产,LightGBM,lightgbm,lightgbm,lightgbm,False,
117,curve,True,江铃/宝典/2020款2.5T柴油 手动 两驱舒享版长轴 JX4D25A6L,江铃,宝典,江铃-宝典,差,5.17,7.0137,石家庄,3.48,3-5万,5-8年,燃油,低里程,中间价,False,无法预测：无适用模型且无相似车辆数据,0.0,,,,,,,False,False,,,,,,,,,False,,lightgbm,False,False,无法预测：无适用模型且无相似车辆数据,0.0,,,,,,,False,False,,,,,,,,,False,
118,curve,True,名爵/MG5/2021款 改款 1.5T 自动 300TGI DCT青奢豪享版,名爵,MG5,名爵-MG5,优,4.0,8.5802,昆明,4.08,3-5万,3-5年,燃油,低里程,中间价,True,,17.68,5.19,0.2934,5.22,5.69,5.44,5.92,False,False,1.1100000000000003,27.205882352941185,car_type,轿车-紧凑型车-国产,Exponential,curve,curve,curve,False,,lightgbm,False,True,,17.68,4.63,0.2618,4.66,5.08,4.85,5.29,False,False,0.5499999999999998,13.480392156862742,car_type,轿车-紧凑型车-国产,LightGBM,lightgbm,lightgbm,lightgbm,False,
119,curve,True,宝马/5系/2014款 2.0T 自动 525Li豪华设计套装,宝马,5系,宝马-5系,差,10.25,16.0657,上海,5.83,5-10万,>10年,燃油,高里程,中间价,True,,46.66,6.14,0.1316,4.71,5.58,4.9,5.81,False,False,0.3099999999999996,5.317324185248707,brand_series,宝马-5系,Polynomial(segmented),curve,curve,curve,False,,lightgbm,False,True,,46.66,6.09,0.1306,4.67,5.54,4.86,5.77,False,False,0.2599999999999998,4.459691252144079,brand_series,宝马-5系,LightGBM,lightgbm,lightgbm,lightgbm,False,
120,curve,True,马自达/马3昂克赛拉三厢/2017款 1.5 自动 豪华型 国V,马自达,马3昂克赛拉三厢,马自达-马3昂克赛拉三厢,中,8.42,9.1535,杭州,2.43,1-3万,8-10年,燃油,低里程,中间价,True,,19.98,4.39,0.2197,3.82,4.59,3.98,4.78,False,False,1.9599999999999995,80.65843621399175,car_type,SUV-紧凑型车-合资,Polynomial,curve,curve,curve,False,,lightgbm,False,True,,19.98,4.18,0.2092,3.63,4.37,3.79,4.55,False,False,1.7499999999999996,72.01646090534976,car_type,SUV-紧凑型车-合资,LightGBM,lightgbm,lightgbm,lightgbm,False,
121,curve,True,日产/途达/2020款 2.5 自动 豪华版四驱,日产,途达,日产-途达,优,5.58,10.0292,潍坊,7.56,5-10万,5-8年,燃油,低里程,中间价,True,,24.73,7.34,0.2969,7.38,8.0,7.69,8.33,True,False,0.21999999999999975,2.9100529100529067,car_type,轿车-紧凑型车-合资,Polynomial,curve,curve,curve,False,,lightgbm,False,True,,24.73,6.93,0.28,6.96,7.55,7.25,7.86,False,True,0.6299999999999999,8.333333333333332,car_type,轿车-紧凑型车-合资,LightGBM,lightgbm,lightgbm,lightgbm,False,
122,curve,True,别克/昂科威Plus/2016款 1.5T 自动 20T精英型前驱,别克,昂科威Plus,别克-昂科威Plus,中,9.17,18.0325,呼和浩特,3.7,3-5万,8-10年,燃油,高里程,中间价,True,,23.98,4.27,0.1779,3.71,4.46,3.87,4.65,False,False,0.5699999999999994,15.40540540540539,car_type,轿车-中型车-合资,Polynomial,curve,curve,curve,False,,lightgbm,False,True,,23.98,3.79,0.1581,3.29,3.96,3.43,4.14,True,True,0.08999999999999986,2.4324324324324285,car_type,轿车-中型车-合资,LightGBM,lightgbm,lightgbm,lightgbm,False,
123,curve,True,"中升车源
大众/帕萨特/2015款 1.8TSI 自动 DSG御尊版","中升车源
大众",帕萨特,"中升车源
大众-帕萨特",差,10.0,21.9051,东莞,3.01,3-5万,>10年,燃油,高里程,中间价,False,无法预测：无适用模型且无相似车辆数据,0.0,,,,,,,False,False,,,,,,,,,False,,lightgbm,False,False,无法预测：无适用模型且无相似车辆数据,0.0,,,,,,,False,False,,,,,,,,,False,
124,curve,True,"中升车源
别克/君越/2014款 2.0T 自动 智享旗舰型","中升车源
别克",君越,"中升车源
别克-君越",差,9.92,13.6146,连云港,3.5,3-5万,8-10年,燃油,高里程,中间价,False,无法预测：无适用模型且无相似车辆数据,0.0,,,,,,,False,False,,,,,,,,,False,,lightgbm,False,False,无法预测：无适用模型且无相似车辆数据,0.0,,,,,,,False,False,,,,,,,,,False,
125,curve,True,长安/CS35/2016款 1.6 手动 豪华型 国IV,长安,CS35,长安-CS35,中,9.75,9.9485,保定,0.66,<1万,8-10年,燃油,低里程,极端低价,True,,7.29,0.72,0.0994,0.55,0.68,0.52,0.92,True,True,0.05999999999999994,9.090909090909081,brand_series,长安-CS35,Exponential(segmented),curve,curve,curve,False,,lightgbm,False,True,,7.29,0.96,0.1321,0.77,0.94,0.76,1.16,False,False,0.29999999999999993,45.45454545454544,brand_series,长安-CS35,LightGBM,lightgbm,lightgbm,lightgbm,False,
126,curve,True,本田/思域/2014款 1.8 自动 经典版Lxi,本田,思域,本田-思域,中,11.0,16.0973,武汉,2.1,1-3万,>10年,燃油,高里程,中间价,True,,12.98,2.42,0.1861,2.06,2.51,2.17,2.65,True,False,0.31999999999999984,15.238095238095232,brand_series,本田-思域,Polynomial(segmented),curve,curve,curve,False,,lightgbm,False,True,,12.98,2.4,0.1852,2.05,2.5,2.16,2.63,True,False,0.2999999999999998,14.285714285714276,brand_series,本田-思域,LightGBM,lightgbm,lightgbm,lightgbm,False,
127,curve,True,"中升车源
宝马/3系/2023款 320Li M运动套装","中升车源
宝马",3系,"中升车源
宝马-3系",优,2.17,2.6132,深圳,17.89,10-20万,0-3年,燃油,低里程,极端高价,False,无法预测：无适用模型且无相似车辆数据,0.0,,,,,,,False,False,,,,,,,,,False,,lightgbm,False,False,无法预测：无适用模型且无相似车辆数据,0.0,,,,,,,False,False,,,,,,,,,False,
128,curve,True,"中升车源
东风风行/风行T5 Evo/2021款 1.5TD 自动 DCT星耀版","中升车源
东风风行",风行T5 Evo,"中升车源
东风风行-风行T5 Evo",差,4.0,10.5941,成都,3.67,3-5万,3-5年,新能源,高里程,中间价,False,无法预测：无适用模型且无相似车辆数据,0.0,,,,,,,False,False,,,,,,,,,False,,lightgbm,False,False,无法预测：无适用模型且无相似车辆数据,0.0,,,,,,,False,False,,,,,,,,,False,
129,curve,True,宝马/X3(进口）/2013款 2.0T 自动 20i豪华型 改款 (进口),宝马,X3(进口）,宝马-X3(进口）,中,12.33,25.0095,深圳,3.08,3-5万,>10年,燃油,高里程,中间价,True,,58.58,4.73,0.0808,4.12,4.94,4.29,5.15,False,False,1.6500000000000004,53.571428571428584,car_type,轿车-中大型车-合资,Polynomial,curve,curve,curve,False,,lightgbm,False,True,,58.58,3.66,0.0626,3.17,3.83,3.31,4.0,False,False,0.5800000000000001,18.83116883116883,car_type,轿车-中大型车-合资,LightGBM,lightgbm,lightgbm,lightgbm,False,
130,curve,True,岚图汽车/岚图追光/2023款 四驱旗舰版,岚图汽车,岚图追光,岚图汽车-岚图追光,中,1.92,1.7907,武汉,9.05,5-10万,0-3年,燃油,低里程,中间价,False,无法预测：无适用模型且无相似车辆数据,0.0,,,,,,,False,False,,,,,,,,,False,,lightgbm,False,False,无法预测：无适用模型且无相似车辆数据,0.0,,,,,,,False,False,,,,,,,,,False,
131,curve,True,本田/杰德/2014款 1.8 自动 舒适精英版5座,本田,杰德,本田-杰德,差,10.33,18.5488,杭州,2.83,1-3万,>10年,燃油,高里程,中间价,True,,15.78,3.55,0.2252,2.67,3.21,2.78,3.35,True,True,0.7199999999999998,25.441696113074197,brand_series,本田-杰德,Polynomial(segmented),curve,curve,curve,False,,lightgbm,False,True,,15.78,3.22,0.2043,2.41,2.9,2.52,3.03,True,True,0.3900000000000001,13.780918727915198,brand_series,本田-杰德,LightGBM,lightgbm,lightgbm,lightgbm,False,
132,curve,True,北汽威旺/威旺M20/2014款 1.5 手动 实用型BJ415A,北汽威旺,威旺M20,北汽威旺-威旺M20,优,10.08,5.7418,江门,0.47,<1万,>10年,燃油,低里程,极端低价,False,无法预测：无适用模型且无相似车辆数据,0.0,,,,,,,False,False,,,,,,,,,False,,lightgbm,False,False,无法预测：无适用模型且无相似车辆数据,0.0,,,,,,,False,False,,,,,,,,,False,
133,curve,True,奔驰/C级/2022款 1.5T 自动 改款 C260L 运动版,奔驰,C级,奔驰-C级,优,3.67,3.7258,北京,19.0,10-20万,3-5年,燃油,低里程,极端高价,True,,37.22,17.05,0.458,17.57,18.82,17.78,19.04,False,True,1.9499999999999993,10.263157894736837,brand_series,奔驰-C级,Exponential(segmented),curve,curve,curve,False,,lightgbm,False,True,,37.22,17.11,0.4598,17.64,18.9,17.85,19.11,False,True,1.8900000000000006,9.947368421052634,brand_series,奔驰-C级,LightGBM,lightgbm,lightgbm,lightgbm,False,
134,curve,True,雪佛兰/科鲁兹三厢/2013款 1.8 自动 SE,雪佛兰,科鲁兹三厢,雪佛兰-科鲁兹三厢,中,11.67,8.5646,武汉,0.7,<1万,>10年,燃油,低里程,极端低价,True,,14.09,1.67,0.1187,1.4,1.71,1.47,1.87,False,False,0.97,138.57142857142856,car_type,轿车-紧凑型车-合资,Polynomial,curve,curve,curve,False,,lightgbm,False,True,,14.09,1.61,0.1146,1.35,1.65,1.42,1.8,False,False,0.9100000000000001,130.00000000000003,car_type,轿车-紧凑型车-合资,LightGBM,lightgbm,lightgbm,lightgbm,False,
135,curve,True,陆风/X5/2013款 2.0T 手动 创行版,陆风,X5,陆风-X5,优,10.83,4.4658,广州,0.42,<1万,>10年,燃油,低里程,极端低价,True,,13.98,1.29,0.0924,1.25,1.37,1.26,1.58,False,False,0.8700000000000001,207.14285714285717,car_type,SUV-紧凑型车-国产,Exponential,curve,curve,curve,False,,lightgbm,False,True,,13.98,0.92,0.0658,0.86,0.94,0.81,1.21,False,False,0.5,119.04761904761905,car_type,SUV-紧凑型车-国产,LightGBM,lightgbm,lightgbm,lightgbm,False,
136,curve,True,日产/奇骏/2014款 2.5 自动 XL豪华版四驱,日产,奇骏,日产-奇骏,中,9.0,16.21,北京,5.35,5-10万,8-10年,燃油,高里程,中间价,True,,22.88,4.64,0.2026,4.04,4.84,4.21,5.05,False,False,0.71,13.271028037383179,brand_series,日产-奇骏,Exponential(segmented),curve,curve,curve,False,,lightgbm,False,True,,22.88,4.64,0.2026,4.04,4.84,4.21,5.05,False,False,0.71,13.271028037383179,brand_series,日产-奇骏,LightGBM,lightgbm,lightgbm,lightgbm,False,
137,curve,True,"中升车源
丰田/RAV4荣放/2013款 2.0L 自动 CVT四驱新锐版","中升车源
丰田",RAV4荣放,"中升车源
丰田-RAV4荣放",差,12.25,24.9388,苏州,3.36,3-5万,>10年,燃油,高里程,中间价,False,无法预测：无适用模型且无相似车辆数据,0.0,,,,,,,False,False,,,,,,,,,False,,lightgbm,False,False,无法预测：无适用模型且无相似车辆数据,0.0,,,,,,,False,False,,,,,,,,,False,
138,curve,True,现代/名图/2016款 1.8 自动 尊贵型DLX,现代,名图,现代-名图,中,10.17,8.4643,邢台,2.8,1-3万,>10年,燃油,低里程,中间价,True,,15.98,2.49,0.1557,2.13,2.59,2.24,2.73,False,False,0.3099999999999996,11.071428571428559,brand_series,现代-名图,Power(segmented),curve,curve,curve,False,,lightgbm,False,True,,15.98,2.32,0.1452,1.98,2.41,2.09,2.54,False,False,0.48,17.142857142857142,brand_series,现代-名图,LightGBM,lightgbm,lightgbm,lightgbm,False,
139,curve,True,大众/迈腾/2012款 1.8T 自动 豪华型 改款,大众,迈腾,大众-迈腾,差,13.17,18.5341,北京,1.98,1-3万,>10年,燃油,高里程,中间价,True,,21.98,1.96,0.0893,1.43,1.73,1.48,1.96,False,False,0.020000000000000018,1.010101010101011,brand_series,大众-迈腾,Polynomial(segmented),curve,curve,curve,False,,lightgbm,False,True,,21.98,2.13,0.0968,1.56,1.89,1.65,2.04,False,True,0.1499999999999999,7.575757575757572,brand_series,大众-迈腾,LightGBM,lightgbm,lightgbm,lightgbm,False,
140,curve,True,雷克萨斯/GS/2005款 4.3 自动 430 (进口),雷克萨斯,GS,雷克萨斯-GS,差,20.25,32.6315,云浮,3.06,3-5万,>10年,燃油,高里程,中间价,False,无法预测：无适用模型且无相似车辆数据,0.0,,,,,,,False,False,,,,,,,,,False,,lightgbm,False,False,无法预测：无适用模型且无相似车辆数据,0.0,,,,,,,False,False,,,,,,,,,False,
141,curve,True,丰田/卡罗拉/2014款 1.6 自动 GL,丰田,卡罗拉,丰田-卡罗拉,中,9.25,9.8251,天津,3.13,3-5万,8-10年,燃油,低里程,中间价,True,,13.68,3.18,0.2326,2.75,3.32,2.87,3.48,True,True,0.050000000000000266,1.5974440894568775,brand_series,丰田-卡罗拉,Power(segmented),curve,curve,curve,False,,lightgbm,False,True,,13.68,3.23,0.2362,2.79,3.38,2.92,3.53,True,True,0.10000000000000009,3.1948881789137404,brand_series,丰田-卡罗拉,LightGBM,lightgbm,lightgbm,lightgbm,False,
142,curve,True,雷克萨斯/NX/2020款 2.5 自动 300h锋尚版前驱 混动 国VI (进口),雷克萨斯,NX,雷克萨斯-NX,优,5.08,1.5601,北京,18.54,10-20万,5-8年,新能源,低里程,极端高价,False,无法预测：无适用模型且无相似车辆数据,0.0,,,,,,,False,False,,,,,,,,,False,,lightgbm,False,False,无法预测：无适用模型且无相似车辆数据,0.0,,,,,,,False,False,,,,,,,,,False,
143,curve,True,"中升车源
丰田/汉兰达/2015款 2.0T 自动 豪华版7座四驱","中升车源
丰田",汉兰达,"中升车源
丰田-汉兰达",差,10.0,15.9259,郑州,8.05,5-10万,>10年,燃油,高里程,中间价,False,无法预测：无适用模型且无相似车辆数据,0.0,,,,,,,False,False,,,,,,,,,False,,lightgbm,False,False,无法预测：无适用模型且无相似车辆数据,0.0,,,,,,,False,False,,,,,,,,,False,
144,curve,True,哈弗/哈弗H1/2015款 1.5 自动 豪华型,哈弗,哈弗H1,哈弗-哈弗H1,中,10.58,7.6284,吉林,0.9,<1万,>10年,燃油,低里程,极端低价,True,,6.89,1.12,0.1627,0.91,1.12,0.97,1.27,False,False,0.22000000000000008,24.444444444444454,car_type,SUV-小型车-国产,Polynomial,curve,curve,curve,False,,lightgbm,False,True,,6.89,1.09,0.1586,0.88,1.08,0.94,1.24,True,False,0.19000000000000006,21.111111111111118,car_type,SUV-小型车-国产,LightGBM,lightgbm,lightgbm,lightgbm,False,
145,curve,True,比亚迪/汉L/2025款 DM-p 四驱激光雷达旗舰型,比亚迪,汉L,比亚迪-汉L,优,0.83,0.6895,广州,16.0,10-20万,0-3年,燃油,低里程,极端高价,True,,16.58,9.08,0.5479,9.13,9.86,9.5,10.26,False,False,6.92,43.25,car_type,SUV-紧凑型车-国产,Exponential,curve,curve,curve,False,,lightgbm,False,True,,16.58,8.99,0.5419,9.03,9.75,9.39,10.15,False,False,7.01,43.8125,car_type,SUV-紧凑型车-国产,LightGBM,lightgbm,lightgbm,lightgbm,False,
146,curve,True,奥迪/A6L/2008款 2.4 自动 技术型,奥迪,A6L,奥迪-A6L,差,17.42,15.6486,长春,1.28,1-3万,>10年,燃油,高里程,中间价,True,,85.33,2.97,0.0348,2.21,2.67,2.32,2.86,False,False,1.6900000000000002,132.03125,car_type,轿车-中大型车-合资,Polynomial,curve,curve,curve,False,,lightgbm,False,True,,85.33,0.0,0.0,-0.09,-0.1,-0.2,0.2,False,False,1.28,,car_type,轿车-中大型车-合资,LightGBM,lightgbm,lightgbm,lightgbm,False,
147,curve,True,马自达/马3星骋三厢/2011款 1.6 自动 舒适型,马自达,马3星骋三厢,马自达-马3星骋三厢,差,11.92,7.3042,无锡,1.33,1-3万,>10年,燃油,低里程,中间价,True,,12.28,1.4,0.1137,0.99,1.21,1.05,1.39,False,True,0.06999999999999984,5.26315789473683,car_type,轿车-紧凑型车-合资,Polynomial,curve,curve,curve,False,,lightgbm,False,True,,12.28,1.28,0.1044,0.9,1.1,0.97,1.27,False,False,0.050000000000000044,3.7593984962406046,car_type,轿车-紧凑型车-合资,LightGBM,lightgbm,lightgbm,lightgbm,False,
148,curve,True,"中升车源
福特/福克斯两厢/2018款 1.6 自动 风尚型智行版","中升车源
福特",福克斯两厢,"中升车源
福特-福克斯两厢",差,7.42,10.8942,南京,2.76,1-3万,5-8年,燃油,高里程,中间价,False,无法预测：无适用模型且无相似车辆数据,0.0,,,,,,,False,False,,,,,,,,,False,,lightgbm,False,False,无法预测：无适用模型且无相似车辆数据,0.0,,,,,,,False,False,,,,,,,,,False,
149,curve,True,北京汽车/绅宝D50/2018款 1.5 手动 尊贵智驾版,北京汽车,绅宝D50,北京汽车-绅宝D50,优,6.75,7.7212,商丘,0.91,<1万,5-8年,燃油,低里程,极端低价,False,无法预测：无适用模型且无相似车辆数据,0.0,,,,,,,False,False,,,,,,,,,False,,lightgbm,False,False,无法预测：无适用模型且无相似车辆数据,0.0,,,,,,,False,False,,,,,,,,,False,
150,curve,True,广汽传祺/传祺GS4/2017款 1.5T 自动 235T豪华智联版前驱,广汽传祺,传祺GS4,广汽传祺-传祺GS4,中,9.08,9.1359,东莞,2.08,1-3万,8-10年,燃油,低里程,中间价,False,无法预测：无适用模型且无相似车辆数据,0.0,,,,,,,False,False,,,,,,,,,False,,lightgbm,False,False,无法预测：无适用模型且无相似车辆数据,0.0,,,,,,,False,False,,,,,,,,,False,
151,curve,True,江汽集团/瑞风S3/2017款 1.5 手动 豪华型,江汽集团,瑞风S3,江汽集团-瑞风S3,中,8.67,8.9607,东莞,0.62,<1万,8-10年,燃油,低里程,极端低价,False,无法预测：无适用模型且无相似车辆数据,0.0,,,,,,,False,False,,,,,,,,,False,,lightgbm,False,False,无法预测：无适用模型且无相似车辆数据,0.0,,,,,,,False,False,,,,,,,,,False,
152,curve,True,东风风行/风行SX6/2016款 1.6 手动 豪华型,东风风行,风行SX6,东风风行-风行SX6,中,9.0,1.9797,汕头,0.81,<1万,8-10年,燃油,低里程,极端低价,False,无法预测：无适用模型且无相似车辆数据,0.0,,,,,,,False,False,,,,,,,,,False,,lightgbm,False,False,无法预测：无适用模型且无相似车辆数据,0.0,,,,,,,False,False,,,,,,,,,False,
153,curve,True,长安/逸动/2015款 1.6 手动 豪华型 国V,长安,逸动,长安-逸动,中,9.58,3.14,哈尔滨,0.72,<1万,8-10年,燃油,低里程,极端低价,True,,8.79,0.64,0.0724,0.47,0.58,0.44,0.84,False,True,0.07999999999999996,11.111111111111107,brand_series,长安-逸动,Exponential(segmented),curve,curve,curve,False,,lightgbm,False,True,,8.79,0.61,0.0693,0.45,0.55,0.41,0.81,False,True,0.10999999999999999,15.277777777777777,brand_series,长安-逸动,LightGBM,lightgbm,lightgbm,lightgbm,False,
154,curve,True,奔驰/威霆/2023款 2.0T 自动 精英版 7座,奔驰,威霆,奔驰-威霆,优,2.08,0.5697,北京,20.83,>20万,0-3年,燃油,低里程,极端高价,True,,48.41,24.71,0.5104,27.35,29.38,25.8,27.67,False,False,3.8800000000000026,18.626980316850712,car_type,轿车-中大型车-合资,Polynomial,curve,curve,curve,False,,lightgbm,False,True,,48.41,24.53,0.5067,27.1,29.1,25.61,27.47,False,False,3.700000000000003,17.76284205472877,car_type,轿车-中大型车-合资,LightGBM,lightgbm,lightgbm,lightgbm,False,
155,curve,True,大众/途锐/2011款 3.0T 自动 豪华型 (进口),大众,途锐,大众-途锐,中,10.83,13.1469,长沙,9.0,5-10万,>10年,燃油,高里程,中间价,True,,14.68,2.23,0.1516,1.89,2.31,2.0,2.44,False,False,6.77,75.22222222222221,car_type,轿车-紧凑型车-合资,Polynomial,curve,curve,curve,False,,lightgbm,False,True,,14.68,1.94,0.1323,1.64,2.01,1.71,2.17,False,False,7.0600000000000005,78.44444444444446,car_type,轿车-紧凑型车-合资,LightGBM,lightgbm,lightgbm,lightgbm,False,
156,curve,True,哈弗/哈弗H6 Coupe/2015款 蓝标 2.0T 自动 两驱尊贵型,哈弗,哈弗H6 Coupe,哈弗-哈弗H6 Coupe,中,9.5,17.8889,温州,1.48,1-3万,8-10年,燃油,高里程,中间价,True,,14.98,1.74,0.1161,1.46,1.79,1.53,1.95,True,False,0.26,17.56756756756757,car_type,SUV-紧凑型车-国产,Exponential,curve,curve,curve,False,,lightgbm,False,True,,14.98,1.14,0.0764,0.93,1.14,0.99,1.29,False,False,0.3400000000000001,22.97297297297298,car_type,SUV-紧凑型车-国产,LightGBM,lightgbm,lightgbm,lightgbm,False,
157,curve,True,宝马/X6M/2010款 4.4T 自动 (进口),宝马,X6M,宝马-X6M,优,15.0,12.1776,日照,5.27,5-10万,>10年,燃油,高里程,中间价,True,,46.86,2.1,0.0448,2.08,2.29,2.13,2.47,False,False,3.1699999999999995,60.15180265654648,car_type,轿车-中大型车-合资,Polynomial,curve,curve,curve,False,,lightgbm,False,True,,46.86,1.3,0.0278,1.26,1.38,1.27,1.59,False,False,3.9699999999999998,75.33206831119544,car_type,轿车-中大型车-合资,LightGBM,lightgbm,lightgbm,lightgbm,False,
158,curve,True,日产/LANNIA 蓝鸟/2019款 1.6 自动 智联智酷版 国V,日产,LANNIA 蓝鸟,日产-LANNIA 蓝鸟,优,6.0,6.77,武汉,2.98,1-3万,5-8年,燃油,低里程,中间价,True,,13.19,3.72,0.2823,3.74,4.09,3.91,4.27,False,False,0.7400000000000002,24.83221476510068,car_type,轿车-紧凑型车-合资,Polynomial,curve,curve,curve,False,,lightgbm,False,True,,13.19,3.71,0.2813,3.73,4.08,3.89,4.26,False,False,0.73,24.496644295302016,car_type,轿车-紧凑型车-合资,LightGBM,lightgbm,lightgbm,lightgbm,False,
159,curve,True,大众/途岳/2019款 1.4T 自动 280TSI风尚版前驱 国VI,大众,途岳,大众-途岳,中,6.08,9.0524,杭州,5.78,5-10万,5-8年,燃油,低里程,中间价,True,,16.98,5.13,0.3024,4.48,5.36,4.67,5.58,False,False,0.6500000000000004,11.245674740484436,brand_series,大众-途岳,Exponential(segmented),curve,curve,curve,False,,lightgbm,False,True,,16.98,5.09,0.2999,4.44,5.32,4.63,5.54,False,False,0.6900000000000004,11.937716262975785,brand_series,大众-途岳,LightGBM,lightgbm,lightgbm,lightgbm,False,
160,curve,True,大众/速腾/2017款 1.4T 自动 230TSI舒适型,大众,速腾,大众-速腾,中,8.42,10.1094,深圳,3.41,3-5万,8-10年,燃油,低里程,中间价,True,,16.28,3.74,0.2296,3.24,3.91,3.38,4.08,True,True,0.33000000000000007,9.67741935483871,brand_series,大众-速腾,Power(segmented),curve,curve,curve,False,,lightgbm,False,True,,16.28,3.39,0.2083,2.93,3.55,3.06,3.7,True,True,0.020000000000000018,0.5865102639296192,brand_series,大众-速腾,LightGBM,lightgbm,lightgbm,lightgbm,False,
161,curve,True,起亚/K3S/2014款 1.6 自动 DLX,起亚,K3S,起亚-K3S,中,10.92,3.7441,南京,2.59,1-3万,>10年,燃油,低里程,中间价,True,,12.48,1.69,0.1355,1.42,1.73,1.49,1.89,False,False,0.8999999999999999,34.74903474903475,car_type,轿车-紧凑型车-合资,Polynomial,curve,curve,curve,False,,lightgbm,False,True,,12.48,1.76,0.1408,1.48,1.81,1.55,1.97,False,False,0.8299999999999998,32.04633204633204,car_type,轿车-紧凑型车-合资,LightGBM,lightgbm,lightgbm,lightgbm,False,
162,curve,True,"中升车源
双龙/享御/2011款 2.0T 自动 精英导航版四驱 柴油 (进口)","中升车源
双龙",享御,"中升车源
双龙-享御",差,13.25,17.6009,重庆,1.24,1-3万,>10年,燃油,高里程,中间价,False,无法预测：无适用模型且无相似车辆数据,0.0,,,,,,,False,False,,,,,,,,,False,,lightgbm,False,False,无法预测：无适用模型且无相似车辆数据,0.0,,,,,,,False,False,,,,,,,,,False,
163,curve,True,WEY/VV5/2017款 2.0T 自动 旗舰型,WEY,VV5,WEY-VV5,中,7.92,8.2684,上海,2.48,1-3万,5-8年,燃油,低里程,中间价,True,,16.3,3.03,0.186,2.61,3.17,2.74,3.32,False,False,0.5499999999999998,22.177419354838705,brand_series,WEY-VV5,Polynomial(segmented),curve,curve,curve,False,,lightgbm,False,True,,16.3,3.05,0.1874,2.63,3.19,2.76,3.34,False,False,0.5699999999999998,22.98387096774193,brand_series,WEY-VV5,LightGBM,lightgbm,lightgbm,lightgbm,False,
164,curve,True,大众/高尔夫/2016款 1.4T 自动 230TSI 舒适型,大众,高尔夫,大众-高尔夫,差,10.08,11.5042,保定,3.36,3-5万,>10年,燃油,高里程,中间价,True,,15.49,3.36,0.2166,2.51,3.02,2.62,3.16,False,False,0.0,0.0,brand_series,大众-高尔夫,Exponential(segmented),curve,curve,curve,False,,lightgbm,False,True,,15.49,3.33,0.2149,2.49,3.0,2.6,3.13,False,False,0.029999999999999805,0.8928571428571371,brand_series,大众-高尔夫,LightGBM,lightgbm,lightgbm,lightgbm,False,
165,curve,True,"中升车源
日产/轩逸/2021款 1.6 自动 XL悦享版","中升车源
日产",轩逸,"中升车源
日产-轩逸",中,4.58,3.105,淮安,6.02,5-10万,3-5年,燃油,低里程,中间价,False,无法预测：无适用模型且无相似车辆数据,0.0,,,,,,,False,False,,,,,,,,,False,,lightgbm,False,False,无法预测：无适用模型且无相似车辆数据,0.0,,,,,,,False,False,,,,,,,,,False,
166,curve,True,"中升车源
比亚迪/S7/2016款 2.0T 自动 尊贵型Plus","中升车源
比亚迪",S7,"中升车源
比亚迪-S7",中,9.08,5.7906,杭州,0.66,<1万,8-10年,燃油,低里程,极端低价,False,无法预测：无适用模型且无相似车辆数据,0.0,,,,,,,False,False,,,,,,,,,False,,lightgbm,False,False,无法预测：无适用模型且无相似车辆数据,0.0,,,,,,,False,False,,,,,,,,,False,
167,curve,True,大众/POLO两厢/2018款 1.5 自动 安享型,大众,POLO两厢,大众-POLO两厢,中,6.83,4.0486,成都,3.47,3-5万,5-8年,燃油,低里程,中间价,True,,10.39,3.45,0.3318,2.98,3.6,3.11,3.76,True,True,0.020000000000000018,0.5763688760806921,car_type,轿车-小型车-合资,Polynomial,curve,curve,curve,False,,lightgbm,False,True,,10.39,2.94,0.283,2.53,3.07,2.65,3.22,False,False,0.5300000000000002,15.273775216138336,car_type,轿车-小型车-合资,LightGBM,lightgbm,lightgbm,lightgbm,False,
168,curve,True,名爵/MG6/2019款 1.5T 自动 20T运动版,名爵,MG6,名爵-MG6,中,6.08,3.8952,中山,2.52,1-3万,5-8年,燃油,低里程,中间价,True,,13.98,3.38,0.2418,2.92,3.53,3.05,3.69,False,False,0.8599999999999999,34.12698412698412,car_type,轿车-紧凑型车-国产,Exponential,curve,curve,curve,False,,lightgbm,False,True,,13.98,3.4,0.2433,2.94,3.56,3.07,3.72,False,False,0.8799999999999999,34.92063492063492,car_type,轿车-紧凑型车-国产,LightGBM,lightgbm,lightgbm,lightgbm,False,
169,curve,True,五菱汽车/五菱宏光V/2019款 1.5 手动 劲享版LAR 国VI,五菱汽车,五菱宏光V,五菱汽车-五菱宏光V,中,5.5,15.5843,杭州,2.07,1-3万,5-8年,燃油,高里程,中间价,False,无法预测：无适用模型且无相似车辆数据,0.0,,,,,,,False,False,,,,,,,,,False,,lightgbm,False,False,无法预测：无适用模型且无相似车辆数据,0.0,,,,,,,False,False,,,,,,,,,False,
170,curve,True,丰田/凯美瑞/2018款 2.5 自动 HG豪华版 混动,丰田,凯美瑞,丰田-凯美瑞,中,7.0,9.7368,沈阳,6.12,5-10万,5-8年,新能源,低里程,中间价,True,,21.98,7.92,0.3601,6.97,8.21,7.25,8.55,False,False,1.7999999999999998,29.411764705882348,brand_series,丰田-凯美瑞,Polynomial(segmented),curve,curve,curve,False,,lightgbm,False,True,,21.98,7.93,0.3606,6.97,8.22,7.26,8.56,False,False,1.8099999999999996,29.575163398692805,brand_series,丰田-凯美瑞,LightGBM,lightgbm,lightgbm,lightgbm,False,
171,curve,True,日产/天籁/2021款 2.0 自动 XL 舒适版,日产,天籁,日产-天籁,中,4.92,13.7914,青岛,6.3,5-10万,3-5年,燃油,高里程,中间价,True,,19.98,6.05,0.3026,5.29,6.3,5.51,6.56,True,True,0.25,3.968253968253968,brand_series,日产-天籁,Exponential(segmented),curve,curve,curve,False,,lightgbm,False,True,,19.98,6.04,0.3022,5.28,6.29,5.5,6.55,False,True,0.2599999999999998,4.126984126984123,brand_series,日产-天籁,LightGBM,lightgbm,lightgbm,lightgbm,False,
172,curve,True,起亚/KX3/2015款 1.6T 自动 DLX前驱,起亚,KX3,起亚-KX3,中,9.33,14.8432,北京,2.5,1-3万,8-10年,燃油,高里程,中间价,True,,8.59,1.91,0.2225,1.61,1.97,1.68,2.14,False,False,0.5900000000000001,23.600000000000005,car_type,轿车-小型车-合资,Polynomial,curve,curve,curve,False,,lightgbm,False,True,,8.59,1.99,0.2322,1.69,2.06,1.75,2.23,False,False,0.51,20.400000000000002,car_type,轿车-小型车-合资,LightGBM,lightgbm,lightgbm,lightgbm,False,
173,curve,True,奔腾/B50/2016款 1.6 自动 豪华型,奔腾,B50,奔腾-B50,差,9.25,3.666,盘锦,1.0,1-3万,8-10年,燃油,低里程,中间价,True,,9.58,0.65,0.068,0.41,0.51,0.37,0.77,False,False,0.35,35.0,brand_series,奔腾-B50,Power(segmented),curve,curve,curve,False,,lightgbm,False,True,,9.58,0.79,0.0823,0.52,0.64,0.49,0.89,False,False,0.20999999999999996,20.999999999999996,brand_series,奔腾-B50,LightGBM,lightgbm,lightgbm,lightgbm,False,
174,curve,True,领克/领克08 EM-P/2025款 120km 长续航Pro,领克,领克08 EM-P,领克-领克08 EM-P,中,0.83,0.4603,曲靖,8.3,5-10万,0-3年,燃油,低里程,中间价,True,,13.26,8.08,0.6093,7.11,8.38,7.41,8.72,True,True,0.22000000000000064,2.650602409638562,car_type,SUV-紧凑型车-合资,Polynomial,curve,curve,curve,False,,lightgbm,False,True,,13.26,8.19,0.6176,7.21,8.49,7.51,8.84,True,True,0.11000000000000121,1.3253012048192914,car_type,SUV-紧凑型车-合资,LightGBM,lightgbm,lightgbm,lightgbm,False,
175,curve,True,"中升车源
丰田/卡罗拉/2014款 1.6 自动 GL","中升车源
丰田",卡罗拉,"中升车源
丰田-卡罗拉",中,11.17,9.103,苏州,3.03,3-5万,>10年,燃油,低里程,中间价,False,无法预测：无适用模型且无相似车辆数据,0.0,,,,,,,False,False,,,,,,,,,False,,lightgbm,False,False,无法预测：无适用模型且无相似车辆数据,0.0,,,,,,,False,False,,,,,,,,,False,
176,curve,True,吉利汽车/博瑞/2016款 2.4 自动 舒适型,吉利汽车,博瑞,吉利汽车-博瑞,中,8.58,11.5145,苏州,1.4,1-3万,8-10年,燃油,高里程,中间价,False,无法预测：无适用模型且无相似车辆数据,0.0,,,,,,,False,False,,,,,,,,,False,,lightgbm,False,False,无法预测：无适用模型且无相似车辆数据,0.0,,,,,,,False,False,,,,,,,,,False,
177,curve,True,起亚/K3/2015款 1.6 手动 GL,起亚,K3,起亚-K3,中,10.0,16.8426,武汉,0.76,<1万,>10年,燃油,高里程,极端低价,True,,11.48,1.56,0.1363,1.3,1.6,1.37,1.75,False,False,0.8,105.26315789473684,brand_series,起亚-K3,Power(segmented),curve,curve,curve,False,,lightgbm,False,True,,11.48,1.5,0.1308,1.25,1.53,1.32,1.68,False,False,0.74,97.36842105263158,brand_series,起亚-K3,LightGBM,lightgbm,lightgbm,lightgbm,False,
178,curve,True,福特/福睿斯/2019款 1.5 自动 悦享型 改款 国VI,福特,福睿斯,福特-福睿斯,中,5.83,5.0899,合肥,3.5,3-5万,5-8年,燃油,低里程,中间价,True,,10.38,2.47,0.2384,2.12,2.58,2.23,2.71,False,False,1.0299999999999998,29.42857142857142,brand_series,福特-福睿斯,Exponential(segmented),curve,curve,curve,False,,lightgbm,False,True,,10.38,2.48,0.2389,2.12,2.58,2.23,2.72,False,False,1.02,29.142857142857142,brand_series,福特-福睿斯,LightGBM,lightgbm,lightgbm,lightgbm,False,
179,curve,True,现代/伊兰特三厢/2023款 1.5L 自动 CVT TOP旗舰版,现代,伊兰特三厢,现代-伊兰特三厢,优,2.25,0.4945,大同,8.79,5-10万,0-3年,燃油,低里程,中间价,True,,11.28,5.7,0.5053,5.74,6.24,5.97,6.5,False,False,3.089999999999999,35.15358361774743,car_type,轿车-紧凑型车-合资,Polynomial,curve,curve,curve,False,,lightgbm,False,True,,11.28,5.73,0.5082,5.77,6.27,6.01,6.53,False,False,3.0599999999999987,34.812286689419786,car_type,轿车-紧凑型车-合资,LightGBM,lightgbm,lightgbm,lightgbm,False,
180,curve,True,"中升车源
哈弗/哈弗H6/2015款 1.5T 自动 运动版豪华型前驱","中升车源
哈弗",哈弗H6,"中升车源
哈弗-哈弗H6",优,9.67,4.4867,无锡,1.36,1-3万,8-10年,燃油,低里程,中间价,False,无法预测：无适用模型且无相似车辆数据,0.0,,,,,,,False,False,,,,,,,,,False,,lightgbm,False,False,无法预测：无适用模型且无相似车辆数据,0.0,,,,,,,False,False,,,,,,,,,False,
181,curve,True,宝骏/730/2014款 1.5 手动 舒适型7座,宝骏,730,宝骏-730,优,10.75,16.3421,泉州,0.53,<1万,>10年,燃油,高里程,极端低价,True,,7.48,0.79,0.1057,0.72,0.79,0.67,1.07,False,False,0.26,49.056603773584904,brand_series,宝骏-730,Exponential(segmented),curve,curve,curve,False,,lightgbm,False,True,,7.48,0.69,0.0926,0.62,0.68,0.56,0.96,False,False,0.15999999999999992,30.188679245283,brand_series,宝骏-730,LightGBM,lightgbm,lightgbm,lightgbm,False,
182,curve,True,"中升车源
别克/凯越/2013款 1.5 自动 经典型","中升车源
别克",凯越,"中升车源
别克-凯越",差,12.42,136.8859,南京,0.68,<1万,>10年,燃油,高里程,极端低价,False,无法预测：无适用模型且无相似车辆数据,0.0,,,,,,,False,False,,,,,,,,,False,,lightgbm,False,False,无法预测：无适用模型且无相似车辆数据,0.0,,,,,,,False,False,,,,,,,,,False,
183,curve,True,大众/POLO两厢/2011款 1.6 自动 致尚版,大众,POLO两厢,大众-POLO两厢,差,13.83,7.947,芜湖,1.22,1-3万,>10年,燃油,低里程,中间价,True,,11.19,0.98,0.0873,0.66,0.81,0.65,1.05,False,False,0.24,19.672131147540984,car_type,轿车-紧凑型车-合资,Polynomial,curve,curve,curve,False,,lightgbm,False,True,,11.19,1.01,0.0901,0.69,0.84,0.73,1.03,False,False,0.20999999999999996,17.213114754098356,car_type,轿车-紧凑型车-合资,LightGBM,lightgbm,lightgbm,lightgbm,False,
184,curve,True,"中升车源
大众/宝来三厢/2011款 1.6 自动 舒适型","中升车源
大众",宝来三厢,"中升车源
大众-宝来三厢",优,14.25,11.1458,佛山,0.51,<1万,>10年,燃油,高里程,极端低价,False,无法预测：无适用模型且无相似车辆数据,0.0,,,,,,,False,False,,,,,,,,,False,,lightgbm,False,False,无法预测：无适用模型且无相似车辆数据,0.0,,,,,,,False,False,,,,,,,,,False,
185,curve,True,北汽威旺/威旺M50F/2017款 1.5 手动 豪华型,北汽威旺,威旺M50F,北汽威旺-威旺M50F,差,8.67,4.4736,江门,0.77,<1万,8-10年,燃油,低里程,极端低价,False,无法预测：无适用模型且无相似车辆数据,0.0,,,,,,,False,False,,,,,,,,,False,,lightgbm,False,False,无法预测：无适用模型且无相似车辆数据,0.0,,,,,,,False,False,,,,,,,,,False,
186,curve,True,斯柯达/明锐/2019款 1.5 自动 豪华版,斯柯达,明锐,斯柯达-明锐,中,6.83,6.2884,苏州,4.12,3-5万,5-8年,燃油,低里程,中间价,True,,10.59,2.95,0.2786,2.54,3.08,2.66,3.23,False,False,1.17,28.398058252427184,car_type,轿车-紧凑型车-合资,Polynomial,curve,curve,curve,False,,lightgbm,False,True,,10.59,3.03,0.2865,2.61,3.17,2.74,3.32,False,False,1.0900000000000003,26.456310679611654,car_type,轿车-紧凑型车-合资,LightGBM,lightgbm,lightgbm,lightgbm,False,
187,curve,True,现代/领动/2016款 1.6 自动 智炫精英型,现代,领动,现代-领动,中,9.5,13.5375,北京,2.43,1-3万,8-10年,燃油,高里程,中间价,True,,15.98,2.68,0.1676,2.3,2.79,2.41,2.93,True,True,0.25,10.288065843621398,car_type,轿车-中型车-合资,Polynomial,curve,curve,curve,False,,lightgbm,False,True,,15.98,2.57,0.1609,2.2,2.68,2.32,2.82,True,True,0.13999999999999968,5.76131687242797,car_type,轿车-中型车-合资,LightGBM,lightgbm,lightgbm,lightgbm,False,
188,curve,True,丰田/凯美瑞/2012款 骏瑞 2.0S 自动 耀动版,丰田,凯美瑞,丰田-凯美瑞,中,12.0,11.817,日照,2.97,1-3万,>10年,燃油,高里程,中间价,True,,19.38,2.89,0.149,2.48,3.01,2.6,3.16,True,True,0.08000000000000007,2.693602693602696,brand_series,丰田-凯美瑞,Polynomial(segmented),curve,curve,curve,False,,lightgbm,False,True,,19.38,2.88,0.1484,2.47,3.0,2.59,3.15,True,True,0.0900000000000003,3.03030303030304,brand_series,丰田-凯美瑞,LightGBM,lightgbm,lightgbm,lightgbm,False,
189,curve,True,"中升车源
马自达/马自达3/2012款 1.6 自动 经典款特惠型","中升车源
马自达",马自达3,"中升车源
马自达-马自达3",差,13.83,11.3353,南京,1.03,1-3万,>10年,燃油,高里程,中间价,False,无法预测：无适用模型且无相似车辆数据,0.0,,,,,,,False,False,,,,,,,,,False,,lightgbm,False,False,无法预测：无适用模型且无相似车辆数据,0.0,,,,,,,False,False,,,,,,,,,False,
190,curve,True,丰田/凯美瑞/2013款 2.0 自动 G舒适版,丰田,凯美瑞,丰田-凯美瑞,中,12.5,9.9538,杭州,3.19,3-5万,>10年,燃油,低里程,中间价,True,,18.98,2.82,0.1488,2.43,2.95,2.55,3.09,False,False,0.3700000000000001,11.598746081504705,brand_series,丰田-凯美瑞,Polynomial(segmented),curve,curve,curve,False,,lightgbm,False,True,,18.98,3.27,0.172,2.82,3.41,2.95,3.57,True,True,0.08000000000000007,2.5078369905956137,brand_series,丰田-凯美瑞,LightGBM,lightgbm,lightgbm,lightgbm,False,
191,curve,True,丰田/皇冠/2018款 2.0T 自动 运动版,丰田,皇冠,丰田-皇冠,中,7.08,24.1835,济南,7.02,5-10万,5-8年,燃油,高里程,中间价,True,,30.48,10.54,0.3458,9.35,10.91,9.72,11.33,False,False,3.5199999999999996,50.14245014245014,brand_series,丰田-皇冠,Power(segmented),curve,curve,curve,False,,lightgbm,False,True,,30.48,10.47,0.3435,9.29,10.83,9.65,11.26,False,False,3.450000000000001,49.14529914529916,brand_series,丰田-皇冠,LightGBM,lightgbm,lightgbm,lightgbm,False,
192,curve,True,AITO 问界/问界M5/2022款 纯电四驱性能版,AITO 问界,问界M5,AITO 问界-问界M5,中,3.33,6.0352,西安,9.95,5-10万,3-5年,新能源,低里程,中间价,False,无法预测：无适用模型且无相似车辆数据,0.0,,,,,,,False,False,,,,,,,,,False,,lightgbm,False,False,无法预测：无适用模型且无相似车辆数据,0.0,,,,,,,False,False,,,,,,,,,False,
193,curve,True,东南/DX7/2017款 1.5T 自动 荣耀版,东南,DX7,东南-DX7,差,9.17,13.5956,海口,0.82,<1万,8-10年,燃油,高里程,极端低价,True,,13.29,1.08,0.0811,0.74,0.91,0.79,1.09,True,True,0.2600000000000001,31.70731707317075,brand_series,东南-DX7,Power(segmented),curve,curve,curve,False,,lightgbm,False,True,,13.29,1.01,0.0758,0.69,0.84,0.73,1.03,True,True,0.19000000000000006,23.17073170731708,brand_series,东南-DX7,LightGBM,lightgbm,lightgbm,lightgbm,False,
194,curve,True,大众/迈腾/2013款 1.8T 自动 豪华型,大众,迈腾,大众-迈腾,差,11.67,16.5243,哈尔滨,2.42,1-3万,>10年,燃油,高里程,中间价,True,,21.98,2.7,0.1228,2.0,2.42,2.1,2.59,True,True,0.28000000000000025,11.570247933884307,brand_series,大众-迈腾,Polynomial(segmented),curve,curve,curve,False,,lightgbm,False,True,,21.98,2.67,0.1213,1.97,2.39,2.07,2.55,False,True,0.25,10.330578512396695,brand_series,大众-迈腾,LightGBM,lightgbm,lightgbm,lightgbm,False,
195,curve,True,腾势/腾势D9/2025款 1.5T 自动 DM-i 智驾版 1020 四驱尊荣型,腾势,腾势D9,腾势-腾势D9,优,1.0,1.6969,杭州,29.5,>20万,0-3年,新能源,低里程,极端高价,True,,35.98,24.69,0.6863,27.33,29.36,25.79,27.66,False,False,4.809999999999999,16.305084745762706,car_type,MPV-中大型车-合资,Exponential,curve,curve,curve,False,,lightgbm,False,True,,35.98,23.65,0.6573,25.86,27.74,24.69,26.45,False,False,5.850000000000001,19.830508474576273,car_type,MPV-中大型车-合资,LightGBM,lightgbm,lightgbm,lightgbm,False,
196,curve,True,"中升车源
吉利汽车/帝豪三厢/2016款 1.5 手动 向上版","中升车源
吉利汽车",帝豪三厢,"中升车源
吉利汽车-帝豪三厢",差,9.83,5.4259,广州,0.66,<1万,8-10年,燃油,低里程,极端低价,False,无法预测：无适用模型且无相似车辆数据,0.0,,,,,,,False,False,,,,,,,,,False,,lightgbm,False,False,无法预测：无适用模型且无相似车辆数据,0.0,,,,,,,False,False,,,,,,,,,False,
197,curve,True,现代/名图/2014款 1.8 自动 智能型,现代,名图,现代-名图,中,11.58,10.5594,石家庄,1.74,1-3万,>10年,燃油,高里程,中间价,True,,14.98,1.82,0.1213,1.53,1.87,1.6,2.04,True,True,0.08000000000000007,4.5977011494252915,brand_series,现代-名图,Power(segmented),curve,curve,curve,False,,lightgbm,False,True,,14.98,2.1,0.1403,1.78,2.18,1.89,2.3,False,False,0.3600000000000001,20.689655172413797,brand_series,现代-名图,LightGBM,lightgbm,lightgbm,lightgbm,False,
198,curve,True,铃木/天语SX4两厢/2013款 1.6 手动 酷锐型,铃木,天语SX4两厢,铃木-天语SX4两厢,优,11.08,10.8453,长春,0.95,<1万,>10年,燃油,高里程,极端低价,True,,7.98,1.04,0.131,0.99,1.09,1.0,1.3,False,False,0.09000000000000008,9.473684210526324,car_type,轿车-紧凑型车-合资,Polynomial,curve,curve,curve,False,,lightgbm,False,True,,7.98,1.02,0.1274,0.96,1.06,0.96,1.26,False,False,0.07000000000000006,7.368421052631585,car_type,轿车-紧凑型车-合资,LightGBM,lightgbm,lightgbm,lightgbm,False,
199,curve,True,福特/福克斯两厢/2017款 1.6 自动 风尚型智行版,福特,福克斯两厢,福特-福克斯两厢,优,8.33,9.3258,乌鲁木齐,2.22,1-3万,8-10年,燃油,低里程,中间价,True,,13.88,2.83,0.204,2.84,3.11,2.86,3.32,False,False,0.6099999999999999,27.477477477477468,car_type,轿车-紧凑型车-合资,Polynomial,curve,curve,curve,False,,lightgbm,False,True,,13.88,2.64,0.1903,2.64,2.89,2.67,3.09,False,False,0.41999999999999993,18.918918918918916,car_type,轿车-紧凑型车-合资,LightGBM,lightgbm,lightgbm,lightgbm,False,
200,curve,True,比亚迪/海狮07 EV/2025款 610智航版,比亚迪,海狮07 EV,比亚迪-海狮07 EV,中,0.5,0.6597,上海,12.39,10-20万,0-3年,新能源,低里程,极端高价,True,,18.58,10.77,0.5795,9.56,11.14,9.93,11.57,False,False,1.620000000000001,13.07506053268766,car_type,SUV-紧凑型车-国产,Exponential,curve,curve,curve,False,,lightgbm,False,True,,18.58,10.55,0.5678,9.36,10.91,9.73,11.34,False,False,1.8399999999999999,14.850686037126714,car_type,SUV-紧凑型车-国产,LightGBM,lightgbm,lightgbm,lightgbm,False,
201,curve,True,大众/一汽-大众CC/2010款 2.0T 自动 尊贵型,大众,一汽-大众CC,大众-一汽-大众CC,差,15.33,19.0847,天津,1.01,1-3万,>10年,燃油,高里程,中间价,True,,29.48,2.1,0.0712,1.53,1.86,1.62,2.01,False,False,1.09,107.92079207920793,car_type,SUV-紧凑型车-合资,Polynomial,curve,curve,curve,False,,lightgbm,False,True,,29.48,1.09,0.037,0.75,0.92,0.8,1.1,False,True,0.08000000000000007,7.920792079207928,car_type,SUV-紧凑型车-合资,LightGBM,lightgbm,lightgbm,lightgbm,False,
202,curve,True,丰田/RAV4荣放/2016款 2.0L 自动 CVT两驱智尚版 国V,丰田,RAV4荣放,丰田-RAV4荣放,中,7.67,9.6096,苏州,6.29,5-10万,5-8年,燃油,低里程,中间价,True,,19.98,4.98,0.2491,4.34,5.2,4.52,5.41,False,False,1.3099999999999996,20.826709062003175,car_type,SUV-紧凑型车-合资,Polynomial,curve,curve,curve,False,,lightgbm,False,True,,19.98,4.57,0.2286,3.98,4.77,4.14,4.97,False,False,1.7199999999999998,27.3449920508744,car_type,SUV-紧凑型车-合资,LightGBM,lightgbm,lightgbm,lightgbm,False,
203,curve,True,大众/朗逸/2019款 1.5 自动 启航风尚版 国VI,大众,朗逸,大众-朗逸,中,4.92,15.1389,杭州,3.36,3-5万,3-5年,燃油,高里程,中间价,True,,11.19,3.97,0.3547,3.44,4.15,3.59,4.33,False,False,0.6100000000000003,18.154761904761916,brand_series,大众-朗逸,Exponential(segmented),curve,curve,curve,False,,lightgbm,False,True,,11.19,3.76,0.3359,3.26,3.93,3.4,4.1,True,False,0.3999999999999999,11.904761904761903,brand_series,大众-朗逸,LightGBM,lightgbm,lightgbm,lightgbm,False,
204,curve,True,福特/金牛座/2017款 2.0T 自动 EcoBoost245豪华型 改款,福特,金牛座,福特-金牛座,中,8.08,9.8728,哈尔滨,5.2,5-10万,8-10年,燃油,低里程,中间价,True,,24.98,4.81,0.1924,4.19,5.02,4.36,5.23,False,True,0.39000000000000057,7.500000000000011,car_type,轿车-中大型车-合资,Polynomial,curve,curve,curve,False,,lightgbm,False,True,,24.98,5.55,0.2221,4.85,5.79,5.05,6.02,True,True,0.34999999999999964,6.730769230769224,car_type,轿车-中大型车-合资,LightGBM,lightgbm,lightgbm,lightgbm,False,
205,curve,True,"中升车源
奇瑞/瑞虎3/2016款 1.6 手动 风尚版","中升车源
奇瑞",瑞虎3,"中升车源
奇瑞-瑞虎3",中,9.17,8.6534,东莞,0.65,<1万,8-10年,燃油,低里程,极端低价,False,无法预测：无适用模型且无相似车辆数据,0.0,,,,,,,False,False,,,,,,,,,False,,lightgbm,False,False,无法预测：无适用模型且无相似车辆数据,0.0,,,,,,,False,False,,,,,,,,,False,
206,curve,True,"中升车源
现代/领动/2019款 1.4T 自动 炫动活力型","中升车源
现代",领动,"中升车源
现代-领动",优,6.0,5.9625,吉林,3.98,3-5万,5-8年,燃油,低里程,中间价,False,无法预测：无适用模型且无相似车辆数据,0.0,,,,,,,False,False,,,,,,,,,False,,lightgbm,False,False,无法预测：无适用模型且无相似车辆数据,0.0,,,,,,,False,False,,,,,,,,,False,
207,curve,True,哈弗/哈弗H6/2017款 1.5T 自动 蓝标运动版豪华型前驱,哈弗,哈弗H6,哈弗-哈弗H6,中,8.42,10.7749,北京,2.54,1-3万,8-10年,燃油,高里程,中间价,True,,10.28,1.55,0.1512,1.3,1.59,1.36,1.74,False,False,0.99,38.976377952755904,car_type,SUV-紧凑型车-国产,Exponential,curve,curve,curve,False,,lightgbm,False,True,,10.28,1.63,0.1583,1.36,1.67,1.43,1.83,False,False,0.9100000000000001,35.82677165354331,car_type,SUV-紧凑型车-国产,LightGBM,lightgbm,lightgbm,lightgbm,False,
208,curve,True,AITO 问界/问界M7/2024款 1.5T 自动 智驾四驱Ultra版 6座,AITO 问界,问界M7,AITO 问界-问界M7,中,1.67,2.1948,西安,18.7,10-20万,0-3年,燃油,低里程,极端高价,False,无法预测：无适用模型且无相似车辆数据,0.0,,,,,,,False,False,,,,,,,,,False,,lightgbm,False,False,无法预测：无适用模型且无相似车辆数据,0.0,,,,,,,False,False,,,,,,,,,False,
209,curve,True,丰田/亚洲龙/2022款 双擎 2.5L 自动 豪华版,丰田,亚洲龙,丰田-亚洲龙,中,3.5,8.9679,惠州,12.13,10-20万,3-5年,燃油,低里程,极端高价,True,,22.68,11.29,0.4977,10.05,11.68,10.42,12.12,False,False,0.8400000000000016,6.9249793899423056,brand_series,丰田-亚洲龙,Exponential(segmented),curve,curve,curve,False,,lightgbm,False,True,,22.68,11.03,0.4861,9.8,11.41,10.17,11.84,False,False,1.1000000000000014,9.068425391591107,brand_series,丰田-亚洲龙,LightGBM,lightgbm,lightgbm,lightgbm,False,
210,curve,True,菲亚特/菲翔/2012款 1.4T 自动 劲享版,菲亚特,菲翔,菲亚特-菲翔,优,11.83,0.0,杭州,0.5,<1万,>10年,燃油,低里程,极端低价,True,,13.88,0.59,0.0426,0.51,0.56,0.45,0.85,False,True,0.08999999999999997,17.999999999999993,brand_series,菲亚特-菲翔,Power(segmented),curve,curve,curve,False,,lightgbm,False,True,,13.88,0.61,0.0438,0.53,0.58,0.47,0.87,False,True,0.10999999999999999,21.999999999999996,brand_series,菲亚特-菲翔,LightGBM,lightgbm,lightgbm,lightgbm,False,
211,curve,True,日产/逍客/2012款 2.0 自动 XL火前驱,日产,逍客,日产-逍客,中,11.33,11.7699,深圳,1.97,1-3万,>10年,燃油,高里程,中间价,True,,16.48,1.89,0.1147,1.6,1.95,1.66,2.12,False,True,0.08000000000000007,4.0609137055837605,brand_series,日产-逍客,Polynomial(segmented),curve,curve,curve,False,,lightgbm,False,True,,16.48,1.99,0.1206,1.68,2.05,1.75,2.23,True,True,0.020000000000000018,1.0152284263959401,brand_series,日产-逍客,LightGBM,lightgbm,lightgbm,lightgbm,False,
212,curve,True,别克/君威/2014款 2.0 自动 精英时尚型,别克,君威,别克-君威,中,11.5,13.9654,日照,1.8,1-3万,>10年,燃油,高里程,中间价,True,,19.39,1.29,0.0666,1.06,1.3,1.14,1.44,False,False,0.51,28.333333333333332,brand_series,别克-君威,Polynomial(segmented),curve,curve,curve,False,,lightgbm,False,True,,19.39,1.37,0.0704,1.13,1.38,1.2,1.52,False,False,0.42999999999999994,23.888888888888886,brand_series,别克-君威,LightGBM,lightgbm,lightgbm,lightgbm,False,
213,curve,True,宝骏/730/2014款 1.5 手动 舒适型7座,宝骏,730,宝骏-730,差,10.33,11.999,滁州,0.8,<1万,>10年,燃油,高里程,极端低价,True,,7.48,0.84,0.1126,0.56,0.69,0.53,0.93,False,True,0.039999999999999925,4.99999999999999,brand_series,宝骏-730,Exponential(segmented),curve,curve,curve,False,,lightgbm,False,True,,7.48,0.92,0.1232,0.62,0.76,0.6,1.0,False,True,0.12,15.0,brand_series,宝骏-730,LightGBM,lightgbm,lightgbm,lightgbm,False,
214,curve,True,"中升车源
大众/速腾/2014款 改款1.6L 手动 舒适型","中升车源
大众",速腾,"中升车源
大众-速腾",差,11.0,7.0494,广州,1.6,1-3万,>10年,燃油,低里程,中间价,False,无法预测：无适用模型且无相似车辆数据,0.0,,,,,,,False,False,,,,,,,,,False,,lightgbm,False,False,无法预测：无适用模型且无相似车辆数据,0.0,,,,,,,False,False,,,,,,,,,False,
215,curve,True,"中升车源
大众/途观/2010款 2.0T 自动 旗舰型四驱","中升车源
大众",途观,"中升车源
大众-途观",中,15.75,24.0533,深圳,1.18,1-3万,>10年,燃油,高里程,中间价,False,无法预测：无适用模型且无相似车辆数据,0.0,,,,,,,False,False,,,,,,,,,False,,lightgbm,False,False,无法预测：无适用模型且无相似车辆数据,0.0,,,,,,,False,False,,,,,,,,,False,
216,curve,True,大众/凌渡/2022款 凌渡L 1.4T 自动 280TSI DSG炫辣版,大众,凌渡,大众-凌渡,中,3.58,2.2606,盐城,9.05,5-10万,3-5年,燃油,低里程,中间价,True,,16.99,7.6,0.4474,6.68,7.89,6.96,8.22,False,False,1.450000000000001,16.022099447513824,brand_series,大众-凌渡,Exponential(segmented),curve,curve,curve,False,,lightgbm,False,True,,16.99,7.86,0.4629,6.92,8.16,7.2,8.5,False,False,1.1900000000000004,13.149171270718234,brand_series,大众-凌渡,LightGBM,lightgbm,lightgbm,lightgbm,False,
217,curve,True,丰田/卡罗拉/2017款 改款 1.2T 自动 S-CVT GL,丰田,卡罗拉,丰田-卡罗拉,中,8.0,11.0769,深圳,3.8,3-5万,8-10年,燃油,高里程,中间价,True,,13.68,3.55,0.2594,3.07,3.71,3.21,3.87,False,True,0.25,6.578947368421052,brand_series,丰田-卡罗拉,Power(segmented),curve,curve,curve,False,,lightgbm,False,True,,13.68,3.5,0.2556,3.03,3.66,3.16,3.82,False,True,0.2999999999999998,7.894736842105258,brand_series,丰田-卡罗拉,LightGBM,lightgbm,lightgbm,lightgbm,False,
218,curve,True,广汽传祺/传祺GS4/2017款 1.3T 自动 200T G-DCT舒适版前驱,广汽传祺,传祺GS4,广汽传祺-传祺GS4,差,8.67,10.1574,东莞,2.09,1-3万,8-10年,燃油,低里程,中间价,False,无法预测：无适用模型且无相似车辆数据,0.0,,,,,,,False,False,,,,,,,,,False,,lightgbm,False,False,无法预测：无适用模型且无相似车辆数据,0.0,,,,,,,False,False,,,,,,,,,False,
219,curve,True,宝马/iX3/2021款 创领型,宝马,iX3,宝马-iX3,中,5.08,8.5612,沈阳,10.1,10-20万,5-8年,燃油,低里程,极端高价,True,,43.99,13.94,0.3168,12.56,14.5,12.92,14.92,False,False,3.84,38.01980198019802,car_type,SUV-中型车-合资,Polynomial,curve,curve,curve,False,,lightgbm,False,True,,43.99,14.01,0.3185,12.63,14.58,12.99,15.0,False,False,3.91,38.71287128712871,car_type,SUV-中型车-合资,LightGBM,lightgbm,lightgbm,lightgbm,False,
220,curve,True,"中升车源
长城/M4/2012款 1.5 手动 舒适型","中升车源
长城",M4,"中升车源
长城-M4",差,12.0,7.0261,长春,0.49,<1万,>10年,燃油,低里程,极端低价,False,无法预测：无适用模型且无相似车辆数据,0.0,,,,,,,False,False,,,,,,,,,False,,lightgbm,False,False,无法预测：无适用模型且无相似车辆数据,0.0,,,,,,,False,False,,,,,,,,,False,
221,curve,True,福特/锐界/2016款 2.0T 自动 EcoBoost245尊锐型7座四驱,福特,锐界,福特-锐界,中,9.17,13.3093,东莞,5.62,5-10万,8-10年,燃油,高里程,中间价,True,,24.98,4.26,0.1707,3.71,4.46,3.86,4.64,False,False,1.3600000000000003,24.199288256227764,brand_series,福特-锐界,Power(segmented),curve,curve,curve,False,,lightgbm,False,True,,24.98,4.94,0.1978,4.31,5.16,4.49,5.37,False,False,0.6799999999999997,12.099644128113873,brand_series,福特-锐界,LightGBM,lightgbm,lightgbm,lightgbm,False,
222,curve,True,比亚迪/驱逐舰05/2024款 荣耀版 1.5L 自动 DM-i 55KM 豪华型,比亚迪,驱逐舰05,比亚迪-驱逐舰05,优,1.58,0.8764,玉林,4.35,3-5万,0-3年,新能源,低里程,中间价,True,,11.78,5.23,0.4441,5.27,5.73,5.48,5.97,False,False,0.8800000000000008,20.229885057471282,brand_series,比亚迪-驱逐舰05,Exponential(segmented),curve,curve,curve,False,,lightgbm,False,True,,11.78,5.24,0.4447,5.27,5.74,5.49,5.98,False,False,0.8900000000000006,20.459770114942543,brand_series,比亚迪-驱逐舰05,LightGBM,lightgbm,lightgbm,lightgbm,False,
223,curve,True,本田/锋范/2015款 1.5 手动 进取版,本田,锋范,本田-锋范,中,9.58,13.9707,武汉,1.2,1-3万,8-10年,燃油,高里程,中间价,True,,8.28,1.67,0.2016,1.4,1.71,1.47,1.87,False,False,0.47,39.166666666666664,brand_series,本田-锋范,Power(segmented),curve,curve,curve,False,,lightgbm,False,True,,8.28,1.47,0.1775,1.22,1.5,1.29,1.65,False,False,0.27,22.500000000000004,brand_series,本田-锋范,LightGBM,lightgbm,lightgbm,lightgbm,False,
224,curve,True,"中升车源
纳智捷/优6/2015款 1.8T 自动 魅力升级型","中升车源
纳智捷",优6,"中升车源
纳智捷-优6",优,9.75,7.2319,广州,0.81,<1万,8-10年,燃油,低里程,极端低价,False,无法预测：无适用模型且无相似车辆数据,0.0,,,,,,,False,False,,,,,,,,,False,,lightgbm,False,False,无法预测：无适用模型且无相似车辆数据,0.0,,,,,,,False,False,,,,,,,,,False,
225,curve,True,日产/天籁/2013款 2.0 自动 XL舒适版,日产,天籁,日产-天籁,中,12.17,10.4879,揭阳,2.61,1-3万,>10年,燃油,低里程,中间价,True,,17.78,2.11,0.1187,1.79,2.19,1.9,2.31,False,False,0.5,19.157088122605366,brand_series,日产-天籁,Polynomial(segmented),curve,curve,curve,False,,lightgbm,False,True,,17.78,2.65,0.1491,2.27,2.76,2.39,2.9,True,True,0.040000000000000036,1.5325670498084305,brand_series,日产-天籁,LightGBM,lightgbm,lightgbm,lightgbm,False,
226,curve,True,"中升车源
别克/英朗三厢/2015款 1.5 自动 15N精英型","中升车源
别克",英朗三厢,"中升车源
别克-英朗三厢",中,10.42,9.0505,沈阳,1.46,1-3万,>10年,燃油,低里程,中间价,False,无法预测：无适用模型且无相似车辆数据,0.0,,,,,,,False,False,,,,,,,,,False,,lightgbm,False,False,无法预测：无适用模型且无相似车辆数据,0.0,,,,,,,False,False,,,,,,,,,False,
227,curve,True,日产/楼兰/2019款 2.5 自动 XL智联豪华版前驱 国VI,日产,楼兰,日产-楼兰,中,7.25,13.0884,北京,6.23,5-10万,5-8年,燃油,高里程,中间价,True,,27.13,6.39,0.2355,5.6,6.65,5.83,6.92,True,True,0.15999999999999925,2.568218298555365,car_type,SUV-中型车-合资,Polynomial,curve,curve,curve,False,,lightgbm,False,True,,27.13,5.87,0.2163,5.13,6.12,5.35,6.37,False,True,0.3600000000000003,5.778491171749604,car_type,SUV-中型车-合资,LightGBM,lightgbm,lightgbm,lightgbm,False,
228,curve,True,丰田/锐志/2013款 2.5 自动 V尚锐版,丰田,锐志,丰田-锐志,差,10.92,12.8659,杭州,6.12,5-10万,>10年,燃油,高里程,中间价,True,,24.28,4.64,0.1909,3.52,4.2,3.66,4.38,False,False,1.4800000000000004,24.18300653594772,brand_series,丰田-锐志,Polynomial(segmented),curve,curve,curve,False,,lightgbm,False,True,,24.28,4.69,0.1933,3.56,4.25,3.71,4.43,False,False,1.4299999999999997,23.36601307189542,brand_series,丰田-锐志,LightGBM,lightgbm,lightgbm,lightgbm,False,
229,curve,True,"中升车源
日产/阳光/2015款 1.5 自动 XE舒适版","中升车源
日产",阳光,"中升车源
日产-阳光",中,9.58,13.5984,广州,1.1,1-3万,8-10年,燃油,高里程,中间价,False,无法预测：无适用模型且无相似车辆数据,0.0,,,,,,,False,False,,,,,,,,,False,,lightgbm,False,False,无法预测：无适用模型且无相似车辆数据,0.0,,,,,,,False,False,,,,,,,,,False,
230,curve,True,马自达/马6阿特兹/2018款 2.0 自动 蓝天豪华版,马自达,马6阿特兹,马自达-马6阿特兹,中,6.75,9.4346,宝鸡,5.97,5-10万,5-8年,燃油,低里程,中间价,True,,16.98,4.55,0.2677,3.96,4.75,4.12,4.95,False,False,1.42,23.785594639865995,car_type,SUV-紧凑型车-合资,Polynomial,curve,curve,curve,False,,lightgbm,False,True,,16.98,4.52,0.2663,3.94,4.73,4.1,4.92,False,False,1.4500000000000002,24.28810720268007,car_type,SUV-紧凑型车-合资,LightGBM,lightgbm,lightgbm,lightgbm,False,
231,curve,True,"中升车源
哈弗/哈弗H6/2013款 1.5T 手动 运动版精英型前驱","中升车源
哈弗",哈弗H6,"中升车源
哈弗-哈弗H6",差,12.25,9.5709,重庆,0.6,<1万,>10年,燃油,低里程,极端低价,False,无法预测：无适用模型且无相似车辆数据,0.0,,,,,,,False,False,,,,,,,,,False,,lightgbm,False,False,无法预测：无适用模型且无相似车辆数据,0.0,,,,,,,False,False,,,,,,,,,False,
232,curve,True,起亚/K2三厢/2015款 1.4 手动 GLS,起亚,K2三厢,起亚-K2三厢,差,10.92,13.1066,北京,0.75,<1万,>10年,燃油,高里程,极端低价,True,,7.99,1.12,0.1403,0.78,0.95,0.83,1.13,False,False,0.3700000000000001,49.33333333333334,car_type,轿车-小型车-合资,Polynomial,curve,curve,curve,False,,lightgbm,False,True,,7.99,1.02,0.1274,0.7,0.85,0.74,1.04,True,True,0.27,36.00000000000001,car_type,轿车-小型车-合资,LightGBM,lightgbm,lightgbm,lightgbm,False,
233,curve,True,"中升车源
奔驰/CLA级 (进口)/2016款 2.0T 自动 CLA260四驱 (进口)","中升车源
奔驰",CLA级 (进口),"中升车源
奔驰-CLA级 (进口)",中,9.75,13.2182,大连,5.14,5-10万,8-10年,燃油,高里程,中间价,False,无法预测：无适用模型且无相似车辆数据,0.0,,,,,,,False,False,,,,,,,,,False,,lightgbm,False,False,无法预测：无适用模型且无相似车辆数据,0.0,,,,,,,False,False,,,,,,,,,False,
234,curve,True,"中升车源
大众/宝来三厢/2016款 1.6 手动 舒适型","中升车源
大众",宝来三厢,"中升车源
大众-宝来三厢",差,9.42,15.6109,天津,1.92,1-3万,8-10年,燃油,高里程,中间价,False,无法预测：无适用模型且无相似车辆数据,0.0,,,,,,,False,False,,,,,,,,,False,,lightgbm,False,False,无法预测：无适用模型且无相似车辆数据,0.0,,,,,,,False,False,,,,,,,,,False,
235,curve,True,东风风光/风光580/2020款 1.5T 手动 豪华型,东风风光,风光580,东风风光-风光580,差,6.08,4.6675,中山,1.81,1-3万,5-8年,燃油,低里程,中间价,False,无法预测：无适用模型且无相似车辆数据,0.0,,,,,,,False,False,,,,,,,,,False,,lightgbm,False,False,无法预测：无适用模型且无相似车辆数据,0.0,,,,,,,False,False,,,,,,,,,False,
236,curve,True,"中升车源
荣威/350/2013款 1.5 自动 C讯悦版","中升车源
荣威",350,"中升车源
荣威-350",优,12.5,16.683,大连,1.3,1-3万,>10年,燃油,高里程,中间价,False,无法预测：无适用模型且无相似车辆数据,0.0,,,,,,,False,False,,,,,,,,,False,,lightgbm,False,False,无法预测：无适用模型且无相似车辆数据,0.0,,,,,,,False,False,,,,,,,,,False,
237,curve,True,斯柯达/晶锐/2011款 1.6 手动 酷黑版,斯柯达,晶锐,斯柯达-晶锐,中,14.33,10.3644,北京,0.34,<1万,>10年,燃油,低里程,极端低价,True,,10.86,0.72,0.0662,0.55,0.68,0.52,0.92,False,False,0.37999999999999995,111.76470588235293,brand_series,斯柯达-晶锐,Power(segmented),curve,curve,curve,False,,lightgbm,False,True,,10.86,0.88,0.0814,0.69,0.86,0.68,1.08,False,False,0.54,158.8235294117647,brand_series,斯柯达-晶锐,LightGBM,lightgbm,lightgbm,lightgbm,False,
238,curve,True,"中升车源
别克/君越/2020款 2.0T 自动 652T豪华型","中升车源
别克",君越,"中升车源
别克-君越",中,5.58,6.0585,杭州,7.51,5-10万,5-8年,燃油,低里程,中间价,False,无法预测：无适用模型且无相似车辆数据,0.0,,,,,,,False,False,,,,,,,,,False,,lightgbm,False,False,无法预测：无适用模型且无相似车辆数据,0.0,,,,,,,False,False,,,,,,,,,False,
239,curve,True,大众/捷达/2012款 1.6 手动 GIF前卫,大众,捷达,大众-捷达,差,13.5,15.7162,哈尔滨,0.6,<1万,>10年,燃油,高里程,极端低价,True,,8.08,0.55,0.0676,0.33,0.41,0.27,0.67,False,True,0.04999999999999993,8.333333333333323,brand_series,大众-捷达,Polynomial(segmented),curve,curve,curve,False,,lightgbm,False,True,,8.08,0.53,0.065,0.32,0.39,0.26,0.66,False,True,0.06999999999999995,11.666666666666659,brand_series,大众-捷达,LightGBM,lightgbm,lightgbm,lightgbm,False,
240,curve,True,起亚/索兰托/2016款 2.2T 自动 定制版5座四驱 柴油 国IV (进口),起亚,索兰托,起亚-索兰托,差,9.92,15.6414,长沙,5.08,5-10万,8-10年,燃油,高里程,中间价,True,,11.88,2.1,0.1768,1.53,1.86,1.62,2.01,False,False,2.98,58.661417322834644,car_type,轿车-紧凑型车-合资,Polynomial,curve,curve,curve,False,,lightgbm,False,True,,11.88,1.58,0.1326,1.13,1.37,1.19,1.57,False,False,3.5,68.89763779527559,car_type,轿车-紧凑型车-合资,LightGBM,lightgbm,lightgbm,lightgbm,False,
241,curve,True,"中升车源
宝马/3系/2014款 2.0T 自动 320i进取型","中升车源
宝马",3系,"中升车源
宝马-3系",差,11.83,11.6612,杭州,3.44,3-5万,>10年,燃油,高里程,中间价,False,无法预测：无适用模型且无相似车辆数据,0.0,,,,,,,False,False,,,,,,,,,False,,lightgbm,False,False,无法预测：无适用模型且无相似车辆数据,0.0,,,,,,,False,False,,,,,,,,,False,
242,curve,True,哈弗/哈弗H6/2015款 1.5T 手动 运动版精英型前驱 改款,哈弗,哈弗H6,哈弗-哈弗H6,优,9.58,17.664,桂林,1.01,1-3万,8-10年,燃油,高里程,中间价,True,,14.08,1.6,0.1134,1.56,1.72,1.56,1.94,False,False,0.5900000000000001,58.41584158415842,car_type,SUV-紧凑型车-国产,Exponential,curve,curve,curve,False,,lightgbm,False,True,,14.08,0.76,0.0537,0.68,0.75,0.63,1.03,False,True,0.25,24.752475247524753,car_type,SUV-紧凑型车-国产,LightGBM,lightgbm,lightgbm,lightgbm,False,
243,curve,True,"中升车源
日产/逍客/2022款 2.0 自动 XV Prem.豪华版","中升车源
日产",逍客,"中升车源
日产-逍客",优,3.5,4.222,沈阳,5.1,5-10万,3-5年,燃油,低里程,中间价,False,无法预测：无适用模型且无相似车辆数据,0.0,,,,,,,False,False,,,,,,,,,False,,lightgbm,False,False,无法预测：无适用模型且无相似车辆数据,0.0,,,,,,,False,False,,,,,,,,,False,
244,curve,True,"中升车源
丰田/卡罗拉/2018款 1.2T 自动 GL智享版","中升车源
丰田",卡罗拉,"中升车源
丰田-卡罗拉",差,7.08,2.9045,杭州,3.52,3-5万,5-8年,燃油,低里程,中间价,False,无法预测：无适用模型且无相似车辆数据,0.0,,,,,,,False,False,,,,,,,,,False,,lightgbm,False,False,无法预测：无适用模型且无相似车辆数据,0.0,,,,,,,False,False,,,,,,,,,False,
245,curve,True,"中升车源
别克/昂科威Plus/2016款 1.5T 自动 20T精英型前驱","中升车源
别克",昂科威Plus,"中升车源
别克-昂科威Plus",差,9.67,15.1283,南京,3.22,3-5万,8-10年,燃油,高里程,中间价,False,无法预测：无适用模型且无相似车辆数据,0.0,,,,,,,False,False,,,,,,,,,False,,lightgbm,False,False,无法预测：无适用模型且无相似车辆数据,0.0,,,,,,,False,False,,,,,,,,,False,
246,curve,True,现代/ix35/2021款 2.0 自动 两驱GLS领先版,现代,ix35,现代-ix35,优,3.33,10.0535,济南,5.5,5-10万,3-5年,燃油,低里程,中间价,True,,13.98,5.95,0.4253,5.98,6.5,6.23,6.77,False,False,0.4500000000000002,8.181818181818185,brand_series,现代-ix35,Exponential(segmented),curve,curve,curve,False,,lightgbm,False,True,,13.98,5.82,0.4163,5.86,6.37,6.1,6.63,False,False,0.3200000000000003,5.818181818181823,brand_series,现代-ix35,LightGBM,lightgbm,lightgbm,lightgbm,False,
247,curve,True,斯柯达/昊锐/2012款 1.8T 自动 贵雅版,斯柯达,昊锐,斯柯达-昊锐,优,13.83,16.3949,厦门,0.51,<1万,>10年,燃油,高里程,极端低价,True,,21.79,1.02,0.047,0.97,1.06,0.97,1.27,False,False,0.51,100.0,brand_series,斯柯达-昊锐,Exponential(segmented),curve,curve,curve,False,,lightgbm,False,True,,21.79,0.71,0.0328,0.64,0.71,0.58,0.98,False,False,0.19999999999999996,39.21568627450979,brand_series,斯柯达-昊锐,LightGBM,lightgbm,lightgbm,lightgbm,False,
248,curve,True,日产/轩逸/2012款 1.6 自动 XL豪华版,日产,轩逸,日产-轩逸,差,11.67,29.5899,长沙,1.37,1-3万,>10年,燃油,高里程,中间价,True,,12.08,1.4,0.1156,0.99,1.21,1.05,1.39,False,True,0.029999999999999805,2.1897810218977956,brand_series,日产-轩逸,Polynomial(segmented),curve,curve,curve,False,,lightgbm,False,True,,12.08,1.43,0.1187,1.02,1.24,1.08,1.42,False,True,0.05999999999999983,4.379562043795607,brand_series,日产-轩逸,LightGBM,lightgbm,lightgbm,lightgbm,False,
249,curve,True,"中升车源
金杯/新海狮X30L/2016款 1.5 手动 L商务版DLCG14","中升车源
金杯",新海狮X30L,"中升车源
金杯-新海狮X30L",差,9.0,15.6121,北京,1.1,1-3万,8-10年,燃油,高里程,中间价,False,无法预测：无适用模型且无相似车辆数据,0.0,,,,,,,False,False,,,,,,,,,False,,lightgbm,False,False,无法预测：无适用模型且无相似车辆数据,0.0,,,,,,,False,False,,,,,,,,,False,
250,curve,True,荣威/RX5新能源/2017款 eRX5 1.5T 自动 50T 混动 互联尊荣旗舰版,荣威,RX5新能源,荣威-RX5新能源,中,6.58,20.988,上海,2.47,1-3万,5-8年,新能源,高里程,中间价,True,,28.59,5.44,0.1903,4.75,5.68,4.95,5.91,False,False,2.97,120.24291497975707,car_type,SUV-紧凑型车-国产,Exponential,curve,curve,curve,False,,lightgbm,False,True,,28.59,4.19,0.1465,3.64,4.38,3.79,4.56,False,False,1.7200000000000002,69.63562753036437,car_type,SUV-紧凑型车-国产,LightGBM,lightgbm,lightgbm,lightgbm,False,
251,curve,True,方程豹/钛7/2025款 190KM四驱Ultra版,方程豹,钛7,方程豹-钛7,优,0.17,0.1384,太原,19.05,10-20万,0-3年,燃油,低里程,极端高价,True,,25.98,17.85,0.687,18.49,19.8,18.61,19.93,True,True,1.1999999999999993,6.299212598425193,car_type,SUV-中型车-国产,Exponential,curve,curve,curve,False,,lightgbm,False,True,,25.98,14.8,0.5695,15.06,16.15,15.44,16.55,False,False,4.25,22.309711286089236,car_type,SUV-中型车-国产,LightGBM,lightgbm,lightgbm,lightgbm,False,
252,curve,True,丰田/威驰/2014款 1.5 自动 智臻版,丰田,威驰,丰田-威驰,中,10.58,17.6688,深圳,1.58,1-3万,>10年,燃油,高里程,中间价,True,,9.58,1.59,0.1656,1.32,1.62,1.4,1.78,True,True,0.010000000000000009,0.6329113924050638,brand_series,丰田-威驰,Polynomial(segmented),curve,curve,curve,False,,lightgbm,False,True,,9.58,1.61,0.1676,1.34,1.64,1.42,1.8,True,True,0.030000000000000027,1.8987341772151913,brand_series,丰田-威驰,LightGBM,lightgbm,lightgbm,lightgbm,False,
253,curve,True,别克/GL8/2023款 陆上公务舱 2.0T 自动 智享型,别克,GL8,别克-GL8,优,1.83,5.9257,杭州,13.84,10-20万,0-3年,燃油,低里程,极端高价,True,,53.39,25.34,0.4745,28.27,30.38,26.46,28.4,False,False,11.5,83.09248554913295,brand_series,别克-GL8,Power(segmented),curve,curve,curve,False,,lightgbm,False,True,,53.39,12.58,0.2356,12.7,13.65,13.13,14.11,False,True,1.2599999999999998,9.104046242774565,brand_series,别克-GL8,LightGBM,lightgbm,lightgbm,lightgbm,False,
254,curve,True,"中升车源
荣威/RX5/2018款 1.5T 自动 20T旗舰版前驱","中升车源
荣威",RX5,"中升车源
荣威-RX5",中,7.75,8.5103,南京,2.98,1-3万,5-8年,燃油,低里程,中间价,False,无法预测：无适用模型且无相似车辆数据,0.0,,,,,,,False,False,,,,,,,,,False,,lightgbm,False,False,无法预测：无适用模型且无相似车辆数据,0.0,,,,,,,False,False,,,,,,,,,False,
255,curve,True,名爵/MG6/2018款 1.5T 自动 20T豪华智联版 国VI,名爵,MG6,名爵-MG6,中,6.5,6.8699,温州,2.9,1-3万,5-8年,燃油,低里程,中间价,True,,13.98,3.19,0.2283,2.75,3.34,2.88,3.49,True,True,0.29000000000000004,10.000000000000002,car_type,轿车-紧凑型车-国产,Exponential,curve,curve,curve,False,,lightgbm,False,True,,13.98,2.94,0.2103,2.53,3.07,2.65,3.22,True,True,0.040000000000000036,1.3793103448275874,car_type,轿车-紧凑型车-国产,LightGBM,lightgbm,lightgbm,lightgbm,False,
256,curve,True,日产/骐达/2021款 1.6 自动 酷动版,日产,骐达,日产-骐达,中,4.08,6.5418,长春,4.58,3-5万,3-5年,燃油,低里程,中间价,True,,12.39,4.73,0.3817,4.12,4.94,4.29,5.15,True,True,0.15000000000000036,3.2751091703056847,brand_series,日产-骐达,Power(segmented),curve,curve,curve,False,,lightgbm,False,True,,12.39,4.77,0.3848,4.15,4.98,4.33,5.19,True,True,0.1899999999999995,4.148471615720513,brand_series,日产-骐达,LightGBM,lightgbm,lightgbm,lightgbm,False,
257,curve,True,"中升车源
哈弗/哈弗H6/2015款 1.5T 自动 运动版豪华型前驱","中升车源
哈弗",哈弗H6,"中升车源
哈弗-哈弗H6",差,10.0,15.3835,天津,1.94,1-3万,>10年,燃油,高里程,中间价,False,无法预测：无适用模型且无相似车辆数据,0.0,,,,,,,False,False,,,,,,,,,False,,lightgbm,False,False,无法预测：无适用模型且无相似车辆数据,0.0,,,,,,,False,False,,,,,,,,,False,
258,curve,True,奥迪/Q5/2017款 2.0T 自动 40TFSI技术型,奥迪,Q5,奥迪-Q5,中,8.58,8.3804,桂林,9.4,5-10万,8-10年,燃油,低里程,中间价,True,,42.76,7.2,0.1685,6.33,7.48,6.59,7.79,False,False,2.2,23.404255319148938,brand_series,奥迪-Q5,Power(segmented),curve,curve,curve,False,,lightgbm,False,True,,42.76,7.71,0.1804,6.78,8.0,7.06,8.33,False,False,1.6900000000000004,17.978723404255323,brand_series,奥迪-Q5,LightGBM,lightgbm,lightgbm,lightgbm,False,
259,curve,True,"中升车源
Jeep/指南者(进口)/2012款 2.0 自动 豪华版前驱 (进口)","中升车源
Jeep",指南者(进口),"中升车源
Jeep-指南者(进口)",中,14.0,9.6917,杭州,2.56,1-3万,>10年,燃油,低里程,中间价,False,无法预测：无适用模型且无相似车辆数据,0.0,,,,,,,False,False,,,,,,,,,False,,lightgbm,False,False,无法预测：无适用模型且无相似车辆数据,0.0,,,,,,,False,False,,,,,,,,,False,
260,curve,True,大众/迈腾/2012款 2.0T 自动 至尊型 改款,大众,迈腾,大众-迈腾,差,13.5,15.8799,长沙,1.28,1-3万,>10年,燃油,高里程,中间价,True,,26.68,2.08,0.0779,1.52,1.84,1.61,1.99,False,False,0.8,62.5,brand_series,大众-迈腾,Polynomial(segmented),curve,curve,curve,False,,lightgbm,False,True,,26.68,2.01,0.0752,1.46,1.77,1.55,1.92,False,False,0.7299999999999998,57.03124999999998,brand_series,大众-迈腾,LightGBM,lightgbm,lightgbm,lightgbm,False,
261,curve,True,大众/帕萨特/2014款 1.4T 手动 尊荣版,大众,帕萨特,大众-帕萨特,中,11.83,8.3555,郑州,1.74,1-3万,>10年,燃油,低里程,中间价,True,,18.38,1.91,0.104,1.61,1.97,1.68,2.14,True,True,0.16999999999999993,9.770114942528732,brand_series,大众-帕萨特,Polynomial(segmented),curve,curve,curve,False,,lightgbm,False,True,,18.38,1.61,0.0874,1.34,1.64,1.42,1.8,False,True,0.1299999999999999,7.471264367816086,brand_series,大众-帕萨特,LightGBM,lightgbm,lightgbm,lightgbm,False,
262,curve,True,宝骏/560/2015款 1.8 手动 豪华型,宝骏,560,宝骏-560,中,9.92,23.1778,天津,0.85,<1万,8-10年,燃油,高里程,极端低价,True,,7.68,0.68,0.0889,0.51,0.63,0.48,0.88,False,True,0.16999999999999993,19.999999999999993,brand_series,宝骏-560,Exponential(segmented),curve,curve,curve,False,,lightgbm,False,True,,7.68,0.63,0.082,0.47,0.58,0.43,0.83,False,False,0.21999999999999997,25.882352941176467,brand_series,宝骏-560,LightGBM,lightgbm,lightgbm,lightgbm,False,
263,curve,True,马自达/马3星骋三厢/2011款 1.6 自动 舒适型,马自达,马3星骋三厢,马自达-马3星骋三厢,中,12.42,8.1591,杭州,1.46,1-3万,>10年,燃油,低里程,中间价,True,,12.28,1.27,0.1037,1.04,1.28,1.12,1.42,False,False,0.18999999999999995,13.013698630136982,car_type,轿车-紧凑型车-合资,Polynomial,curve,curve,curve,False,,lightgbm,False,True,,12.28,1.31,0.1068,1.08,1.32,1.15,1.47,False,True,0.1499999999999999,10.27397260273972,car_type,轿车-紧凑型车-合资,LightGBM,lightgbm,lightgbm,lightgbm,False,
264,curve,True,奥迪/A4L/2013款 2.0T 自动 35TFSI舒适型,奥迪,A4L,奥迪-A4L,差,12.17,19.7024,上海,2.52,1-3万,>10年,燃油,高里程,中间价,True,,30.98,3.53,0.1139,2.65,3.18,2.76,3.32,False,False,1.0099999999999998,40.07936507936507,car_type,轿车-中型车-合资,Polynomial,curve,curve,curve,False,,lightgbm,False,True,,30.98,2.45,0.079,1.8,2.18,1.9,2.35,False,False,0.06999999999999984,2.7777777777777715,car_type,轿车-中型车-合资,LightGBM,lightgbm,lightgbm,lightgbm,False,
265,curve,True,"中升车源
丰田/卡罗拉/2014款 1.6 自动 GL","中升车源
丰田",卡罗拉,"中升车源
丰田-卡罗拉",中,9.58,4.5289,惠州,3.05,3-5万,8-10年,燃油,低里程,中间价,False,无法预测：无适用模型且无相似车辆数据,0.0,,,,,,,False,False,,,,,,,,,False,,lightgbm,False,False,无法预测：无适用模型且无相似车辆数据,0.0,,,,,,,False,False,,,,,,,,,False,
266,curve,True,众泰/T600/2016款 2.0T 自动 运动版尊贵型,众泰,T600,众泰-T600,差,9.08,7.8471,铜陵,0.8,<1万,8-10年,燃油,低里程,极端低价,True,,12.68,0.57,0.045,0.35,0.43,0.3,0.7,False,False,0.2300000000000001,28.750000000000007,brand_series,众泰-T600,Power(segmented),curve,curve,curve,False,,lightgbm,False,True,,12.68,0.68,0.0539,0.44,0.54,0.39,0.79,False,False,0.12,15.0,brand_series,众泰-T600,LightGBM,lightgbm,lightgbm,lightgbm,False,
267,curve,True,凯迪拉克/CT5/2022款 2.0T 自动 28T 豪华型（标准版）,凯迪拉克,CT5,凯迪拉克-CT5,中,3.5,6.2965,北京,12.5,10-20万,3-5年,燃油,低里程,极端高价,True,,35.27,14.16,0.4013,12.77,14.74,13.13,15.15,False,False,1.6600000000000001,13.28,car_type,SUV-中型车-合资,Polynomial,curve,curve,curve,False,,lightgbm,False,True,,35.27,16.07,0.4556,14.66,16.87,14.93,17.17,False,False,3.5700000000000003,28.560000000000002,car_type,SUV-中型车-合资,LightGBM,lightgbm,lightgbm,lightgbm,False,
268,curve,True,别克/英朗三厢/2015款 1.5 手动 15N进取型,别克,英朗三厢,别克-英朗三厢,差,10.25,10.0249,石家庄,0.9,<1万,>10年,燃油,低里程,极端低价,True,,10.99,1.66,0.1513,1.2,1.45,1.25,1.65,False,False,0.7599999999999999,84.44444444444443,car_type,轿车-紧凑型车-合资,Polynomial,curve,curve,curve,False,,lightgbm,False,True,,10.99,1.53,0.1392,1.09,1.33,1.16,1.52,False,False,0.63,70.0,car_type,轿车-紧凑型车-合资,LightGBM,lightgbm,lightgbm,lightgbm,False,
269,curve,True,别克/英朗两厢/2014款 1.6 自动 XT舒适型,别克,英朗两厢,别克-英朗两厢,差,11.92,7.7483,上饶,0.84,<1万,>10年,燃油,低里程,极端低价,True,,14.49,1.64,0.1134,1.18,1.44,1.24,1.64,False,False,0.7999999999999999,95.23809523809523,car_type,轿车-紧凑型车-合资,Polynomial,curve,curve,curve,False,,lightgbm,False,True,,14.49,1.54,0.1062,1.1,1.34,1.17,1.53,False,False,0.7000000000000001,83.33333333333334,car_type,轿车-紧凑型车-合资,LightGBM,lightgbm,lightgbm,lightgbm,False,
270,curve,True,丰田/致炫/2014款 1.5 自动 G炫动版,丰田,致炫,丰田-致炫,中,12.17,10.6975,金华,1.83,1-3万,>10年,燃油,高里程,中间价,True,,8.78,0.97,0.11,0.77,0.95,0.77,1.17,False,False,0.8600000000000001,46.994535519125684,car_type,轿车-小型车-合资,Polynomial,curve,curve,curve,False,,lightgbm,False,True,,8.78,0.83,0.0945,0.65,0.8,0.63,1.03,False,False,1.0,54.64480874316939,car_type,轿车-小型车-合资,LightGBM,lightgbm,lightgbm,lightgbm,False,
271,curve,True,"中升车源
哈弗/哈弗H6/2015款 1.5T 自动 运动版豪华型前驱","中升车源
哈弗",哈弗H6,"中升车源
哈弗-哈弗H6",差,10.58,15.4241,武汉,1.16,1-3万,>10年,燃油,高里程,中间价,False,无法预测：无适用模型且无相似车辆数据,0.0,,,,,,,False,False,,,,,,,,,False,,lightgbm,False,False,无法预测：无适用模型且无相似车辆数据,0.0,,,,,,,False,False,,,,,,,,,False,
272,curve,True,宝马/1系/2018款 1.5T 自动 118i运动型,宝马,1系,宝马-1系,差,7.75,12.0422,深圳,3.86,3-5万,5-8年,燃油,高里程,中间价,True,,22.58,4.14,0.1835,3.13,3.75,3.26,3.91,False,True,0.2799999999999998,7.25388601036269,brand_series,宝马-1系,Exponential(segmented),curve,curve,curve,False,,lightgbm,False,True,,22.58,4.13,0.1828,3.12,3.73,3.25,3.89,False,True,0.27,6.994818652849742,brand_series,宝马-1系,LightGBM,lightgbm,lightgbm,lightgbm,False,
273,curve,True,WEY/VV6/2018款 2.0T 自动 旗舰型前驱,WEY,VV6,WEY-VV6,中,7.25,9.3503,上海,3.11,3-5万,5-8年,燃油,低里程,中间价,True,,16.2,2.96,0.1828,2.55,3.09,2.67,3.24,False,True,0.1499999999999999,4.823151125401927,car_type,SUV-紧凑型车-国产,Exponential,curve,curve,curve,False,,lightgbm,False,True,,16.2,2.81,0.1737,2.42,2.94,2.54,3.08,False,False,0.2999999999999998,9.646302250803855,car_type,SUV-紧凑型车-国产,LightGBM,lightgbm,lightgbm,lightgbm,False,
274,curve,True,"中升车源
奔驰/S级/2017款 3.0T 自动 S320L豪华型 (进口)","中升车源
奔驰",S级,"中升车源
奔驰-S级",中,8.42,19.0316,东莞,20.9,>20万,8-10年,燃油,高里程,极端高价,False,无法预测：无适用模型且无相似车辆数据,0.0,,,,,,,False,False,,,,,,,,,False,,lightgbm,False,False,无法预测：无适用模型且无相似车辆数据,0.0,,,,,,,False,False,,,,,,,,,False,
275,curve,True,本田/思域/2016款 1.5T 自动 220TURBO尊贵版,本田,思域,本田-思域,优,9.5,11.4665,苏州,4.88,3-5万,8-10年,燃油,高里程,中间价,True,,12.99,4.06,0.3128,4.09,4.46,4.26,4.65,False,False,0.8200000000000003,16.803278688524596,brand_series,本田-思域,Exponential(segmented),curve,curve,curve,False,,lightgbm,False,True,,12.99,3.48,0.2676,3.49,3.82,3.65,3.99,False,False,1.4,28.688524590163933,brand_series,本田-思域,LightGBM,lightgbm,lightgbm,lightgbm,False,
276,curve,True,广汽传祺/传祺GS8/2017款 2.0T 自动 320T 两驱豪华智联版（七座）,广汽传祺,传祺GS8,广汽传祺-传祺GS8,中,8.58,12.1341,哈尔滨,4.61,3-5万,8-10年,燃油,高里程,中间价,False,无法预测：无适用模型且无相似车辆数据,0.0,,,,,,,False,False,,,,,,,,,False,,lightgbm,False,False,无法预测：无适用模型且无相似车辆数据,0.0,,,,,,,False,False,,,,,,,,,False,
277,curve,True,"中升车源
大众/POLO两厢/2014款 1.6 自动 舒适版","中升车源
大众",POLO两厢,"中升车源
大众-POLO两厢",中,10.25,5.7484,长沙,2.35,1-3万,>10年,燃油,低里程,中间价,False,无法预测：无适用模型且无相似车辆数据,0.0,,,,,,,False,False,,,,,,,,,False,,lightgbm,False,False,无法预测：无适用模型且无相似车辆数据,0.0,,,,,,,False,False,,,,,,,,,False,
278,curve,True,大众/速腾/2014款 1.6 自动 领先型 改款,大众,速腾,大众-速腾,差,10.75,10.9846,郑州,2.83,1-3万,>10年,燃油,高里程,中间价,True,,15.08,2.11,0.1399,1.54,1.87,1.63,2.02,False,False,0.7200000000000002,25.441696113074215,brand_series,大众-速腾,Polynomial(segmented),curve,curve,curve,False,,lightgbm,False,True,,15.08,1.96,0.1301,1.43,1.73,1.48,1.96,False,False,0.8700000000000001,30.742049469964666,brand_series,大众-速腾,LightGBM,lightgbm,lightgbm,lightgbm,False,
279,curve,True,宝马/5系（进口）/2012款 2.0T 自动 528i豪华型四驱 (进口),宝马,5系（进口）,宝马-5系（进口）,优,12.08,8.256,杭州,5.75,5-10万,>10年,燃油,低里程,中间价,True,,58.58,6.15,0.1049,6.18,6.72,6.44,6.99,False,False,0.40000000000000036,6.956521739130441,car_type,SUV-紧凑型车-合资,Polynomial,curve,curve,curve,False,,lightgbm,False,True,,58.58,4.5,0.0769,4.53,4.94,4.72,5.15,False,False,1.25,21.73913043478261,car_type,SUV-紧凑型车-合资,LightGBM,lightgbm,lightgbm,lightgbm,False,
280,curve,True,起亚/K2三厢/2012款 1.4 手动 GLS纪念版,起亚,K2三厢,起亚-K2三厢,中,11.42,10.0343,西安,0.95,<1万,>10年,燃油,低里程,极端低价,True,,7.79,0.96,0.1232,0.76,0.94,0.76,1.16,False,True,0.010000000000000009,1.0526315789473695,car_type,轿车-小型车-合资,Polynomial,curve,curve,curve,False,,lightgbm,False,True,,7.79,0.96,0.1232,0.76,0.94,0.76,1.16,False,True,0.010000000000000009,1.0526315789473695,car_type,轿车-小型车-合资,LightGBM,lightgbm,lightgbm,lightgbm,False,
281,curve,True,DS/DS6/2014款 1.6T 自动 豪华版THP160,DS,DS6,DS-DS6,差,10.0,10.6028,宁波,1.4,1-3万,>10年,燃油,高里程,中间价,False,无法预测：无适用模型且无相似车辆数据,0.0,,,,,,,False,False,,,,,,,,,False,,lightgbm,False,False,无法预测：无适用模型且无相似车辆数据,0.0,,,,,,,False,False,,,,,,,,,False,
282,curve,True,斯柯达/柯珞克/2018款 1.4T 自动 TSI280舒适版,斯柯达,柯珞克,斯柯达-柯珞克,中,6.5,5.2448,合肥,4.16,3-5万,5-8年,燃油,低里程,中间价,True,,16.99,4.82,0.2838,4.2,5.04,4.38,5.24,False,False,0.6600000000000001,15.865384615384617,car_type,SUV-紧凑型车-合资,Polynomial,curve,curve,curve,False,,lightgbm,False,True,,16.99,4.48,0.2639,3.9,4.69,4.07,4.88,True,True,0.3200000000000003,7.692307692307699,car_type,SUV-紧凑型车-合资,LightGBM,lightgbm,lightgbm,lightgbm,False,
283,curve,True,长安凯程/睿行M70/2017款 1.5 手动 标准型背掀门DAM15DL,长安凯程,睿行M70,长安凯程-睿行M70,差,8.17,20.1125,杭州,0.52,<1万,8-10年,燃油,高里程,极端低价,True,,4.89,1.03,0.2098,0.7,0.86,0.74,1.04,False,False,0.51,98.07692307692307,car_type,MPV-紧凑型车-国产,Polynomial,curve,curve,curve,False,,lightgbm,False,True,,4.89,0.72,0.1476,0.47,0.58,0.43,0.83,True,True,0.19999999999999996,38.46153846153845,car_type,MPV-紧凑型车-国产,LightGBM,lightgbm,lightgbm,lightgbm,False,
284,curve,True,东风风行/风行T5 Evo/2021款 1.5TD 自动 DCT星耀版,东风风行,风行T5 Evo,东风风行-风行T5 Evo,中,4.83,11.2166,北京,3.21,3-5万,3-5年,新能源,高里程,中间价,False,无法预测：无适用模型且无相似车辆数据,0.0,,,,,,,False,False,,,,,,,,,False,,lightgbm,False,False,无法预测：无适用模型且无相似车辆数据,0.0,,,,,,,False,False,,,,,,,,,False,
285,curve,True,一汽/夏利N5/2014款 1.3 手动 舒适型,一汽,夏利N5,一汽-夏利N5,中,9.42,6.2523,天津,0.48,<1万,8-10年,燃油,低里程,极端低价,True,,7.99,1.47,0.1843,1.22,1.5,1.29,1.65,False,False,0.99,206.25,car_type,SUV-小型车-国产,Polynomial,curve,curve,curve,False,,lightgbm,False,True,,7.99,1.22,0.1522,0.99,1.22,1.07,1.37,False,False,0.74,154.16666666666669,car_type,SUV-小型车-国产,LightGBM,lightgbm,lightgbm,lightgbm,False,
286,curve,True,丰田/卡罗拉/2014款 1.6 自动 GL,丰田,卡罗拉,丰田-卡罗拉,中,9.83,5.9009,揭阳,3.6,3-5万,8-10年,燃油,低里程,中间价,True,,13.68,3.03,0.2218,2.61,3.17,2.74,3.32,False,False,0.5700000000000003,15.833333333333341,brand_series,丰田-卡罗拉,Power(segmented),curve,curve,curve,False,,lightgbm,False,True,,13.68,3.12,0.2277,2.69,3.25,2.81,3.41,False,False,0.48,13.333333333333334,brand_series,丰田-卡罗拉,LightGBM,lightgbm,lightgbm,lightgbm,False,
287,curve,True,智己汽车/智己LS6/2025款 长续航灵蜥智享剧院版,智己汽车,智己LS6,智己汽车-智己LS6,中,1.33,1.2988,曲靖,14.4,10-20万,0-3年,燃油,低里程,极端高价,False,无法预测：无适用模型且无相似车辆数据,0.0,,,,,,,False,False,,,,,,,,,False,,lightgbm,False,False,无法预测：无适用模型且无相似车辆数据,0.0,,,,,,,False,False,,,,,,,,,False,
288,curve,True,本田/XR-V/2015款 1.8 自动 EXi舒适版,本田,XR-V,本田-XR-V,中,10.25,12.3777,深圳,4.23,3-5万,>10年,燃油,高里程,中间价,True,,16.28,3.8,0.2334,3.29,3.97,3.44,4.15,False,False,0.4300000000000006,10.165484633569752,brand_series,本田-XR-V,Exponential(segmented),curve,curve,curve,False,,lightgbm,False,True,,16.28,3.57,0.2195,3.09,3.74,3.23,3.9,False,False,0.6600000000000006,15.602836879432635,brand_series,本田-XR-V,LightGBM,lightgbm,lightgbm,lightgbm,False,
289,curve,True,Jeep/指南者/2017款 1.4T 自动 200T家享版前驱,Jeep,指南者,Jeep-指南者,中,7.75,12.677,西安,2.66,1-3万,5-8年,燃油,高里程,中间价,True,,17.98,2.72,0.1512,2.33,2.83,2.45,2.98,True,True,0.06000000000000005,2.2556390977443628,brand_series,Jeep-指南者,Polynomial(segmented),curve,curve,curve,False,,lightgbm,False,True,,17.98,2.68,0.1489,2.3,2.79,2.41,2.93,True,True,0.020000000000000018,0.7518796992481209,brand_series,Jeep-指南者,LightGBM,lightgbm,lightgbm,lightgbm,False,
290,curve,True,"中升车源
大众/朗逸/2013款 1.6 自动 经典舒适版 改款","中升车源
大众",朗逸,"中升车源
大众-朗逸",差,12.5,10.545,天津,1.18,1-3万,>10年,燃油,高里程,中间价,False,无法预测：无适用模型且无相似车辆数据,0.0,,,,,,,False,False,,,,,,,,,False,,lightgbm,False,False,无法预测：无适用模型且无相似车辆数据,0.0,,,,,,,False,False,,,,,,,,,False,
291,curve,True,"中升车源
沃尔沃/XC Classic/2014款 2.5T 自动 T5豪华版","中升车源
沃尔沃",XC Classic,"中升车源
沃尔沃-XC Classic",中,9.92,7.9338,上海,5.08,5-10万,8-10年,燃油,低里程,中间价,False,无法预测：无适用模型且无相似车辆数据,0.0,,,,,,,False,False,,,,,,,,,False,,lightgbm,False,False,无法预测：无适用模型且无相似车辆数据,0.0,,,,,,,False,False,,,,,,,,,False,
292,curve,True,别克/GL8/2021款 2.0T 自动 Avenir艾维亚 七座亲礼版,别克,GL8,别克-GL8,中,4.58,11.3484,盐城,18.8,10-20万,3-5年,燃油,高里程,极端高价,True,,26.99,9.86,0.3653,8.73,10.2,9.08,10.61,False,False,8.940000000000001,47.55319148936171,brand_series,别克-GL8,Power(segmented),curve,curve,curve,False,,lightgbm,False,True,,26.99,10.79,0.3999,9.59,11.17,9.96,11.6,False,False,8.010000000000002,42.60638297872341,brand_series,别克-GL8,LightGBM,lightgbm,lightgbm,lightgbm,False,
293,curve,True,宝马/5系/2021款 2.0T 自动 530Li尊享型M运动套装,宝马,5系,宝马-5系,优,4.5,2.271,南宁,27.0,>20万,3-5年,燃油,低里程,极端高价,True,,50.19,20.73,0.4129,21.98,23.55,21.62,23.14,False,False,6.27,23.22222222222222,brand_series,宝马-5系,Exponential(segmented),curve,curve,curve,False,,lightgbm,False,True,,50.19,22.53,0.449,24.34,26.09,23.51,25.18,False,False,4.469999999999999,16.55555555555555,brand_series,宝马-5系,LightGBM,lightgbm,lightgbm,lightgbm,False,
294,curve,True,雪铁龙/C5/2013款 2.3 自动 尊驭型,雪铁龙,C5,雪铁龙-C5,中,12.08,13.2988,上海,1.0,1-3万,>10年,燃油,高里程,中间价,True,,20.59,0.94,0.0459,0.75,0.92,0.75,1.15,False,True,0.06000000000000005,6.000000000000005,brand_series,雪铁龙-C5,Power(segmented),curve,curve,curve,False,,lightgbm,False,True,,20.59,0.97,0.0469,0.77,0.95,0.77,1.17,False,True,0.030000000000000027,3.0000000000000027,brand_series,雪铁龙-C5,LightGBM,lightgbm,lightgbm,lightgbm,False,
295,curve,True,奥迪/A6L/2012款 2.5 自动 30FSI舒适型,奥迪,A6L,奥迪-A6L,中,12.75,32.9016,衡水,4.88,3-5万,>10年,燃油,高里程,中间价,True,,43.28,3.52,0.0813,3.04,3.68,3.18,3.84,False,False,1.3599999999999999,27.86885245901639,car_type,轿车-中大型车-合资,Polynomial,curve,curve,curve,False,,lightgbm,False,True,,43.28,3.41,0.0788,2.95,3.57,3.08,3.73,False,False,1.4699999999999998,30.122950819672127,car_type,轿车-中大型车-合资,LightGBM,lightgbm,lightgbm,lightgbm,False,
296,curve,True,"中升车源
奥迪/A6L/2009款 2.4 自动 舒适型","中升车源
奥迪",A6L,"中升车源
奥迪-A6L",差,16.5,14.0111,天津,1.14,1-3万,>10年,燃油,高里程,中间价,False,无法预测：无适用模型且无相似车辆数据,0.0,,,,,,,False,False,,,,,,,,,False,,lightgbm,False,False,无法预测：无适用模型且无相似车辆数据,0.0,,,,,,,False,False,,,,,,,,,False,
297,curve,True,大众/高尔夫/2014款 1.4T 自动 舒适型,大众,高尔夫,大众-高尔夫,差,11.75,16.0376,北京,2.62,1-3万,>10年,燃油,高里程,中间价,True,,15.49,2.48,0.16,1.83,2.21,1.92,2.38,False,False,0.14000000000000012,5.343511450381684,brand_series,大众-高尔夫,Exponential(segmented),curve,curve,curve,False,,lightgbm,False,True,,15.49,2.37,0.1532,1.75,2.11,1.84,2.27,False,False,0.25,9.541984732824426,brand_series,大众-高尔夫,LightGBM,lightgbm,lightgbm,lightgbm,False,
298,curve,True,日产/颐达/2008款 1.6 自动 JE智能型,日产,颐达,日产-颐达,中,15.83,15.4088,揭阳,0.69,<1万,>10年,燃油,高里程,极端低价,True,,12.68,0.57,0.0449,0.41,0.51,0.37,0.77,False,True,0.12,17.391304347826086,brand_series,日产-颐达,Polynomial(segmented),curve,curve,curve,False,,lightgbm,False,True,,12.68,0.59,0.0465,0.43,0.53,0.39,0.79,False,True,0.09999999999999998,14.492753623188403,brand_series,日产-颐达,LightGBM,lightgbm,lightgbm,lightgbm,False,
299,curve,True,"中升车源
现代/朗动/2013款 1.6 自动 DLX尊贵型","中升车源
现代",朗动,"中升车源
现代-朗动",差,11.42,10.3185,杭州,1.61,1-3万,>10年,燃油,低里程,中间价,False,无法预测：无适用模型且无相似车辆数据,0.0,,,,,,,False,False,,,,,,,,,False,,lightgbm,False,False,无法预测：无适用模型且无相似车辆数据,0.0,,,,,,,False,False,,,,,,,,,False,
