vehicle,actual,predicted,low,high,in_range,grade,years,success,price_group,year_group
大众 途观 2012款 1.8T 自动 菁英版前驱,1.37,1.76,1.55,1.97,False,中,12.42,True,1-3万,>10年
本田 艾力绅 2019款 2.0 自动 豪华版 混动,14.23,13.35,12.37,14.3,True,中,5.33,True,10-20万,5-8年
宝骏 560 2015款 1.8 手动 豪华型,0.92,0.77,0.57,0.97,True,中,9.92,True,<1万,8-10年
丰田 凯美瑞 2012款 尊瑞 2.5HG 自动 豪华版,3.6,3.72,3.37,4.06,True,中,11.33,True,3-5万,>10年
比亚迪 元新能源 2019款 EV535 智联领潮型,2.5,3.02,2.72,3.3,False,中,4.92,True,1-3万,3-5年
大众 速腾 2012款 1.4TSI 双离合 豪华版,1.79,1.8,1.36,1.8,True,差,11.83,True,1-3万,>10年
比亚迪 元新能源 2019款 EV535 智联领潮型,2.07,2.65,2.38,2.9,False,中,5.83,True,1-3万,5-8年
大众 POLO两厢 2011款 1.6 自动 致酷版,1.0,1.2,1.05,1.35,False,中,14.42,True,<1万,>10年
丰田 卡罗拉 2014款 1.6 自动 GL,3.22,2.99,2.7,3.27,True,中,10.25,True,3-5万,>10年
雪佛兰 赛欧3 2016款 1.3 手动 舒适天窗版,0.71,0.69,0.56,0.96,True,优,8.92,True,<1万,8-10年
日产 奇骏 2014款 2.0L 自动 CVT舒适版 2WD,4.73,4.84,5.07,5.53,False,优,9.08,True,3-5万,8-10年
大众 朗逸三厢 2013款 1.6 手动 经典风尚版 改款,1.05,1.13,0.84,1.14,True,差,10.83,True,1-3万,>10年
斯柯达 昕锐 2016款 1.6 自动 创行版,2.3,1.49,1.12,1.48,False,差,8.5,True,1-3万,8-10年
大众 高尔夫 2012款 1.6 自动 舒适型,1.95,2.01,1.8,2.2,True,中,11.92,True,1-3万,>10年
别克 GL6 2019款 1.3T 自动 18T互联豪华型6座 国VI,4.26,3.9,4.09,4.47,True,优,6.42,True,3-5万,5-8年
丰田 卡罗拉 2014款 1.6 无级 GL,2.8,2.87,2.24,2.76,False,差,9.42,True,1-3万,8-10年
大众 朗逸 2017款 1.6 手自一体 舒适版,3.71,3.36,3.03,3.67,False,中,7.58,True,3-5万,5-8年
三菱 欧蓝德 2018款 2.0 自动 荣耀版前驱,4.0,4.71,4.27,5.12,False,中,6.92,True,3-5万,5-8年
长安 逸动DT 2021款 1.6 手自一体 尊贵型,2.1,3.18,2.87,3.48,False,中,4.83,True,1-3万,3-5年
大众 朗逸三厢 2015款 1.6 手动 风尚版,1.41,1.96,1.48,1.96,False,差,9.5,True,1-3万,8-10年
奔驰 E级 2019款 2.0T 自动 E300L时尚型 改款,17.18,18.35,17.08,19.59,True,中,6.08,True,10-20万,5-8年
别克 GL8 2022款 2.0T 自动 ES陆尊 653T 舒适型,13.91,13.44,12.45,14.39,True,中,3.67,True,10-20万,3-5年
本田 雅阁 2015款 2.0 自动 精英版LXS,5.8,5.01,4.55,5.45,False,中,9.08,True,5-10万,8-10年
岚图汽车 梦想家 2022款 低碳版 想+智驾包,17.07,17.71,14.75,16.97,False,差,1.58,True,10-20万,0-3年
本田 思域 2016款 1.5T 自动 220TURBO豪华版,5.0,5.49,4.99,5.96,True,中,6.08,True,3-5万,5-8年
宝马 X1 2021款 1.5T 自动 sDrive20Li 时尚型改款,12.67,9.7,8.92,10.44,False,中,4.17,True,10-20万,3-5年
雪佛兰 赛欧三厢 2013款 1.2 手动 时尚幸福版,0.36,0.31,0.14,0.54,True,优,10.92,True,<1万,>10年
别克 GL8 2023款 陆上公务舱 2.0T 自动 舒适型,12.52,17.68,18.44,19.74,False,优,2.17,True,10-20万,0-3年
丰田 凯美瑞 2012款 2.5 自动 豪华版,2.97,2.97,2.67,3.24,True,中,13.25,True,1-3万,>10年
宝马 5系 2014款 2.0T 自动 520Li典雅型,6.25,7.31,6.69,7.9,False,中,9.17,True,5-10万,8-10年
荣威 RX5新能源 2017款 ERX5 EV400 电动互联网至尊版,3.08,2.63,2.37,2.88,False,中,7.0,True,3-5万,5-8年
奥迪 A4L 2012款 2.0T 自动 TFSI舒适型,1.96,2.28,1.76,2.18,True,差,13.25,True,1-3万,>10年
长城 C30 2013款 1.5 手动 豪华型,0.4,0.31,0.11,0.51,True,中,12.58,True,<1万,>10年
大众 捷达 2015款 1.6 手动 时尚型,1.51,1.28,1.13,1.43,False,中,9.42,True,1-3万,8-10年
奥迪 Q3 2016款 1.4T 自动 30TFSI标准型前驱,4.67,4.49,4.07,4.89,True,中,8.83,True,3-5万,8-10年
福特 福克斯-三厢 2015款 1.5GTDi 手自一体 EcoBoost 18,1.95,2.02,1.81,2.21,True,中,9.0,True,1-3万,8-10年
别克 凯越 2013款 1.5 自动 经典型,1.16,0.62,0.48,0.88,False,优,10.67,True,1-3万,>10年
丰田 花冠EX 2013款 1.6 手动 卓越版,1.3,1.86,1.64,2.08,False,中,10.83,True,1-3万,>10年
现代 瑞纳三厢 2014款 1.4 自动 GLS智能型,0.9,1.11,0.82,1.12,True,差,9.58,True,<1万,8-10年
大众 途观 2016款 1.4T 自动 280TSI丝绸之路舒适版前驱,3.65,4.01,3.63,4.37,True,中,8.0,True,3-5万,5-8年
现代 瑞纳三厢 2010款 1.4 手动 GL标准型,0.31,0.39,0.23,0.63,True,优,13.5,True,<1万,>10年
红旗 HS5 2019款 2.0T 手自一体 四驱智联旗享版,4.95,6.07,5.53,6.58,False,中,5.17,True,3-5万,5-8年
宝马 X1（进口） 2010款 2.0 自动 18i豪华型后驱 (进口),1.42,1.87,1.65,2.09,False,中,13.92,True,1-3万,>10年
五菱汽车 宏光 2015款 1.2 手动 S基本型5-8座 国IV,1.28,1.02,0.87,1.17,False,中,8.67,True,1-3万,8-10年
现代 瑞纳-三厢 2010款 1.4 手动 GS 舒适型,0.47,0.46,0.2,0.6,True,差,12.83,True,<1万,>10年
大众 途观 2010款 2.0T 自动 旗舰型四驱,1.2,1.36,1.2,1.52,True,中,14.83,True,1-3万,>10年
大众 凌渡 2017款 1.4T 自动 280TSI豪华版,3.13,3.86,3.49,4.21,False,中,8.08,True,3-5万,8-10年
大众 途观 2015款 1.8T 自动 风尚版前驱,2.83,3.46,2.71,3.26,True,差,9.67,True,1-3万,8-10年
现代 名图 2014款 1.8 自动 智能型,2.11,2.08,1.61,1.99,False,差,10.42,True,1-3万,>10年
大众 途观 2013款 2.0T 自动 豪华版四驱,2.42,3.01,2.72,3.3,False,中,11.5,True,1-3万,>10年
哈弗 哈弗H6 2021款 1.5T 自动 国潮冠军版GDI,5.82,4.81,5.04,5.49,False,优,2.67,True,5-10万,0-3年
本田 XR-V 2017款 1.8 手动 EXi 舒适版,3.81,4.66,4.23,5.07,False,中,8.08,True,3-5万,8-10年
比亚迪 海鸥 2024款 荣耀版 405KM 飞翔版,5.01,3.93,3.56,4.29,False,中,1.0,True,5-10万,0-3年
岚图 梦想家 2022款 0碳版 梦+智享包,19.32,18.6,17.31,19.86,True,中,1.08,True,10-20万,0-3年
吉利汽车 帝豪GS 2016款 1.8 自动 运动版领尚型,1.0,1.53,1.16,1.52,False,差,8.0,True,<1万,5-8年
日产 轩逸 2018款 1.6 自动 XV尊享版,2.94,2.58,2.32,2.82,False,中,7.42,True,1-3万,5-8年
日产 轩逸 2021款 1.6 自动 XL经典豪华版,3.48,3.75,3.39,4.09,True,中,4.0,True,3-5万,3-5年
奇瑞 瑞虎5x 2020款 1.5 手动 时尚版,2.81,2.85,2.88,3.34,False,优,3.92,True,1-3万,3-5年
WEY VV7 2017款 2.0T 自动 超豪型,2.24,3.13,2.83,3.42,False,中,7.92,True,1-3万,5-8年
丰田 雷凌 2022款 1.2T 自动 185T 豪华版,5.47,5.58,5.08,6.06,True,中,2.92,True,5-10万,0-3年
比亚迪 S7 2016款 2.0T 自动 旗舰型Plus,1.51,1.24,1.09,1.39,False,中,8.33,True,1-3万,8-10年
吉利汽车 金刚三厢 2010款 1.5 手动 无敌版,0.26,0.28,0.1,0.5,True,优,12.33,True,<1万,>10年
标致 308S 2015款 1.2THP 手自一体 尚驰版,1.1,1.35,1.19,1.51,False,中,9.92,True,1-3万,8-10年
大众 朗行 2013款 1.4T 自动 舒适版,0.92,1.65,1.25,1.65,False,差,12.0,True,<1万,>10年
现代 ix25 2015款 1.6 自动 GLS智能型前驱,2.0,2.44,1.9,2.34,True,差,10.67,True,1-3万,>10年
北京汽车 绅宝X35 2016款 1.5 自动 豪华版,1.59,1.23,1.08,1.38,False,中,6.5,True,1-3万,5-8年
现代 名图 2014款 1.8 自动 尊贵型,1.96,2.09,1.61,2.0,True,差,10.58,True,1-3万,>10年
福特 福克斯-三厢 2009款 1.8 手动 舒适型,0.3,0.37,0.17,0.57,True,中,14.5,True,<1万,>10年
比亚迪 F3 2012款 1.5 手动 舒适型节能版,0.4,0.58,0.38,0.78,True,中,7.75,True,<1万,5-8年
别克 英朗三厢 2015款 1.5 自动 15N精英型,1.61,1.62,1.58,1.96,True,优,9.33,True,1-3万,8-10年
本田 锋范 2015款 1.5 无级 舒适版,2.14,2.09,1.61,2.0,False,差,8.75,True,1-3万,8-10年
丰田 花冠EX 2013款 1.6 自动 卓越版,2.21,1.97,1.73,2.21,True,中,10.75,True,1-3万,>10年
凯迪拉克 ATS-L 2016款 2.0T 手自一体 28T 技术型,4.64,5.2,4.12,4.91,True,差,7.17,True,3-5万,5-8年
本田 奥德赛 2011款 2.4 自动 劲秀 豪华版,2.55,2.92,2.64,3.2,False,中,13.42,True,1-3万,>10年
雪铁龙 爱丽舍三厢 2014款 1.6 自动 舒适型,1.07,0.69,0.49,0.89,False,中,10.42,True,1-3万,>10年
大众 捷达 2019款 1.5 手动 梦想版舒适型,2.26,2.53,2.28,2.77,False,中,6.0,True,1-3万,5-8年
奔腾 B50 2011款 1.6 自动 豪华型,0.36,0.38,0.22,0.62,True,优,14.25,True,<1万,>10年
比亚迪 秦Pro新能源 2019款 EV超能版 高功率高续航智联领越型 纯电动,4.16,2.9,2.62,3.17,False,中,4.67,True,3-5万,3-5年
别克 昂科威 2016款 1.5T 双离合 20T 两驱精英型,2.28,3.06,2.76,3.35,False,中,9.33,True,1-3万,8-10年
丰田 花冠 2013款 1.6 手动 卓越型,1.29,1.52,1.34,1.7,False,中,12.33,True,1-3万,>10年
本田 思铂睿 2009款 2.4 自动 尊贵型,1.76,1.54,1.35,1.73,False,中,14.75,True,1-3万,>10年
丰田 RAV4 2011款 2.4 自动 豪华版,2.87,2.6,2.34,2.85,False,中,13.83,True,1-3万,>10年
WEY VV5 2020款 1.5T 自动 智先锋前驱,4.76,3.72,3.36,4.06,False,中,5.17,True,3-5万,5-8年
标致 408 2013款 2.0 自动 豪华型,0.84,0.81,0.61,1.01,True,中,10.83,True,<1万,>10年
大众 帕萨特 2013款 1.8T 自动 御尊版,2.3,2.14,1.92,2.34,True,中,12.92,True,1-3万,>10年
大众 桑塔纳浩纳 2015款 1.6 自动 风尚版,2.14,1.82,1.6,2.04,False,中,9.25,True,1-3万,8-10年
福特 蒙迪欧 2017款 1.5T 自动 EcoBoost180豪华型,4.76,4.06,3.68,4.43,False,中,8.0,True,3-5万,5-8年
广汽传祺 传祺GS4 2017款 1.3T 自动 200T G-DCT舒适版前驱,1.13,1.5,1.32,1.68,False,中,10.0,True,1-3万,8-10年
吉利 远景 2020款 1.5 无级 亚运版,3.07,2.29,2.06,2.51,False,中,4.25,True,3-5万,3-5年
别克 君威 2017款 1.5T 自动 20T精英型,3.63,3.87,3.04,3.65,True,差,6.67,True,3-5万,5-8年
日产 轩逸 2009款 1.6 自动 XE 舒适版,1.01,0.91,0.59,0.99,False,差,14.33,True,1-3万,>10年
日产 逍客 2012款 2.0 手动 XL火前驱,1.4,1.46,1.29,1.63,True,中,12.67,True,1-3万,>10年
启辰 R50 2013款 1.6 手动 豪华版,0.64,0.67,0.47,0.87,True,中,11.83,True,<1万,>10年
福特 福克斯两厢 2015款 1.6 自动 舒适型,1.44,1.33,1.17,1.49,True,中,10.0,True,1-3万,8-10年
荣威 RX5 2016款 1.5TGI 双离合 20T 两驱互联网智享版,2.13,1.59,1.4,1.78,False,中,8.42,True,1-3万,8-10年
别克 英朗三厢 2016款 1.5 自动 15N豪华型,1.86,1.68,1.48,1.88,True,中,8.92,True,1-3万,8-10年
铃木 奥拓 2013款 1.0 自动 豪华版,0.85,0.78,0.58,0.98,True,中,11.08,True,<1万,>10年
大众 速腾 2012款 1.6 手自一体 时尚版,2.41,1.82,1.6,2.04,False,中,11.92,True,1-3万,>10年
别克 凯越 2011款 1.6 自动 LX,0.23,0.35,0.15,0.55,True,中,13.75,True,<1万,>10年
大众 高尔夫6 2012款 1.6 手自一体 时尚版,1.2,2.09,1.61,2.0,False,差,11.75,True,1-3万,>10年
哈弗 哈弗H2 2018款 1.5T 自动 蓝标豪华型,2.73,2.12,1.9,2.32,False,中,6.83,True,1-3万,5-8年
丰田 卡罗拉 2014款 1.6 无级 GL,2.88,3.2,2.89,3.49,False,中,9.25,True,1-3万,8-10年
大众 迈腾 2017款 2.0T 自动 380TSI尊贵型,8.17,6.38,5.82,6.92,False,中,7.67,True,5-10万,5-8年
丰田 卡罗拉 2012款 1.8 自动 GL-i炫装版,1.99,1.74,1.53,1.95,False,中,12.83,True,1-3万,>10年
福特 翼虎 2015款 1.5T 自动 GTDi风尚型前驱,1.57,2.12,1.91,2.33,False,中,9.92,True,1-3万,8-10年
雪铁龙 C4L 2013款 1.6T 自动 劲享版,0.6,0.74,0.61,1.01,False,优,12.17,True,<1万,>10年
本田 CR-V 2012款 2.0 自动 Lxi都市型前驱,3.07,3.15,2.84,3.44,True,中,11.92,True,3-5万,>10年
丰田 卡罗拉 2007款 1.6 手动 GL,0.67,1.01,0.86,1.16,False,中,15.92,True,<1万,>10年
奥迪 Q5 2012款 2.0T 自动 TFSI舒适型,3.72,3.32,3.0,3.63,False,中,13.0,True,3-5万,>10年
别克 昂科威Plus 2016款 2.0T 自动 28T豪华型四驱,3.35,3.54,3.2,3.87,True,中,9.67,True,3-5万,8-10年
别克 凯越 2011款 1.6 手动 LX,0.28,0.35,0.18,0.58,True,优,12.83,True,<1万,>10年
丰田 威驰 2014款 1.5 自动 智臻版,1.27,1.36,1.2,1.52,True,中,10.5,True,1-3万,>10年
捷豹 XFL 2020款 2.0T 自动 P200精英版,12.64,11.9,12.43,13.37,True,优,4.5,True,10-20万,3-5年
现代 途胜 2015款 1.6T 自动 智能型前驱,3.92,3.33,3.01,3.64,False,中,8.42,True,3-5万,8-10年
大众 宝来三厢 2006款 1.6 自动 2V时尚型TL,0.31,0.53,0.39,0.79,False,优,18.0,True,<1万,>10年
长安 悦翔V7 2016款 1.6 手动 乐享型,0.35,0.69,0.4,0.8,False,差,8.83,True,<1万,8-10年
长安 CS55 2018款 1.5T 手动 炫色型,2.17,2.65,2.39,2.9,False,中,6.5,True,1-3万,5-8年
奇瑞 瑞虎3 2015款 1.6 手动 智尚纪念版,1.0,0.76,0.63,1.03,True,优,9.08,True,<1万,8-10年
大众 途观L 2018款 2.0T 自动 330TSI豪华版前驱,5.19,7.12,6.51,7.7,False,中,7.17,True,5-10万,5-8年
起亚 K2三厢 2017款 1.4 自动 GLS,2.44,1.78,1.57,1.99,False,中,7.83,True,1-3万,5-8年
大众 途昂 2020款 2.0T 自动 330TSI豪华版前驱 改款,9.2,12.99,12.03,13.92,False,中,4.83,True,5-10万,3-5年
雪佛兰 科鲁兹 2013款 1.6 手动 SL,0.51,0.48,0.28,0.68,True,中,11.42,True,<1万,>10年
奥迪 A4L 2010款 2.0T 自动 TFSI技术型,1.73,1.88,1.65,2.11,True,中,15.08,True,1-3万,>10年
荣威 360 2015款 1.5 自动 豪华版,0.64,0.71,0.51,0.91,True,中,10.0,True,<1万,8-10年
奥迪 A6L 2010款 2.4 自动 技术型,1.36,1.62,1.43,1.81,False,中,15.33,True,1-3万,>10年
马自达 CX-5 2015款 2.0 自动 都市型前驱,3.82,3.94,3.57,4.3,True,中,8.92,True,3-5万,8-10年
比亚迪 海鸥 2023款 飞翔版,5.22,4.32,4.53,4.94,False,优,0.92,True,5-10万,0-3年
大众 途观 2013款 1.8TSI 手自一体 两驱豪华版,2.38,2.74,2.47,2.99,False,中,11.83,True,1-3万,>10年
哈弗 哈弗H2 2016款 红标 1.5T 自动 两驱豪华型,1.57,1.58,1.39,1.77,True,中,8.83,True,1-3万,8-10年
本田 享域 2019款 1.0T 自动 180TURBO畅享版 国VI,3.3,3.41,3.08,3.73,True,中,4.33,True,3-5万,3-5年
大众 迈腾 2007款 1.8TSI 手自一体 技术版,0.53,0.55,0.28,0.68,True,差,16.75,True,<1万,>10年
哈弗 哈弗H2s 2018款 1.5T 自动 蓝标风尚型,1.33,2.3,2.07,2.52,False,中,6.58,True,1-3万,5-8年
大众 捷达 2010款 1.6 手动 CIF伙伴,1.04,0.71,0.42,0.82,False,差,12.33,True,1-3万,>10年
宝骏 730 2016款 1.5T 手动 舒适型7座,1.15,1.39,1.22,1.56,False,中,8.75,True,1-3万,8-10年
雪铁龙 世嘉-三厢 2012款 1.6 手自一体 品尚型,0.53,0.5,0.3,0.7,True,中,13.25,True,<1万,>10年
福特 锐界 2016款 2.0T 自动 EcoBoost245尊锐型7座四驱,5.49,5.04,4.58,5.48,False,中,9.0,True,5-10万,8-10年
广汽传祺 传祺GA4 2018款 1.3T 手动 200T豪华版,1.55,2.28,2.05,2.49,False,中,7.5,True,1-3万,5-8年
大众 宝来三厢 2021款 1.5 自动 时尚智联版,3.75,4.53,3.57,4.27,True,差,3.5,True,3-5万,3-5年
丰田 RAV4荣放 2019款 2.0L 自动 CVT两驱风尚版 国VI,7.58,6.72,6.14,7.28,False,中,6.5,True,5-10万,5-8年
奇瑞新能源 小蚂蚁 2018款 自动 4座智炫版,1.16,1.18,1.14,1.44,True,优,7.0,True,1-3万,5-8年
别克 君威 2015款 2.0 自动 领先时尚型,1.71,1.8,1.58,2.02,True,中,10.17,True,1-3万,>10年
日产 轩逸 2022款 1.6L 自动 XL悦享版,5.55,4.3,3.9,4.68,False,中,3.33,True,5-10万,3-5年
日产 天籁 2008款 2.5 自动 XL领先版,0.43,0.7,0.57,0.97,False,优,17.17,True,<1万,>10年
比亚迪 秦L 2024款 1.5L 自动 DM-i 120KM超越型,7.6,5.3,5.55,6.05,False,优,0.92,True,5-10万,0-3年
哈弗 哈弗H6 2016款 1.5T 手动 升级版精英型前驱,0.92,1.15,1.0,1.3,False,中,9.08,True,<1万,8-10年
奔腾 B70 2014款 2.0 自动 舒适型,0.91,0.98,0.88,1.28,True,优,9.83,True,<1万,8-10年
腾势 腾势D9 2022款 1.5T 自动 DM-i 970 四驱尊荣型,21.14,20.93,21.83,23.37,False,优,2.0,True,>20万,0-3年
大众 POLO两厢 2014款 1.6 自动 舒适版,2.59,2.24,2.01,2.45,False,中,9.67,True,1-3万,8-10年
风神 A60 2016款 1.5 手动 尊贵型,0.68,0.82,0.62,1.02,True,中,9.25,True,<1万,8-10年
吉利汽车 帝豪GS 2016款 1.3T 手动 运动版领尚型,1.52,1.42,1.25,1.59,True,中,8.83,True,1-3万,8-10年
大众 朗逸三厢 2013款 1.6 手动 经典舒适版 改款,2.0,2.2,1.97,2.41,True,中,8.33,True,1-3万,8-10年
大众 迈腾 2012款 1.8T 自动 豪华型 改款,1.82,2.06,1.59,1.96,True,差,12.42,True,1-3万,>10年
丰田 汉兰达 2015款 2.0T 自动 至尊版7座四驱,10.27,8.54,6.92,8.12,False,差,9.33,True,10-20万,8-10年
丰田 汉兰达 2018款 2.0T 自动 豪华版7座四驱,14.65,13.05,13.62,14.62,False,优,6.5,True,10-20万,5-8年
起亚 KX CROSS 2018款 1.6 自动 灵动天窗版,3.18,3.14,2.45,2.95,False,差,6.08,True,3-5万,5-8年
奔驰 A级 2020款 1.3T自动 A200L运动轿车时尚型 改款,11.53,9.59,8.82,10.32,False,中,4.58,True,10-20万,3-5年
福特 福克斯-两厢 2012款 1.6 双离合 舒适型,0.83,0.93,0.73,1.13,True,中,11.33,True,<1万,>10年
腾势 腾势D9 2024款 1.5T 自动 DM-i 980 四驱尊荣型,25.27,24.01,25.07,26.87,True,优,1.33,True,>20万,0-3年
标致 408 2016款 1.6T 自动 豪华型,1.92,1.75,1.54,1.96,True,中,8.75,True,1-3万,8-10年
日产 轩逸 2021款 1.6 自动 XL悦享版,5.82,4.26,4.47,4.88,False,优,4.58,True,5-10万,3-5年
三菱 欧蓝德 2016款 2.4 自动 精英版5座四驱,4.91,4.42,4.01,4.82,False,中,8.25,True,3-5万,8-10年
荣威 RX5 MAX 2019款 1.5T 自动 300TGI 4G互联豪华版,3.29,3.12,2.81,3.41,True,中,4.83,True,3-5万,3-5年
Jeep 自由光 2020款 2.0T 自动 领先版前驱,6.65,5.22,4.74,5.67,False,中,2.92,True,5-10万,0-3年
大众 途观 2013款 1.8T 自动 舒适版前驱,2.48,2.49,1.94,2.39,False,差,10.92,True,1-3万,>10年
丰田 凯美瑞 2015款 2.0 自动 G领先版,4.8,4.89,4.44,5.32,True,中,9.33,True,3-5万,8-10年
奥迪 Q3 2017款 1.4T 自动 30TFSI时尚型前驱,5.18,5.44,4.95,5.91,True,中,8.17,True,5-10万,8-10年
日产 骐达 2016款 1.6 自动 酷动版,3.51,3.58,3.24,3.91,True,中,6.75,True,3-5万,5-8年
大众 途观 2016款 1.8T 自动 300TSI豪华版四驱,4.21,4.04,3.66,4.4,True,中,8.5,True,3-5万,8-10年
别克 凯越 2013款 1.5 手动 经典型,1.0,0.76,0.56,0.96,False,中,10.5,True,<1万,>10年
长城 M4 2012款 1.5 手动 舒适型,0.42,0.42,0.22,0.62,True,中,12.5,True,<1万,>10年
起亚 福瑞迪 2012款 1.6 手动 GL纪念版,0.6,0.57,0.42,0.82,True,优,11.33,True,<1万,>10年
别克 君越 2018款 2.0T 自动 28T豪华型,6.3,5.83,5.31,6.33,True,中,6.58,True,5-10万,5-8年
现代 ix35 2013款 2.0 自动 GL舒适型前驱 国IV,1.58,1.63,1.43,1.83,True,中,12.25,True,1-3万,>10年
荣威 RX5 2016款 1.5TGI 双离合 20T 两驱互联网智享版,2.0,1.59,1.4,1.78,False,中,8.42,True,1-3万,8-10年
本田 雅阁 2016款 2.0 自动 舒适版,5.35,5.77,5.26,6.27,True,中,8.0,True,5-10万,5-8年
别克 君威 2017款 1.5T 自动 20T精英型,3.82,4.22,4.43,4.83,False,优,6.42,True,3-5万,5-8年
日产 轩逸 2019款 1.6 自动 经典XE+智联领先版,2.38,2.86,2.23,2.75,True,差,6.33,True,1-3万,5-8年
福特 福克斯-三厢 2012款 1.6 双离合 风尚型,0.7,0.89,0.69,1.09,True,中,11.75,True,<1万,>10年
本田 缤智 2015款 1.5 无级 两驱舒适型,3.61,3.53,3.71,4.05,False,优,9.58,True,3-5万,8-10年
日产 骐达 2008款 1.6 自动 智能型,1.6,0.99,0.79,1.19,False,中,14.92,True,1-3万,>10年
福特 福克斯三厢 2012款 1.6 自动 尊贵型,0.52,0.98,0.78,1.18,False,中,11.83,True,<1万,>10年
大众 迈腾 2012款 1.4T 自动 豪华型,1.83,2.16,1.67,2.06,True,差,12.33,True,1-3万,>10年
本田 凌派 2015款 1.8 自动 舒适版,2.46,2.51,2.26,2.75,True,中,10.92,True,1-3万,>10年
大众 高尔夫旅行版 2011款 1.4T 自动 舒适型 (进口),1.71,1.71,1.5,1.92,True,中,13.0,True,1-3万,>10年
大众 帕萨特 2014款 1.8T 自动 御尊版,3.95,2.9,2.61,3.17,False,中,10.17,True,3-5万,>10年
哈弗 哈弗F7x 2019款 1.5T 自动 极智科技版,3.8,3.31,2.99,3.61,False,中,5.75,True,3-5万,5-8年
英菲尼迪 Q50L 2016款 2.0T 手自一体 悦享版,3.85,5.12,4.06,4.83,False,差,8.5,True,3-5万,8-10年
丰田 RAV4 2011款 2.4 自动 豪华版,3.23,3.1,3.26,3.57,False,优,12.92,True,3-5万,>10年
雪佛兰 科沃兹 2016款 1.5 手动 欣悦版,1.41,1.74,1.53,1.95,False,中,7.5,True,1-3万,5-8年
雪佛兰 科鲁泽 2019款 1.3T 自动 RS 330T痛快版,2.57,2.48,2.23,2.71,True,中,5.42,True,1-3万,5-8年
日产 轩逸 2020款 1.6 自动 XL悦享版,3.88,4.4,3.47,4.15,True,差,5.83,True,3-5万,5-8年
大众 速腾 2012款 1.6 手动 舒适型,1.28,1.58,1.19,1.57,True,差,12.33,True,1-3万,>10年
丰田 锐志 2008款 2.5 自动 S特别导航版,2.65,2.24,2.02,2.46,False,中,14.92,True,1-3万,>10年
标致 4008 2017款 1.8T 自动 380THP豪华版,2.97,3.23,2.92,3.53,True,中,8.42,True,1-3万,8-10年
现代 索纳塔 2014款 2.0 自动 GLX豪华版,2.5,1.81,1.59,2.03,False,中,10.67,True,1-3万,>10年
MINI MINI 2014款 1.5T 自动 COOPER Fun (进口),3.56,3.93,3.56,4.29,True,中,11.08,True,3-5万,>10年
吉利汽车 帝豪GSe 2019款 600尊尚型 纯电动,4.1,3.58,3.24,3.91,False,中,5.25,True,3-5万,5-8年
大众 捷达 2015款 1.6 自动 质惠版时尚型,1.95,1.62,1.43,1.81,False,中,8.83,True,1-3万,8-10年
本田 CR-V 2010款 2.0 自动 Lxi都市型前驱,1.68,1.57,1.18,1.56,False,差,15.08,True,1-3万,>10年
大众 POLO 2016款 1.4 手动 风尚型,2.15,2.59,2.33,2.83,False,中,7.25,True,1-3万,5-8年
本田 雅阁 2015款 2.4 自动 豪华版EX,4.08,4.74,3.75,4.47,True,差,9.67,True,3-5万,8-10年
日产 轩逸经典 2021款 1.6 无级 XE 舒适版,4.05,3.91,3.54,4.27,True,中,4.25,True,3-5万,3-5年
大众 朗逸 2013款 1.6 手动 风尚版(改款),0.93,1.1,0.95,1.25,False,中,12.17,True,<1万,>10年
宝骏 510 2017款 1.5 自动 时尚型,1.58,1.39,1.36,1.7,True,优,7.92,True,1-3万,5-8年
大众 POLO两厢 2014款 1.4 手动 风尚版,1.82,1.91,1.68,2.14,True,中,9.5,True,1-3万,8-10年
大众 途岳 2022款 1.4TSI 双离合 280TSI 两驱舒适版,9.0,8.25,7.57,8.9,False,中,1.83,True,5-10万,0-3年
丰田 汉兰达 2015款 2.0T 自动 豪华版7座前驱,8.5,8.97,9.38,10.13,False,优,9.42,True,5-10万,8-10年
奥迪 Q3 2015款 1.4TFSI 双离合 30TFSI 舒适型,3.95,4.04,3.66,4.4,True,中,10.42,True,3-5万,>10年
荣威 i6 MAX新能源 2020款 1.5T 自动 PHEV爽酷天幕版,3.3,2.71,2.74,3.18,False,优,4.5,True,3-5万,3-5年
现代 第八代索纳塔 2013款 2.0 手自一体 豪华型,1.02,1.42,1.25,1.59,False,中,11.75,True,1-3万,>10年
凯迪拉克 XTS 2015款 2.0T 自动 28T舒适型,3.38,3.41,3.08,3.73,True,中,10.42,True,3-5万,>10年
大众 速腾 2012款 1.6 手动 时尚版,1.31,1.35,1.19,1.51,True,中,12.25,True,1-3万,>10年
福特 福睿斯 2015款 1.5 自动 时尚型,1.81,1.67,1.62,2.02,True,优,8.75,True,1-3万,8-10年
标致 408 2015款 1.2T 自动 豪华版,0.9,1.42,1.25,1.59,False,中,9.17,True,<1万,8-10年
大众 宝来三厢 2013款 1.6 手动 舒适型,1.32,1.31,1.15,1.47,True,中,12.0,True,1-3万,>10年
日产 天籁 2011款 2.0 自动 XL舒适版,2.3,1.81,1.59,2.03,False,中,13.0,True,1-3万,>10年
现代 新胜达 2015款 2.0T 手自一体 GLS 四驱智能型5座,2.3,3.08,2.78,3.37,False,中,9.67,True,1-3万,8-10年
凯迪拉克 ATS-L 2014款 2.0T 自动 25T舒适型,3.91,4.02,3.64,4.38,True,中,9.75,True,3-5万,8-10年
本田 思域 2016款 1.5T 自动 220TURBO豪华版,3.9,4.34,3.42,4.09,True,差,8.92,True,3-5万,8-10年
标致 3008 2013款 2.0 自动 潮流版,0.86,1.28,1.13,1.43,False,中,11.67,True,<1万,>10年
路虎 揽胜极光 2018款 2.0T 自动 240PS SE智耀版,7.1,7.02,7.35,7.97,False,优,7.67,True,5-10万,5-8年
日产 奇骏 2014款 2.0L 自动 CVT舒适版 2WD,3.8,4.39,3.98,4.78,False,中,9.42,True,3-5万,8-10年
奥迪 A4L 2011款 2.0TFSI 无级 132kw舒适型,1.61,2.1,1.62,2.01,False,差,13.5,True,1-3万,>10年
日产 天籁 2008款 2.5 无级 XL 领先版,0.48,1.2,1.05,1.35,False,中,14.92,True,<1万,>10年
丰田 凯美瑞 2016款 2.0 自动 G十周年纪念领先版,5.98,5.65,5.14,6.13,True,中,8.0,True,5-10万,5-8年
别克 凯越 2015款 1.5 自动 经典型,1.05,0.93,0.73,1.13,True,中,9.75,True,1-3万,8-10年
奥迪 Q5 2017款 2.0T 自动 40TFSI进取型,6.81,7.12,6.51,7.7,True,中,8.25,True,5-10万,8-10年
日产 轩逸 2021款 1.6 自动 XL经典豪华版,4.05,4.34,3.93,4.72,True,中,5.17,True,3-5万,5-8年
本田 思域 2012款 1.8 自动 豪华版Vti,2.19,1.86,1.64,2.08,False,中,13.0,True,1-3万,>10年
大众 帕萨特 2015款 1.8TSI 自动 DSG御尊版,2.88,3.31,2.59,3.11,True,差,9.92,True,1-3万,8-10年
日产 逍客 2019款 2.0 无级 XV 智享版,5.35,5.21,4.74,5.66,True,中,5.67,True,5-10万,5-8年
别克 英朗三厢 2019款 1.3T 自动 18T互联精英型 国VI,1.98,2.45,1.9,2.35,True,差,5.25,True,1-3万,5-8年
别克 威朗 2015款 1.5 手自一体 15S 进取型,1.7,1.9,1.67,2.13,True,中,9.67,True,1-3万,8-10年
宝马 325Li 2020款 2.0T 手自一体 M运动套装,13.01,12.17,11.25,13.05,True,中,5.33,True,10-20万,5-8年
本田 CR-V 2019款 1.5T 自动 240TURBO风尚版前驱 国V,6.52,8.32,7.63,8.98,False,中,5.92,True,5-10万,5-8年
丰田 RAV4荣放 2019款 2.0L 自动 CVT两驱先锋版 国V,6.71,6.74,6.15,7.29,True,中,6.58,True,5-10万,5-8年
大众 途观 2016款 1.8T 自动 300TSI豪华版前驱,3.08,3.55,3.2,3.87,False,中,9.08,True,3-5万,8-10年
比亚迪 F3 2018款 1.5 手动 经典型,0.71,0.85,0.65,1.05,True,中,6.08,True,<1万,5-8年
大众 途观L 2017款 1.8T 自动 330TSI豪华版前驱,6.04,5.17,4.7,5.62,False,中,8.0,True,5-10万,5-8年
本田 思域 2014款 1.8 自动 舒适版Exi,3.68,3.07,2.77,3.35,False,中,9.83,True,3-5万,8-10年
福特 翼虎 2017款 1.5T 自动 EcoBoost180豪翼型四驱,2.77,2.9,2.62,3.18,True,中,8.08,True,1-3万,8-10年
长安 悦翔-三厢 2012款 1.5 手动 豪华版,0.25,0.26,0.03,0.43,True,差,12.83,True,<1万,>10年
比亚迪 宋 2020款 1.5T 自动 经典版精英型,3.3,3.75,3.93,4.3,False,优,4.83,True,3-5万,3-5年
三菱 欧蓝德 2017款 2.0 无级 两驱荣耀版5座,3.8,4.3,3.9,4.69,False,中,7.58,True,3-5万,5-8年
日产 轩逸 2014款 1.6 无级 XV 尊享版,1.8,2.08,1.87,2.28,False,中,11.25,True,1-3万,>10年
日产 轩逸 2012款 1.6 自动 XL豪华版,2.29,1.48,1.3,1.66,False,中,12.0,True,1-3万,>10年
比亚迪 海豹 2023款 DM-i 1.5T 自动 121km 尊荣型,8.8,8.84,8.12,9.53,True,中,1.08,True,5-10万,0-3年
大众 Cross POLO 2012款 1.6 自动,1.92,1.31,1.15,1.47,False,中,13.0,True,1-3万,>10年
比亚迪 海鸥 2025款 405km 飞翔版,5.03,4.15,3.76,4.53,False,中,0.67,True,5-10万,0-3年
东风风神 风神AX7 2018款 经典 1.6T 自动 豪华型,1.71,2.16,1.95,2.37,False,中,7.17,True,1-3万,5-8年
大众 POLO劲情 2009款 1.6 自动 风尚版,0.63,0.69,0.4,0.8,True,差,15.75,True,<1万,>10年
岚图汽车 梦想家 2024款 1.5T 自动 PHEV 超长续航尊贵版,22.27,21.97,22.92,24.54,False,优,1.08,True,>20万,0-3年
东风风神 风神A60 2014款 1.6 自动 豪华型,0.93,0.6,0.4,0.8,False,中,10.92,True,<1万,>10年
别克 GL8 2013款 2.4 自动 经典版,2.07,2.35,2.38,2.76,False,优,12.0,True,1-3万,>10年
丰田 汉兰达 2018款 2.0T 自动 精英版5座前驱 国VI,12.35,13.07,13.65,14.66,False,优,5.25,True,10-20万,5-8年
福特 福克斯三厢 2015款 1.6 自动 风尚型,1.81,1.63,1.43,1.83,True,中,9.33,True,1-3万,8-10年
奥迪 A6L 2010款 2.0T 自动 TFSI标准型,1.89,1.46,1.28,1.64,False,中,16.08,True,1-3万,>10年
奥迪 A3三厢 2020款 1.4T 自动 35TFSI时尚型 国VI,7.84,7.46,6.83,8.07,True,中,4.33,True,5-10万,3-5年
福特 蒙迪欧 2013款 2.0T 自动 GTDi200时尚型,2.8,2.78,2.5,3.04,True,中,10.67,True,1-3万,>10年
起亚 K2-三厢 2012款 1.4 手动 GL纪念版,0.35,0.64,0.35,0.75,True,差,11.92,True,<1万,>10年
长安 CS35 2015款 1.6 手动 豪华型 国IV,1.02,0.8,0.6,1.0,False,中,9.75,True,1-3万,8-10年
别克 君越 2016款 2.0T 自动 28T豪华型,5.53,4.61,4.18,5.02,False,中,8.92,True,5-10万,8-10年
起亚 福瑞迪 2014款 1.6 手动 GL,1.15,0.94,0.74,1.14,False,中,9.75,True,1-3万,8-10年
大众 迈腾 2020款 2.0T 自动 330TSI豪华型,9.0,9.53,9.97,10.76,False,优,4.33,True,5-10万,3-5年
大众 途观 2012款 1.8T 自动 菁英版前驱,1.49,1.81,1.59,2.03,False,中,12.67,True,1-3万,>10年
大众 速腾 2012款 1.4T 手动 豪华型,1.2,1.77,1.56,1.98,False,中,12.58,True,1-3万,>10年
本田 雅阁 2005款 2.0 自动 标准型,0.42,0.53,0.38,0.78,True,优,19.67,True,<1万,>10年
奔驰 E级 2012款 3.0 自动 E300L时尚型,2.92,3.54,3.2,3.86,False,中,13.42,True,1-3万,>10年
荣威 550 2009款 1.8 手自一体 DVVT 启智版,0.34,0.37,0.12,0.52,True,差,15.67,True,<1万,>10年
本田 思域 2019款 1.5T 自动 220TURBO劲动版 国VI,5.92,5.91,5.38,6.41,True,中,5.25,True,5-10万,5-8年
福特 福克斯两厢 2012款 1.6 自动 风尚型,1.29,1.04,0.89,1.19,False,中,10.92,True,1-3万,>10年
日产 天籁 2008款 2.5 自动 公爵XV尊雅版,1.4,0.94,0.74,1.14,False,中,16.5,True,1-3万,>10年
哈弗 哈弗H2 2017款 1.5T 自动 红标精英型前驱,1.6,1.69,1.49,1.89,True,中,9.08,True,1-3万,8-10年
奥迪 A6L 2016款 3.0T 自动 45TFSI运动型四驱,8.82,9.29,7.55,8.84,True,差,8.33,True,5-10万,8-10年
丰田 皇冠 2012款 2.5 自动 Royal真皮版,8.51,7.8,6.29,7.4,False,差,10.42,True,5-10万,>10年
别克 昂科威 2016款 1.5T 双离合 20T 两驱精英型,4.1,3.41,3.08,3.72,False,中,8.67,True,3-5万,8-10年
日产 天籁 2016款 2.0 自动 XL舒适版 改款,5.2,4.27,3.87,4.66,False,中,7.58,True,5-10万,5-8年
日产 轩逸 2016款 1.6 自动 XE舒适版,2.86,2.72,2.45,2.98,True,中,8.0,True,1-3万,5-8年
日产 LANNIA 蓝鸟 2016款 1.6 自动 炫酷版,2.4,2.62,2.36,2.87,True,中,9.0,True,1-3万,8-10年
大众 速腾 2019款 1.4T 自动 280TSI豪华型,5.8,5.4,5.66,6.16,True,优,6.33,True,5-10万,5-8年
奥迪 A6L 2011款 2.0T 自动 TFSI标准型,1.77,2.76,2.49,3.03,False,中,13.58,True,1-3万,>10年
雪铁龙 C4L 2014款 1.8 自动 智驱版劲享型,0.99,0.98,0.78,1.18,True,中,10.75,True,<1万,>10年
本田 CR-V 2007款 2.4L 自动 四驱豪华版,0.53,1.09,1.05,1.35,False,优,17.67,True,<1万,>10年
大众 迈腾 2017款 1.8T 自动 330TSI豪华型,5.79,5.8,5.28,6.29,True,中,9.25,True,5-10万,8-10年
大众 宝来三厢 2015款 1.6 自动 质惠版舒适型,1.5,1.87,1.42,1.86,True,差,9.58,True,1-3万,8-10年
奥迪 Q5 2016款 2.0T 自动 40TFSI技术型,6.2,6.59,6.9,7.49,False,优,9.0,True,5-10万,8-10年
沃尔沃 XC60 2016款 2.0T 手自一体 T5 智进版,3.71,4.94,5.18,5.65,False,优,9.83,True,3-5万,8-10年
现代 瑞纳三厢 2014款 1.4 自动 GLX领先型,1.01,1.19,1.04,1.34,False,中,10.92,True,1-3万,>10年
雪佛兰 创酷 2014款 1.4T 手自一体 SE 两驱豪华型,1.15,1.17,1.02,1.32,True,中,10.5,True,1-3万,>10年
丰田 汉兰达 2018款 2.0T 自动 豪华版7座四驱,11.41,11.85,10.95,12.71,True,中,7.0,True,10-20万,5-8年
大众 途观L 2017款 1.8T 自动 330TSI豪华版前驱,5.99,5.24,4.76,5.69,False,中,8.08,True,5-10万,8-10年
日产 天籁 2012款 2.5 无级 XL 智享版,2.0,2.45,2.2,2.68,False,中,12.17,True,1-3万,>10年
福特 翼虎 2013款 2.0T 自动 GTDi精英型四驱,2.3,1.81,1.59,2.03,False,中,11.58,True,1-3万,>10年
大众 途观 2012款 1.8T 自动 菁英版前驱,1.89,2.11,1.9,2.31,False,中,11.92,True,1-3万,>10年
别克 凯越 2013款 1.5 手自一体 尊享版,0.75,0.72,0.43,0.83,True,差,11.0,True,<1万,>10年
日产 天籁 2021款 2.0 自动 XL 舒适版,5.57,7.25,6.63,7.84,False,中,3.83,True,5-10万,3-5年
丰田 卡罗拉 2021款 1.2T 自动 S-CVT精英PLUS版,5.09,5.19,4.72,5.64,True,中,3.33,True,5-10万,3-5年
雪佛兰 科鲁兹三厢 2015款 1.5 自动 经典版SE,0.95,0.82,0.7,1.1,True,优,9.75,True,<1万,8-10年
别克 昂科拉 2016款 1.4T 手自一体 18T 两驱都市精英型,2.5,2.17,1.95,2.38,False,中,9.17,True,1-3万,8-10年
标致 3008 2013款 1.6T 自动 潮流版,0.82,1.49,1.12,1.48,False,差,9.75,True,<1万,8-10年
日产 轩逸 2019款 1.6 自动 经典XL豪华版,3.8,3.67,3.32,4.01,True,中,4.83,True,3-5万,3-5年
奔驰 E级（进口） 2009款 3.0 自动 E300时尚型 (进口),2.88,2.99,2.7,3.27,True,中,14.42,True,1-3万,>10年
大众 宝来三厢 2012款 1.6 手动 时尚型,0.4,0.76,0.63,1.03,False,优,13.42,True,<1万,>10年
本田 皓影新能源 2022款 2.0 自动 e:PHEV 豪华版,10.5,12.94,11.98,13.87,False,中,2.58,True,10-20万,0-3年
五菱 宏光S 2014款 1.5 手动 舒适型7-8座,0.6,0.71,0.42,0.82,True,差,11.08,True,<1万,>10年
MINI MINI 2015款 1.2T 自动 ONE五门版 (进口),3.91,4.28,3.88,4.66,True,中,9.83,True,3-5万,8-10年
丰田 RAV4荣放 2009款 2.4L 自动 豪华版,2.93,2.1,1.89,2.31,False,中,14.25,True,1-3万,>10年
比亚迪 速锐 2014款 1.5 手动 豪华型,0.5,0.45,0.25,0.65,True,中,10.33,True,<1万,>10年
日产 奇骏 2014款 2.0L 自动 CVT舒适版 2WD,4.16,4.28,3.88,4.66,True,中,10.0,True,3-5万,8-10年
奥迪 Q5 2012款 2.0T 自动 TFSI技术型,3.01,3.02,2.73,3.31,True,中,13.25,True,3-5万,>10年
哈弗 H6 2018款 1.5T 双离合 豪华型蓝标,2.88,2.84,2.87,3.33,True,优,7.0,True,1-3万,5-8年
奥迪 A6L 2011款 2.0T 自动 TFSI标准型,1.4,3.3,3.47,3.8,False,优,13.08,True,1-3万,>10年
马自达 马自达6 2013款 2.0 自动 时尚型,1.43,1.26,1.11,1.41,False,中,10.92,True,1-3万,>10年
马自达 马自达6 2013款 2.0 自动 时尚型,1.7,1.36,1.2,1.52,False,中,10.75,True,1-3万,>10年
日产 骊威 2013款 1.6 无级 XE 舒适版,1.31,1.27,0.96,1.26,False,差,11.0,True,1-3万,>10年
本田 凌派 2013款 1.8 自动 豪华版,1.7,1.92,1.45,1.91,True,差,11.58,True,1-3万,>10年
宝马 1系 2020款 1.5T 自动 120i时尚型,6.3,6.12,5.58,6.64,True,中,4.42,True,5-10万,3-5年
奔驰 C级 2011款 1.8T 自动 C200时尚型CGI,1.62,2.22,2.0,2.44,False,中,13.92,True,1-3万,>10年
丰田 锐志 2007款 2.5S 手自一体 天窗版,1.0,1.36,1.03,1.35,False,差,16.67,True,<1万,>10年
丰田 卡罗拉 2012款 1.6 自动 GL 炫装版,1.74,1.81,1.59,2.03,True,中,12.5,True,1-3万,>10年
别克 昂科威 2016款 1.5T 双离合 20T 四驱豪华型,3.21,3.17,2.86,3.47,True,中,9.75,True,3-5万,8-10年
丰田 雷凌 2021款 1.2T 自动 185T运动版,5.1,4.87,4.42,5.3,True,中,4.0,True,5-10万,3-5年
福特 福睿斯 2019款 1.5 自动 质享型 改款 国VI,2.41,2.42,2.18,2.65,True,中,5.75,True,1-3万,5-8年
丰田 威驰 2014款 1.5 自动 智尚版,1.56,1.5,1.13,1.49,False,差,11.25,True,1-3万,>10年
日产 轩逸 2014款 1.6 自动 XV尊享版,2.42,2.25,2.02,2.46,True,中,10.58,True,1-3万,>10年
哈弗 哈弗H6 2012款 1.5T 手动 精英型前驱,0.4,0.55,0.27,0.67,True,差,12.08,True,<1万,>10年
别克 英朗三厢 2015款 1.5 自动 15N豪华型,1.86,1.52,1.34,1.7,False,中,9.67,True,1-3万,8-10年
大众 途观 2013款 1.8T 自动 风尚版前驱,2.37,2.18,1.96,2.39,True,中,11.75,True,1-3万,>10年
日产 轩逸 2012款 1.6 自动 XL豪华版,2.36,1.66,1.62,2.02,False,优,10.75,True,1-3万,>10年
雪佛兰 科鲁兹 2018款 1.5 手自一体 320 LS 先锋版(天窗),1.62,1.95,1.48,1.94,True,差,7.75,True,1-3万,5-8年
丰田 皇冠 2012款 2.5 手自一体 Royal 真皮版,6.02,7.65,6.17,7.26,False,差,10.75,True,5-10万,>10年
奔腾 B50 2016款 1.6 手自一体 舒适型,0.8,0.83,0.53,0.93,True,差,8.17,True,<1万,8-10年
大众 途观 2013款 1.8TSI 手自一体 四驱豪华版,3.11,3.06,2.76,3.34,True,中,11.17,True,3-5万,>10年
日产 天籁 2011款 2.5 自动 XL领先版,1.69,2.04,1.83,2.23,False,中,12.75,True,1-3万,>10年
大众 迈腾 2012款 1.8TSI 双离合 改款领先版,2.39,2.21,1.98,2.42,True,中,12.5,True,1-3万,>10年
本田 艾力绅 2016款 2.4 自动 至尊版,13.17,11.07,10.22,11.89,False,中,6.0,True,10-20万,5-8年
本田 奥德赛 2006款 2.4 手自一体 舒适型,0.75,1.02,0.87,1.17,False,中,18.5,True,<1万,>10年
吉利汽车 远景X3 2017款 1.5 自动 尊贵型,2.54,1.99,1.94,2.42,False,优,5.92,True,1-3万,5-8年
广汽传祺 传祺GS4 2015款 1.3T 自动 200T精英版,1.65,1.53,1.35,1.71,True,中,9.58,True,1-3万,8-10年
福特 蒙迪欧 2013款 1.5T 自动 GTDi180时尚型,2.13,2.68,2.42,2.94,False,中,9.58,True,1-3万,8-10年
本田 XR-V 2017款 1.8 无级 EXi 舒适版,5.49,5.03,4.57,5.47,False,中,6.42,True,5-10万,5-8年
荣威 RX5 2016款 1.5T 自动 20T互联网智享版前驱,2.25,1.94,1.71,2.17,False,中,8.0,True,1-3万,5-8年
起亚 K2三厢 2015款 1.4 自动 GLS,2.22,1.6,1.41,1.79,False,中,8.25,True,1-3万,8-10年
别克 凯越 2013款 1.5 手动 经典版,0.4,0.66,0.46,0.86,False,中,11.33,True,<1万,>10年
本田 思域 2012款 1.8 自动 舒适版Exi,1.77,1.79,1.58,2.0,True,中,13.33,True,1-3万,>10年
现代 ix35 2015款 2.0 自动 舒适型前驱 国IV,1.22,2.3,1.78,2.2,False,差,9.5,True,1-3万,8-10年
大众 速腾 2014款 1.6 手动 舒适型,1.63,1.95,1.72,2.18,False,中,11.42,True,1-3万,>10年
大众 POLO 2011款 1.6 手动 致尚版,0.31,1.0,0.8,1.2,False,中,13.67,True,<1万,>10年
大众 迈腾 2015款 2.0T 自动 尊贵型,3.82,3.93,4.12,4.5,False,优,11.08,True,3-5万,>10年
荣威 RX5新能源 2021款 1.5T 自动 ePLUS 国潮荣麟豪华版,5.02,4.38,3.97,4.77,False,中,3.25,True,5-10万,3-5年
比亚迪 F3 2012款 1.5 手动 标准型节能版,0.19,0.27,0.1,0.5,True,优,12.75,True,<1万,>10年
丰田 花冠EX 2013款 1.6 手动 超值版,1.35,1.34,1.18,1.5,True,中,13.25,True,1-3万,>10年
东风风行 景逸X5 2013款 1.6 手动 尊享型 国IV,0.26,0.42,0.22,0.62,True,中,11.08,True,<1万,>10年
日产 骐达 2016款 1.6 自动 酷动版,3.5,3.5,3.16,3.82,True,中,7.67,True,3-5万,5-8年
丰田 花冠 2011款 1.6 自动 豪华型,2.06,1.48,1.3,1.66,False,中,12.92,True,1-3万,>10年
现代 瑞纳三厢 2010款 1.4 自动 GT时尚型,0.51,0.69,0.55,0.95,False,优,12.92,True,<1万,>10年
别克 君威 2015款 1.6T 自动 领先技术型,2.65,2.27,2.3,2.66,True,优,9.5,True,1-3万,8-10年
比亚迪 速锐 2012款 1.5 手动 舒适型,0.3,0.3,0.06,0.46,True,差,11.75,True,<1万,>10年
奥迪 A4L 2016款 2.0T 自动 35TFSI舒适型,4.58,5.04,3.99,4.76,True,差,9.33,True,3-5万,8-10年
别克 GL8 2017款 2.0T 自动 ES 28T豪华型,10.91,9.07,8.33,9.77,False,中,6.33,True,10-20万,5-8年
福特 福克斯三厢 2015款 1.0T 手动 EcoBoost125超能风尚型,0.6,1.32,1.16,1.48,False,中,9.75,True,<1万,8-10年
大众 迈腾 2019款 2.0T 自动 330TSI 豪华型 国VI,7.27,7.47,6.83,8.07,True,中,6.33,True,5-10万,5-8年
福特 福克斯两厢 2012款 1.6 自动 风尚型,0.93,1.05,0.9,1.2,True,中,11.25,True,<1万,>10年
大众 朗逸三厢 2013款 1.6 自动 经典舒适版 改款,2.12,1.56,1.37,1.75,False,中,11.75,True,1-3万,>10年
长安 CS75 PLUS 2021款 1.5T 自动 豪华型,4.6,4.57,4.14,4.97,True,中,4.75,True,3-5万,3-5年
雪铁龙 C5 2014款 1.6THP 手自一体 尊享型,1.5,1.75,1.54,1.96,False,中,9.25,True,1-3万,8-10年
大众 帕萨特 2017款 1.8T 自动 330TSI尊荣版,4.0,5.38,4.89,5.84,False,中,7.58,True,3-5万,5-8年
奔驰 E级 2010款 3.0 自动 E300L时尚型,2.05,2.72,2.45,2.98,False,中,14.5,True,1-3万,>10年
比亚迪 F3 2018款 1.5 手动 时尚型,0.81,0.74,0.44,0.84,True,差,5.92,True,<1万,5-8年
丰田 卡罗拉 2017款 1.2T 自动 GL 改款,3.7,3.42,3.59,3.93,True,优,8.17,True,3-5万,8-10年
日产 轩逸 2012款 1.6 手动 XE舒适版经典款,1.15,1.19,1.04,1.34,True,中,10.42,True,1-3万,>10年
大众 速腾 2015款 1.4T 自动 230TSI舒适型,4.04,3.3,2.98,3.6,False,中,9.17,True,3-5万,8-10年
五菱 宏光S 2016款 1.5 手动 舒适型7-8座,1.4,1.26,1.11,1.41,True,中,7.67,True,1-3万,5-8年
日产 天籁 2016款 2.0 自动 XL舒适版 改款,4.98,4.54,4.76,5.19,True,优,7.33,True,3-5万,5-8年
比亚迪 唐新能源 2015款 2.0T 自动 四驱旗舰型 混动,1.88,2.89,2.6,3.16,False,中,9.58,True,1-3万,8-10年
本田 雅阁 2018款 1.5T 自动 260TURBO精英版,7.0,7.95,6.42,7.55,True,差,5.58,True,5-10万,5-8年
大众 Cross POLO 2016款 1.6 自动,3.0,2.54,2.29,2.78,False,中,8.92,True,1-3万,8-10年
大众 速腾 2006款 2.0 手动 时尚版,0.25,0.38,0.13,0.53,True,差,17.92,True,<1万,>10年
广汽传祺 传祺GS4 2015款 1.3T 自动 200T精英版,1.74,1.47,1.29,1.65,False,中,9.5,True,1-3万,8-10年
现代 索纳塔 2013款 2.0 自动 DLX尊贵版,1.1,1.26,0.95,1.25,True,差,12.0,True,1-3万,>10年
哈弗 哈弗H6 2015款 1.5T 手动 升级版精英型前驱,0.52,1.07,0.92,1.22,False,中,9.92,True,<1万,8-10年
宝马 118i 2019款 1.5T 手自一体 时尚型,4.8,4.82,4.38,5.25,True,中,6.58,True,3-5万,5-8年
丰田 汉兰达 2012款 2.7 手自一体 两驱7座豪华版,4.5,4.72,4.28,5.13,True,中,12.5,True,3-5万,>10年
福特 福克斯-两厢 2015款 1.6 双离合 舒适型,2.24,1.42,1.25,1.59,False,中,9.42,True,1-3万,8-10年
大众 宝来传奇 2019款 1.5 手动 时尚型,3.1,3.4,3.07,3.71,True,中,5.0,True,3-5万,3-5年
大众 凌渡 2018款 1.4T 自动 280TSI舒适版,4.76,4.31,3.9,4.69,False,中,7.25,True,3-5万,5-8年
日产 逍客 2016款 2.0 自动 精英版,3.5,3.95,3.57,4.31,False,中,8.83,True,3-5万,8-10年
大众 桑塔纳 2013款 1.4 手动 风尚版,0.8,0.9,0.7,1.1,True,中,11.75,True,<1万,>10年
吉利汽车 缤瑞 2019款 1.0T 自动 200T缤致版,1.7,2.17,1.68,2.08,True,差,5.75,True,1-3万,5-8年
江汽集团 瑞风S3 2017款 1.6 手动 豪华智能型,0.51,0.82,0.7,1.1,False,优,9.08,True,<1万,8-10年
本田 CR-V 2021款 1.5T 自动 240TURBO都市版前驱,8.99,9.27,8.52,9.99,True,中,4.92,True,5-10万,3-5年
大众 朗逸三厢 2013款 1.6 自动 经典风尚版 改款,1.3,1.37,1.21,1.53,True,中,11.67,True,1-3万,>10年
别克 君威 2015款 1.6T 自动 领先技术型,2.09,2.16,1.94,2.37,True,中,9.58,True,1-3万,8-10年
大众 CC 2010款 2.0T 自动 豪华型,2.09,2.21,1.99,2.42,True,中,13.58,True,1-3万,>10年
起亚 KX3(傲跑) 2020款 1.5 无级 潮流版,5.07,5.0,4.54,5.44,True,中,4.17,True,5-10万,3-5年
奥迪 A6L 2017款 3.0T 自动 45TFSI运动型四驱,12.14,10.45,10.92,11.77,False,优,7.75,True,10-20万,5-8年
领克 领克01 2017款 2.0T 自动 劲Pro版四驱,4.34,4.28,3.87,4.66,True,中,7.08,True,3-5万,5-8年
大众 高尔夫 2012款 1.4T 自动 舒适型,2.2,2.19,1.97,2.41,True,中,11.58,True,1-3万,>10年
日产 逍客 2011款 2.0 手动 XL 火 两驱,0.75,1.1,0.95,1.25,False,中,14.17,True,<1万,>10年
荣威 550 2010款 1.8 手动 启悦版,0.4,0.41,0.25,0.65,True,优,12.25,True,<1万,>10年
雪佛兰 科鲁兹 2013款 1.6 手动 SE,0.22,0.4,0.15,0.55,True,差,12.42,True,<1万,>10年
大众 POLO两厢 2014款 1.4 自动 舒适版,1.9,1.98,1.74,2.22,True,中,10.42,True,1-3万,>10年
陆风 X7 2015款 2.0T 自动 全景旗舰版,1.02,1.04,0.89,1.19,True,中,8.42,True,1-3万,8-10年
奥迪 A6L 2012款 2.5 自动 30FSI技术型,5.03,5.29,4.2,5.0,False,差,12.25,True,5-10万,>10年
现代 ix35 2012款 2.0 自动 GLS精英版前驱,1.51,1.34,1.18,1.5,False,中,12.42,True,1-3万,>10年
大众 朗逸三厢 2015款 1.6 自动 舒适版,2.57,2.58,2.61,3.03,False,优,9.0,True,1-3万,8-10年
本田 CR-V 2010款 2.0 自动 LXi 都市版,1.43,1.64,1.24,1.64,True,差,14.67,True,1-3万,>10年
奥迪 A4L 2013款 2.0T 自动 35TFSI标准型,3.51,3.44,3.1,3.75,True,中,12.5,True,3-5万,>10年
标致 3008 2013款 2.0 手动 经典版,0.98,1.08,0.93,1.23,True,中,11.25,True,<1万,>10年
日产 逍客 2015款 2.0 自动 XV酷炫,2.42,2.48,2.24,2.72,True,中,10.08,True,1-3万,>10年
长安 CS75 PLUS 2020款 1.5T 自动 豪华型,3.58,4.19,3.3,3.95,True,差,5.0,True,3-5万,3-5年
丰田 卡罗拉 2014款 1.6 自动 GL,3.4,3.34,3.02,3.65,True,中,8.92,True,3-5万,8-10年
方程豹 豹5 2023款 云辇旗舰版,19.11,17.12,15.93,18.29,False,中,1.17,True,10-20万,0-3年
本田 CR-V 2010款 2.4 自动 VTi尊贵型四驱,1.92,1.75,1.54,1.96,True,中,15.67,True,1-3万,>10年
东风风行 景逸 2012款 1.5 手动 XL舒适型,0.26,0.34,0.18,0.58,True,优,11.92,True,<1万,>10年
别克 凯越 2011款 1.6 自动 LX,0.31,0.41,0.21,0.61,True,中,13.08,True,<1万,>10年
本田 第七代雅阁 2007款 2.0 自动 舒适精典版,0.5,0.82,0.51,0.91,False,差,17.0,True,<1万,>10年
雪佛兰 赛欧-三厢 2013款 1.2 手动 时尚版,0.38,0.33,0.09,0.49,True,差,10.17,True,<1万,>10年
本田 凌派 2015款 1.8 自动 豪华版,2.86,2.72,2.45,2.97,True,中,10.0,True,1-3万,8-10年
别克 昂科拉 2015款 1.4T 手动 都市进取型前驱,1.66,1.53,1.35,1.71,True,中,9.33,True,1-3万,8-10年
本田 CR-V 2012款 2.0 自动 EXi 经典版,2.79,3.14,2.84,3.43,False,中,12.25,True,1-3万,>10年
日产 轩逸 2016款 1.8 自动 XV智尊版,2.8,2.65,2.39,2.9,True,中,9.08,True,1-3万,8-10年
丰田 威兰达 2020款 2.0 自动 豪华版前驱,9.26,9.46,9.89,10.67,False,优,4.92,True,5-10万,3-5年
长安商用 欧诺 2014款 1.5 手动 基本型7-8座,0.46,0.49,0.22,0.62,True,差,9.0,True,<1万,8-10年
哈弗 哈弗H2 2015款 1.5T 自动 尊贵型前驱,0.66,1.26,1.11,1.41,False,中,10.17,True,<1万,>10年
本田 锋范 2008款 1.5 自动 精英型,0.92,0.63,0.35,0.75,False,差,16.25,True,<1万,>10年
比亚迪 秦Pro 2020款 1.5T 自动 超越版尊贵型,2.72,2.6,2.34,2.85,True,中,4.58,True,1-3万,3-5年
奔腾 X40 2017款 1.6 手动 豪华型,1.73,1.47,1.29,1.65,False,中,7.67,True,1-3万,5-8年
斯柯达 晶锐 2012款 1.4 手动 晶灵版,0.4,0.92,0.72,1.12,False,中,11.83,True,<1万,>10年
比亚迪 海鸥 2025款 智驾版 405km 飞翔版,5.6,4.16,4.37,4.77,False,优,0.5,True,5-10万,0-3年
起亚 K3 2013款 1.6 手动 GLS,0.99,1.18,1.03,1.33,False,中,12.83,True,<1万,>10年
岚图汽车 岚图追光 2023款 四驱旗舰版,12.03,13.08,12.11,14.01,False,中,1.17,True,10-20万,0-3年
吉利 帝豪S 2021款 1.4T 无级 豪华型,3.11,2.87,2.24,2.76,False,差,3.33,True,3-5万,3-5年
丰田 卡罗拉 2017款 1.2T 无级 GL(改款),3.0,3.56,3.22,3.89,False,中,7.5,True,1-3万,5-8年
Jeep 指南者 2017款 1.4T 自动 200T家享版前驱,2.97,2.8,2.84,3.28,True,优,8.0,True,1-3万,5-8年
大众 POLO两厢 2018款 1.5 自动 安享型,3.71,3.25,3.41,3.73,True,优,6.92,True,3-5万,5-8年
福特 福克斯三厢 2012款 1.6 自动 风尚型,0.82,0.92,0.72,1.12,True,中,12.08,True,<1万,>10年
大众 速腾 2019款 1.4TSI 双离合 280TSI 舒适型,4.74,5.26,4.78,5.72,False,中,6.25,True,3-5万,5-8年
大众 帕萨特 2013款 1.8T 自动 御尊版,2.04,1.96,1.72,2.2,True,中,12.33,True,1-3万,>10年
丰田 RAV4荣放 2013款 2.0L 自动 CVT两驱都市版,4.32,4.01,4.21,4.59,True,优,10.67,True,3-5万,>10年
别克 凯越 2013款 1.5 手动 尊享版,0.32,0.46,0.26,0.66,True,中,12.0,True,<1万,>10年
本田 凌派 2017款 1.8 自动 豪华特装版,2.94,3.47,2.71,3.26,True,差,7.17,True,1-3万,5-8年
大众 迈腾 2019款 1.4T 自动 280TSI舒适型 国VI,4.68,6.54,5.23,6.19,False,差,5.92,True,3-5万,5-8年
日产 阳光 2011款 1.5 自动 XL豪华版,1.01,0.8,0.5,0.9,False,差,12.83,True,1-3万,>10年
方程豹 豹5 2023款 云辇旗舰版,19.6,16.59,17.3,18.53,False,优,1.08,True,10-20万,0-3年
大众 迈腾 2015款 2.0TSI 双离合 尊贵型,3.76,3.92,3.55,4.28,True,中,10.42,True,3-5万,>10年
现代 瑞纳三厢 2014款 1.4 手动 GLS智能型,0.91,0.93,0.61,1.01,True,差,10.17,True,<1万,>10年
别克 凯越 2008款 1.6 自动 导航版,0.4,0.31,0.07,0.47,True,差,16.0,True,<1万,>10年
比亚迪 元PLUS 2022款 510KM 旗舰型PLUS,7.3,6.37,5.81,6.91,False,中,3.17,True,5-10万,3-5年
别克 君越 2016款 1.5T 自动 20T豪华型,3.79,4.05,3.66,4.41,True,中,8.92,True,3-5万,8-10年
本田 CR-V 2010款 2.4 自动 VTi豪华型四驱,1.67,2.03,1.82,2.22,False,中,14.42,True,1-3万,>10年
别克 君威 2015款 1.6T 自动 精英技术型,1.93,2.03,1.83,2.23,True,中,9.67,True,1-3万,8-10年
标致 408 2014款 1.8 自动 豪华版,1.87,1.43,1.26,1.6,False,中,9.92,True,1-3万,8-10年
本田 思铂睿 2015款 2.0 自动 尊贵型,3.97,4.52,4.1,4.92,False,中,9.0,True,3-5万,8-10年
本田 CR-V 2012款 2.0 自动 LXi 都市版,2.57,3.13,2.82,3.42,False,中,12.5,True,1-3万,>10年
本田 雅阁 2018款 1.5T 自动 260TURBO精英版,8.77,8.36,7.67,9.02,True,中,5.92,True,5-10万,5-8年
凯迪拉克 XTS 2016款 2.0T 手自一体 28T 技术型,2.82,4.62,3.65,4.36,False,差,9.08,True,1-3万,8-10年
吉利汽车 缤越 2019款 1.5T 自动 260T骑士 国VI,2.79,3.08,2.78,3.36,True,中,5.58,True,1-3万,5-8年
哈弗 哈弗H6 Coupe 2016款 蓝标 1.5T 手动 两驱精英型,1.51,1.38,1.21,1.55,True,中,8.5,True,1-3万,8-10年
荣威 360 2015款 1.5 手自一体 豪华版,0.8,0.76,0.56,0.96,True,中,9.5,True,<1万,8-10年
本田 思域 2009款 1.8 自动 EXi 舒适版,1.42,1.31,1.15,1.47,True,中,14.0,True,1-3万,>10年
福特 锐界 2016款 2.0T 自动 EcoBoost245豪锐型7座前驱,5.1,5.68,5.17,6.16,False,中,7.83,True,5-10万,5-8年
大众 桑塔纳 2018款 1.5 自动 风尚版,1.97,2.15,1.67,2.06,True,差,6.75,True,1-3万,5-8年
宝马 5系 2013款 2.0T 自动 520Li典雅型,3.79,4.38,3.97,4.77,False,中,12.17,True,3-5万,>10年
大众 速腾 2017款 1.6 自动 舒适型,3.9,3.24,2.53,3.05,False,差,8.5,True,3-5万,8-10年
雪铁龙 C3-XR 2015款 1.6 手自一体 智能型,1.66,1.46,1.1,1.46,False,差,8.67,True,1-3万,8-10年
大众 捷达 2013款 1.6 手动 舒适型,1.4,1.28,1.13,1.43,True,中,10.58,True,1-3万,>10年
奔驰 E级 2018款 2.0T 自动 E300L豪华型 改款,19.65,17.03,15.84,18.19,False,中,6.92,True,10-20万,5-8年
雪佛兰 科鲁兹 2013款 1.8 手自一体 SE,0.45,0.62,0.42,0.82,True,中,11.83,True,<1万,>10年
哈弗 哈弗H2 2014款 1.5T 手动 尊贵型前驱,0.87,1.01,0.86,1.16,True,中,10.0,True,<1万,8-10年
本田 CR-V 2017款 1.5T 无级 240TURBO 两驱都市版,6.62,7.04,6.43,7.62,True,中,7.5,True,5-10万,5-8年
本田 思域 2019款 1.5T 自动 220TURBO燃动版 国VI,5.92,6.05,5.51,6.56,True,中,5.0,True,5-10万,3-5年
比亚迪 秦新能源 2017款 1.5T 自动 尊贵型,1.37,1.96,1.73,2.19,False,中,7.0,True,1-3万,5-8年
奥迪 Q2L 2022款 1.4T 自动 35 TFSI 进取动感型,9.21,7.89,7.23,8.52,False,中,3.33,True,5-10万,3-5年
大众 POLO两厢 2014款 1.6 自动 舒适版,1.6,2.05,1.84,2.25,False,中,10.67,True,1-3万,>10年
长城 M4 2012款 1.5 手动 舒适型,0.39,0.47,0.31,0.71,True,优,11.58,True,<1万,>10年
丰田 锐志 2006款 2.5S 手自一体 特别版,0.6,0.84,0.64,1.04,False,中,19.0,True,<1万,>10年
大众 高尔夫 2011款 1.6 自动 舒适型,1.3,1.41,1.24,1.58,True,中,14.33,True,1-3万,>10年
奔驰 A级（进口） 2011款 1.5 自动 A160 (进口),2.2,2.63,2.37,2.87,False,中,12.75,True,1-3万,>10年
大众 迈腾 2012款 2.0T 自动 至尊型,2.68,2.25,2.28,2.64,False,优,14.17,True,1-3万,>10年
现代 ix35 2012款 2.0 自动 GLS精英版前驱,0.91,1.19,1.04,1.34,False,中,12.83,True,<1万,>10年
欧尚 X7 2020款 1.5T 双离合 旗舰型,3.75,3.49,3.15,3.81,True,中,4.92,True,3-5万,3-5年
大众 宝来三厢 2019款 1.5 自动 舒适型,3.55,3.49,2.73,3.29,False,差,6.75,True,3-5万,5-8年
大众 速腾 2012款 1.4T 自动 时尚型,2.48,1.91,1.68,2.14,False,中,12.5,True,1-3万,>10年
本田 第七代雅阁 2007款 2.4 自动 经典版 舒适版,0.43,0.81,0.5,0.9,False,差,17.67,True,<1万,>10年
别克 昂科威Plus 2018款 1.5T 自动 20T精英型前驱,4.0,5.01,4.55,5.45,False,中,6.67,True,3-5万,5-8年
斯柯达 晶锐 2015款 1.4 自动 创行版,2.08,1.76,1.71,2.13,True,优,9.92,True,1-3万,8-10年
福特 福克斯-两厢 2015款 1.0GTDi 手动 EcoBoost 125 ,1.34,1.51,1.47,1.83,False,优,9.5,True,1-3万,8-10年
三菱 欧蓝德 2016款 2.4 自动 精英版5座四驱,4.47,4.39,3.98,4.78,True,中,8.58,True,3-5万,8-10年
本田 CR-V 2010款 2.0 自动 EXi 经典版,2.17,1.75,1.54,1.96,False,中,14.75,True,1-3万,>10年
大众 朗逸 2021款 1.5 手自一体 视野版,4.74,4.65,4.22,5.06,True,中,4.0,True,3-5万,3-5年
奥迪 Q5 2017款 2.0T 自动 40TFSI技术型Plus,9.16,8.11,8.48,9.18,True,优,7.75,True,5-10万,5-8年
风行 景逸X3 2015款 1.5 手动 舒适型,0.3,0.41,0.21,0.61,True,中,9.92,True,<1万,8-10年
路虎 揽胜极光（进口） 2012款 2.0T 自动 耀动版五门 (进口),3.24,3.74,3.39,4.09,False,中,13.33,True,3-5万,>10年
丰田 威兰达 2021款 2.0 自动 豪华版四驱,9.53,10.12,9.32,10.88,True,中,3.58,True,5-10万,3-5年
宝马 X3(进口） 2011款 3.0 自动 28i豪华型 (进口),4.78,3.67,3.85,4.21,False,优,12.83,True,3-5万,>10年
奥迪 Q5 2015款 2.0T 自动 40TFSI技术型,7.81,6.48,6.78,7.36,False,优,9.75,True,5-10万,8-10年
大众 Cross POLO 2012款 1.6 自动,1.6,1.87,1.42,1.86,True,差,11.0,True,1-3万,>10年
本田 艾力绅 2012款 2.4 自动 舒适版,6.72,5.97,5.44,6.48,False,中,10.42,True,5-10万,>10年
奥迪 A4L 2015款 2.0TFSI 无级 35TFSI 标准型,3.8,4.35,3.94,4.74,False,中,10.58,True,3-5万,>10年
WEY VV5 2017款 2.0T 自动 旗舰型,3.5,3.07,2.77,3.35,False,中,7.33,True,3-5万,5-8年
丰田 亚洲龙 2019款 2.5 自动 豪华版双擎 混动 国VI,12.08,9.73,8.96,10.48,False,中,4.5,True,10-20万,3-5年
海马 福美来三代 2014款 1.6 手动 时尚版,0.24,0.37,0.17,0.57,True,中,11.42,True,<1万,>10年
比亚迪 L3 2012款 1.5 手动 舒适型,0.33,0.37,0.17,0.57,True,中,11.75,True,<1万,>10年
大众 帕萨特 2014款 2.0T 自动 御尊导航版,2.44,2.96,2.67,3.24,False,中,10.83,True,1-3万,>10年
起亚 K4 2014款 1.8 自动 GL,2.24,2.11,1.89,2.31,True,中,10.58,True,1-3万,>10年
WEY VV7s 2017款 2.0T 双离合 旗舰型,3.35,3.32,3.0,3.63,True,中,7.67,True,3-5万,5-8年
别克 凯越 2013款 1.5 自动 经典型,0.65,0.62,0.42,0.82,True,中,11.83,True,<1万,>10年
大众 高尔夫 2015款 1.4T 自动 舒适型,3.48,3.79,3.98,4.35,False,优,9.42,True,3-5万,8-10年
日产 天籁 2004款 2.3 自动 230JK,0.35,0.64,0.36,0.76,False,差,19.5,True,<1万,>10年
斯柯达 昕动 2016款 1.6 手动 创行版 改款,1.38,1.86,1.41,1.85,False,差,8.92,True,1-3万,8-10年
日产 骊威 2015款 1.6 自动 XE舒适互联版,2.94,2.3,2.07,2.52,False,中,6.25,True,1-3万,5-8年
比亚迪 汉 2025款 1.5T 自动 DM-i 125KM尊贵型,11.21,11.51,12.02,12.94,False,优,0.58,True,10-20万,0-3年
坦克 坦克300 2021款 越野版 2.0T自动 征服者,14.6,13.27,13.85,14.87,True,优,3.42,True,10-20万,3-5年
哈弗 哈弗H6 2013款 1.5T 手动 运动版尊贵型前驱,0.6,0.64,0.35,0.75,True,差,11.5,True,<1万,>10年
丰田 RAV4荣放 2013款 特享版 2.0L 自动 经典,2.78,3.39,3.06,3.7,False,中,12.33,True,1-3万,>10年
哈弗 哈弗H6 2017款 1.5T 自动 蓝标运动版豪华型前驱,1.56,1.73,1.3,1.72,True,差,8.92,True,1-3万,8-10年
大众 速腾 2011款 1.4T 自动 技术型,0.89,0.77,0.47,0.87,False,差,14.67,True,<1万,>10年
丰田 卡罗拉 2016款 1.6 无级 GL-i 炫酷版,2.41,2.79,2.52,3.05,False,中,10.42,True,1-3万,>10年
起亚 K3 2016款 1.6 自动 GLS,2.53,2.04,1.57,1.95,False,差,8.75,True,1-3万,8-10年
本田 锋范 2015款 1.5 手动 进取版,2.21,2.2,1.97,2.41,True,中,8.17,True,1-3万,8-10年
大众 朗逸三厢 2017款 1.4T 自动 230TSI舒适版,3.86,3.34,3.02,3.65,False,中,7.33,True,3-5万,5-8年
腾势 腾势D9 2022款 1.5T 自动 DM-i 970 四驱旗舰型,23.5,19.91,20.76,22.22,False,优,2.0,True,>20万,0-3年
大众 速腾 2012款 1.6 自动 舒适型,1.42,1.44,1.41,1.75,True,优,13.0,True,1-3万,>10年
比亚迪 宋L DM-i 2024款 1.5L 自动 112km 超越型,8.43,7.88,8.24,8.93,True,优,0.75,True,5-10万,0-3年
本田 缤智 2020款 1.5 自动 先锋版,6.15,5.79,6.06,6.59,True,优,4.5,True,5-10万,3-5年
长安 CS35 2015款 1.6 自动 豪华型 国V,1.38,0.96,0.76,1.16,False,中,10.08,True,1-3万,>10年
别克 威朗三厢 2018款 1.5 自动 15S进取型,2.28,2.79,2.51,3.05,False,中,7.75,True,1-3万,5-8年
丰田 花冠 2004款 1.8 自动 GLX-I,0.37,0.59,0.44,0.84,False,优,19.33,True,<1万,>10年
丰田 卡罗拉 2019款 1.2T 自动 S-CVT GL-i精英版,5.0,4.75,4.98,5.43,True,优,5.33,True,3-5万,5-8年
比亚迪 元PLUS 2022款510KM 旗舰型,6.15,6.85,6.26,7.42,False,中,1.83,True,5-10万,0-3年
奥迪 A4L 2015款 2.0TFSI 无级 35TFSI 标准型,4.22,4.9,4.45,5.33,False,中,9.92,True,3-5万,8-10年
风行 景逸X3 2015款 1.5 手动 舒适型,0.26,0.39,0.19,0.59,True,中,10.08,True,<1万,>10年
吉利 帝豪-三厢 2017款 1.5 手动 百万款时尚型,0.98,0.98,0.66,1.06,True,差,7.58,True,<1万,5-8年
宝骏 560 2017款 1.5T 手动 律动版尊享型,1.5,1.24,1.09,1.39,False,中,7.83,True,1-3万,5-8年
奥迪 A6L 2012款 2.0T 自动 TFSI舒适型,5.65,5.32,4.84,5.78,True,中,12.33,True,5-10万,>10年
广汽传祺 传祺GS4 2022款 1.5T 自动 270T 智行领航版（升级版）,6.06,5.24,4.77,5.7,False,中,2.0,True,5-10万,0-3年
猎豹汽车 CS10 2017款 1.5T 自动 精英型,0.8,0.79,0.49,0.89,True,差,8.17,True,<1万,8-10年
本田 缤智 2015款 1.8 自动 豪华版前驱,2.94,3.35,2.62,3.15,True,差,10.0,True,1-3万,8-10年
雪佛兰 科鲁泽 2020款 1.3T 自动 轻混 RS 330T畅快版,3.66,2.97,2.68,3.25,False,中,4.17,True,3-5万,3-5年
斯柯达 昕锐 2013款 1.6 手动 乐选型,1.15,1.02,0.87,1.17,True,中,10.92,True,1-3万,>10年
雪佛兰 赛欧三厢 2010款 1.4 手动 理想版,0.15,0.29,0.12,0.52,True,优,13.17,True,<1万,>10年
比亚迪 F3 2014款 1.5 自动 豪华型,0.21,0.37,0.2,0.6,True,优,11.0,True,<1万,>10年
比亚迪 元PLUS 2022款 510KM 旗舰型PLUS,8.05,7.02,7.35,7.97,False,优,2.08,True,5-10万,0-3年
别克 凯越 2011款 1.6 手动 LX,0.22,0.36,0.19,0.59,True,优,12.92,True,<1万,>10年
五菱 宏光V 2022款 1.5 手动 劲享版,2.97,3.02,3.18,3.48,False,优,1.83,True,1-3万,0-3年
大众 高尔夫 2016款 1.4T 自动 230TSI 舒适型,2.98,3.75,3.39,4.09,False,中,8.75,True,1-3万,8-10年
比亚迪 秦PLUS 2021款 EV 600KM 旗舰型,6.53,4.08,4.28,4.68,False,优,3.58,True,5-10万,3-5年
沃尔沃 S60 2023款 自动 B4 智逸豪华版,11.91,10.44,10.91,11.76,False,优,2.67,True,10-20万,0-3年
福特 福克斯三厢 2013款 1.8 手动 经典时尚型,0.35,0.57,0.37,0.77,False,中,11.83,True,<1万,>10年
比亚迪 秦新能源 2015款 1.5T 自动 双冠旗舰版,0.91,1.04,0.89,1.19,True,中,10.0,True,<1万,8-10年
日产 奇骏 2014款 2.0 自动 XL智领版前驱,3.96,3.86,3.49,4.21,True,中,10.42,True,3-5万,>10年
吉利汽车 帝豪三厢 2014款 1.5 手动 精英型,0.66,0.51,0.36,0.76,True,优,9.5,True,<1万,8-10年
丰田 威驰 2005款 1.5 自动 GL-i,0.33,0.49,0.23,0.63,True,差,18.92,True,<1万,>10年
日产 颐达 2008款 1.6 自动 JE智能型,0.5,0.56,0.28,0.68,True,差,16.17,True,<1万,>10年
奥迪 A6L 2010款 2.0T 自动 TFSI标准型,1.79,1.56,1.37,1.75,False,中,15.58,True,1-3万,>10年
丰田 花冠 2011款 1.6 手动 经典型,0.84,1.27,1.12,1.42,False,中,13.42,True,<1万,>10年
日产 天籁 2007款 2.3 自动 230JK 豪华天窗版,0.36,0.59,0.31,0.71,True,差,17.58,True,<1万,>10年
比亚迪 F3 2013款 1.5 手动 舒适型,0.21,0.53,0.26,0.66,False,差,8.0,True,<1万,5-8年
比亚迪 宋Pro新能源 2025款 第二代 1.5L 自动 DM-i 115KM,7.5,8.36,8.74,9.45,False,优,0.58,True,5-10万,0-3年
奔驰 C级 2015款 2.0T 自动 C200L 改款,5.82,6.99,6.39,7.56,False,中,10.33,True,5-10万,>10年
广汽传祺 传祺GS3 2017款 1.5 自动 150N精英版,3.02,2.53,2.28,2.77,False,中,5.83,True,3-5万,5-8年
现代 ix35 2012款 2.0 手自一体 GLS 两驱精英型,1.35,1.3,1.14,1.46,True,中,12.5,True,1-3万,>10年
日产 骐达 2008款 1.6 自动 智能型,1.0,0.71,0.42,0.82,False,差,15.33,True,<1万,>10年
日产 轩逸 2022款 1.6L 自动 XL悦享版,6.5,4.32,3.91,4.7,False,中,3.25,True,5-10万,3-5年
比亚迪 S7 2015款 2.0T 自动 旗舰型,0.9,0.83,0.71,1.11,True,优,10.75,True,<1万,>10年
丰田 雷凌 2017款 1.8 自动 H GS精英天窗版双擎 改款 混动,4.53,4.17,3.77,4.54,True,中,5.92,True,3-5万,5-8年
沃尔沃 XC60 2015款 2.0T 自动 T5智远版四驱,5.2,5.3,4.82,5.76,True,中,8.83,True,5-10万,8-10年
比亚迪 宋MAX 2017款 1.5T 自动 智联豪华型7座,2.59,2.55,2.29,2.79,True,中,6.08,True,1-3万,5-8年
比亚迪 海豚 2024款 荣耀版 420km 时尚版,6.57,5.73,6.0,6.52,False,优,1.08,True,5-10万,0-3年
大众 桑塔纳 2013款 1.4 手动 舒适版,1.3,1.28,1.13,1.43,True,中,9.08,True,1-3万,8-10年
海马 S5 2016款 1.5T 自动 创享版,0.67,0.77,0.64,1.04,True,优,9.17,True,<1万,8-10年
标致 408 2015款 1.2T 自动 豪华版,1.14,1.44,1.41,1.75,False,优,9.75,True,1-3万,8-10年
大众 POLO两厢 2014款 1.6 自动 舒适版,2.8,2.42,2.18,2.65,False,中,9.08,True,1-3万,8-10年
大众 迈腾 2019款 2.0TSI 双离合 330TSI 领先型,7.3,7.82,7.16,8.45,True,中,5.58,True,5-10万,5-8年
别克 凯越 2011款 1.6 手动 LX,0.2,0.38,0.13,0.53,True,差,12.83,True,<1万,>10年
丰田 RAV4荣放 2015款 2.0L 自动 CVT两驱都市版,4.43,4.3,3.9,4.68,True,中,10.67,True,3-5万,>10年
雪佛兰 科鲁兹三厢 2016款 1.5 手动 精英版,1.1,1.13,0.98,1.28,True,中,9.25,True,1-3万,8-10年
福特 翼搏 2013款 1.5 手动 风尚型,0.63,1.01,0.86,1.16,False,中,10.58,True,<1万,>10年
大众 朗逸三厢 2011款 1.6 自动 品雅版,0.32,0.82,0.62,1.02,False,中,14.0,True,<1万,>10年
丰田 威驰FS 2021款 1.5 自动 锋驰版,3.8,3.43,3.6,3.93,True,优,4.58,True,3-5万,3-5年
大众 途观 2013款 1.8T 自动 风尚版前驱,2.01,2.52,2.27,2.76,False,中,11.5,True,1-3万,>10年
起亚 K3 2016款 1.6 自动 GL,2.08,2.34,2.1,2.56,False,中,8.58,True,1-3万,8-10年
现代 ix35 2013款 2.0 自动 GLS智能型四驱 国IV,1.51,1.71,1.5,1.92,True,中,11.25,True,1-3万,>10年
现代 瑞纳三厢 2014款 1.4 自动 GLS智能型,1.54,0.9,0.79,1.19,False,优,10.83,True,1-3万,>10年
长安 CS35 2015款 1.6 手动 豪华型 国IV,0.72,0.69,0.56,0.96,True,优,9.67,True,<1万,8-10年
日产 轩逸 2019款 1.6 自动 经典XE舒适版,2.73,3.19,2.49,3.0,True,差,5.08,True,1-3万,5-8年
大众 速腾 2020款 1.4T 自动 280TSI舒适型 国VI,5.2,5.91,5.38,6.41,False,中,5.08,True,5-10万,5-8年
路虎 发现神行 2016款 2.0T 自动 上市限量版,6.66,7.11,6.5,7.69,True,中,6.92,True,5-10万,5-8年
丰田 卡罗拉 2008款 1.8 自动 GL-i 天窗特别版,1.2,0.88,0.57,0.97,False,差,17.08,True,1-3万,>10年
大众 高尔夫 2019款 1.4T 自动 280TSI舒适型,5.17,5.42,4.93,5.89,True,中,6.5,True,5-10万,5-8年
斯柯达 昕动 2014款 1.4T 自动 舒享版,2.39,2.32,2.09,2.54,True,中,8.42,True,1-3万,8-10年
大众 朗逸三厢 2023款 改款 1.5L 自动 星空五百万版,6.64,5.86,6.13,6.67,True,优,1.42,True,5-10万,0-3年
大众 速腾 2012款 1.6 手动 舒适型,0.78,1.43,1.08,1.42,False,差,12.92,True,<1万,>10年
雪铁龙 C4L 2014款 1.8 自动 智驱版劲享型,1.48,1.06,0.91,1.21,False,中,9.5,True,1-3万,8-10年
大众 高尔夫 2012款 1.6 自动 时尚型,1.56,2.13,1.91,2.33,False,中,11.67,True,1-3万,>10年
比亚迪 宋MAX 2019款 1.5T 自动 智联睿逸天窗型6座 国VI,3.32,3.24,3.4,3.72,False,优,5.67,True,3-5万,5-8年
本田 CR-V 2021款 1.5T 自动 240TURBO都市版前驱,10.2,10.33,9.52,11.11,True,中,3.75,True,10-20万,3-5年
本田 凌派 2013款 1.8 自动 豪华版,2.0,2.04,1.83,2.24,True,中,11.58,True,1-3万,>10年
宝马 5系 2014款 2.0T 自动 525Li领先型,6.3,5.89,5.37,6.39,True,中,10.92,True,5-10万,>10年
大众 朗逸三厢 2013款 1.4T 自动 舒适版 改款,1.82,1.56,1.37,1.75,False,中,11.75,True,1-3万,>10年
大众 途观L 2022款 2.0T 自动 330TSI 两驱舒享版,9.1,11.62,12.14,13.06,False,优,2.92,True,5-10万,0-3年
现代 伊兰特三厢 2022款 1.5L CVT自动 LUX尊贵版,5.93,5.28,4.81,5.74,False,中,2.42,True,5-10万,0-3年
日产 阳光 2011款 1.5 无级 XL 豪华版,0.25,0.61,0.33,0.73,False,差,13.33,True,<1万,>10年
三菱 劲炫ASX 2013款 2.0 自动 精英版前驱,2.16,1.88,1.65,2.11,False,中,10.17,True,1-3万,>10年
日产 逍客 2012款 2.0 手动 XL火前驱,1.31,1.72,1.51,1.93,False,中,10.92,True,1-3万,>10年
丰田 锐志 2008款 2.5 自动 S特别纪念版,2.05,2.08,1.61,1.99,False,差,15.33,True,1-3万,>10年
本田 飞度 2008款 1.5 自动 豪华版,1.01,0.95,0.75,1.15,True,中,15.42,True,1-3万,>10年
大众 途观 2012款 1.8TSI 手动 两驱进享版,0.93,1.51,1.33,1.69,False,中,12.58,True,<1万,>10年
福特 嘉年华两厢 2013款 1.5 自动 时尚型,0.7,0.86,0.55,0.95,True,差,11.58,True,<1万,>10年
本田 第十代雅阁 2022款 1.5T 无级 260TURBO 豪华版,9.55,9.84,9.06,10.59,True,中,3.67,True,5-10万,3-5年
本田 CR-V 2013款 2.4 自动 VTi豪华型四驱,3.57,3.95,3.58,4.31,False,中,11.5,True,3-5万,>10年
丰田 花冠 2011款 1.6 自动 经典型,1.7,1.29,0.97,1.29,False,差,13.08,True,1-3万,>10年
哈弗 哈弗H6 2017款 2.0T 自动 红标智尚型前驱,2.01,2.32,2.09,2.54,False,中,7.67,True,1-3万,5-8年
大众 途观 2013款 1.8TSI 手自一体 两驱豪华版,3.25,2.77,2.5,3.03,False,中,10.92,True,3-5万,>10年
本田 飞度两厢 2004款 1.5 自动,0.46,0.4,0.24,0.64,True,优,18.83,True,<1万,>10年
别克 君威 2015款 2.0 手自一体 领先时尚型,1.7,1.94,1.71,2.17,False,中,9.67,True,1-3万,8-10年
宝骏 730 2016款 1.5 手动 舒适型7座,1.2,1.03,0.75,1.05,False,差,9.33,True,1-3万,8-10年
哈弗 哈弗H6 2021款 1.5T 自动 第三代两驱Max,5.71,4.68,4.25,5.1,False,中,3.25,True,5-10万,3-5年
别克 凯越 2013款 1.5 手自一体 经典版,0.68,0.7,0.5,0.9,True,中,10.33,True,<1万,>10年
本田 CR-V 2013款 2.4 自动 Vti四驱豪华版,6.29,4.56,4.14,4.96,False,中,10.17,True,5-10万,>10年
现代 瑞纳 2014款 1.4 手动 GS 时尚型,0.6,0.93,0.73,1.13,False,中,10.0,True,<1万,8-10年
本田 雅阁 2010款 2.4 自动 百万纪念版,2.2,1.77,1.56,1.98,False,中,15.25,True,1-3万,>10年
福特 福克斯三厢 2013款 1.8 自动 经典时尚型,0.75,0.82,0.62,1.02,True,中,10.92,True,<1万,>10年
现代 名图 2014款 1.8 自动 尊贵型,1.45,1.99,1.51,1.99,False,差,10.58,True,1-3万,>10年
本田 雅阁 2016款 2.0 自动 舒适版,5.47,5.79,5.27,6.28,True,中,8.25,True,5-10万,8-10年
丰田 RAV4荣放 2015款 自动 2.0L CVT两驱风尚版,4.7,4.63,4.2,5.04,True,中,9.75,True,3-5万,8-10年
大众 高尔夫·嘉旅 2018款 1.4TSI 双离合 280TSI 豪华型,3.95,4.9,4.45,5.33,False,中,8.08,True,3-5万,8-10年
丰田 威驰FS 2017款 1.5 自动 锋驰版,3.1,3.12,3.28,3.59,False,优,6.17,True,3-5万,5-8年
丰田 花冠EX 2013款 1.6 手动 卓越版,0.6,1.46,1.1,1.44,False,差,11.92,True,<1万,>10年
丰田 卡罗拉 2008款 1.8 自动 GL-i天窗特别版,1.36,1.22,1.07,1.37,True,中,16.0,True,1-3万,>10年
雪佛兰 科鲁兹 2013款 1.6 手动 SL,0.35,0.4,0.14,0.54,True,差,12.17,True,<1万,>10年
大众 朗行 2015款 1.6 自动 舒适型,2.85,2.65,2.38,2.9,True,中,8.75,True,1-3万,8-10年
标致 408 2014款 1.8 自动 豪华版,1.27,1.29,1.14,1.44,True,中,10.83,True,1-3万,>10年
雪佛兰 迈锐宝XL 2019款 2.0T 自动 550T Redline锐智版,6.1,5.13,4.66,5.57,False,中,4.83,True,5-10万,3-5年
哈弗 哈弗H6 2015款 1.5T 自动 运动版豪华型前驱,2.02,1.32,1.16,1.48,False,中,9.33,True,1-3万,8-10年
雪佛兰 赛欧-三厢 2013款 1.4 序列变速 优逸版,0.3,0.37,0.12,0.52,True,差,11.0,True,<1万,>10年
现代 瑞纳三厢 2017款 1.4L 手动 焕新版 国VI,1.4,1.55,1.17,1.55,True,差,5.5,True,1-3万,5-8年
长城 C30 2012款 1.5 手动 精英版,0.22,0.28,0.04,0.44,True,差,12.5,True,<1万,>10年
别克 GL8 2011款 2.4 自动 LT行政型,1.44,1.94,1.71,2.17,False,中,13.58,True,1-3万,>10年
马自达 马自达CX-4 2018款 2.0 自动 蓝天探索版前驱,4.14,4.22,3.32,3.98,False,差,7.25,True,3-5万,5-8年
丰田 雷凌 2016款 1.6 自动 G精英版,2.73,2.84,2.56,3.1,True,中,9.08,True,1-3万,8-10年
比亚迪 S6 2011款 2.0 手动 尊贵型,0.42,0.4,0.24,0.64,True,优,13.25,True,<1万,>10年
雪佛兰 科沃兹 2018款 1.5 自动 320欣悦版,2.52,1.95,1.72,2.18,False,中,6.83,True,1-3万,5-8年
起亚 K5凯酷 2015款 2.0 自动 LUX,2.6,2.38,1.84,2.28,False,差,9.92,True,1-3万,8-10年
本田 艾力绅 2016款 2.4 自动 豪华版,9.4,9.89,8.07,9.42,True,差,7.08,True,5-10万,5-8年
比亚迪 海豚 2023款 420km 时尚版,6.57,5.5,5.77,6.28,False,优,1.42,True,5-10万,0-3年
大众 朗逸 2013款 1.4TSI 手动 豪华版,1.25,1.38,1.21,1.55,True,中,12.0,True,1-3万,>10年
丰田 凯美瑞 2007款 2.0 自动 200G 豪华版,0.97,0.88,0.68,1.08,True,中,17.58,True,<1万,>10年
大众 高尔夫 2015款 1.6 自动 舒适型,2.34,2.95,2.66,3.22,False,中,10.33,True,1-3万,>10年
宝马 3系 2017款 2.0T 自动 320Li时尚型,5.78,6.91,6.32,7.48,False,中,8.58,True,5-10万,8-10年
大众 宝来三厢 2021款 1.5 自动 时尚智联版,5.02,4.76,4.99,5.44,True,优,4.5,True,5-10万,3-5年
宝骏 310 2017款 1.5 自动 豪华型,1.63,1.06,0.91,1.21,False,中,8.17,True,1-3万,8-10年
丰田 卡罗拉 2017款 1.2T 自动 GL-i真皮版,3.38,3.39,3.06,3.7,True,中,8.67,True,3-5万,8-10年
起亚 K2三厢 2015款 1.4 手动 GLS,0.71,1.07,0.92,1.22,False,中,10.25,True,<1万,>10年
奥迪 Q5 2013款 2.0T 自动 40TFSI技术型,4.3,4.26,3.86,4.64,True,中,11.5,True,3-5万,>10年
雪铁龙 C3-XR 2017款 1.2T 自动 230THP先锋型,1.8,1.81,1.59,2.03,True,中,8.17,True,1-3万,8-10年
大众 高尔夫·嘉旅 2016款 1.2TSI 双离合 180TSI 进取型,3.88,3.73,3.38,4.07,True,中,9.17,True,3-5万,8-10年
奔驰 E级 2022款 2.0T 自动 E300L 时尚型 改款,29.54,26.81,24.85,28.78,False,中,3.5,True,>20万,3-5年
日产 天籁 2013款 2.0 自动 XL舒适版,4.72,3.83,3.47,4.18,False,中,8.92,True,3-5万,8-10年
大众 帕萨特 2017款 1.8T 自动 330TSI尊荣版,5.79,5.23,4.15,4.94,False,差,7.67,True,5-10万,5-8年
福特 福克斯两厢 2012款 1.6 自动 风尚型,0.46,0.72,0.52,0.92,False,中,12.92,True,<1万,>10年
大众 POLO劲情 2009款 1.6 自动 风尚版,0.72,0.89,0.69,1.09,True,中,14.5,True,<1万,>10年
哈弗 哈弗H6 2021款 1.5T 自动 第三代两驱Supreme,4.0,4.33,3.93,4.72,True,中,4.67,True,3-5万,3-5年
日产 阳光 2011款 1.5 手动 XE舒适版,0.52,0.74,0.54,0.94,False,中,12.5,True,<1万,>10年
雪佛兰 迈锐宝 2014款 2.0 自动 豪华版,1.34,1.42,1.25,1.59,True,中,10.42,True,1-3万,>10年
大众 途安 2011款 1.4T 自动 智雅版5座,1.64,1.45,1.28,1.62,False,中,12.83,True,1-3万,>10年
丰田 威驰 2014款 1.3 手动 超值版,1.2,1.27,0.96,1.26,True,差,9.92,True,1-3万,8-10年
别克 英朗三厢 2013款 1.6 自动 GT时尚型,0.87,0.77,0.57,0.97,True,中,11.42,True,<1万,>10年
丰田 卡罗拉 2011款 1.8 自动 GL-i,1.73,1.72,1.51,1.93,True,中,13.33,True,1-3万,>10年
大众 捷达 2015款 1.6 自动 质惠版时尚型,1.11,1.19,0.89,1.19,True,差,10.08,True,1-3万,>10年
江淮 瑞风S3 2016款 1.5 手动 豪华智能型,0.56,0.65,0.45,0.85,True,中,9.33,True,<1万,8-10年
本田 CR-V 2013款 2.0 自动 Exi经典型前驱,4.04,4.2,3.8,4.57,True,中,10.42,True,3-5万,>10年
标致 508 2013款 2.0 手自一体 两周年纪念天窗经典版,0.7,1.1,0.81,1.11,False,差,11.83,True,<1万,>10年
丰田 RAV4荣放 2020款 2.0L 自动 CVT两驱风尚PLUS版,9.84,8.4,7.7,9.06,False,中,5.08,True,5-10万,5-8年
雪佛兰 科鲁兹 2013款 1.6 手动 SL 天地版,0.35,0.4,0.15,0.55,True,差,12.5,True,<1万,>10年
日产 天籁 2016款 2.0 无级 XL 舒适版,4.4,4.75,4.31,5.17,True,中,7.33,True,3-5万,5-8年
斯柯达 柯迪亚克 2018款 2.0T 自动 TSI330 豪华优享版5座前驱 ,5.4,5.49,5.75,6.26,False,优,6.58,True,5-10万,5-8年
大众 宝来三厢 2015款 1.6 自动 质惠版舒适型,2.01,1.97,1.73,2.21,True,中,9.83,True,1-3万,8-10年
福特 福克斯两厢 2012款 1.6 自动 风尚型,0.9,0.95,0.75,1.15,True,中,11.92,True,<1万,>10年
大众 宝来三厢 2013款 1.6 自动 时尚型,1.41,1.3,1.14,1.46,True,中,11.92,True,1-3万,>10年
大众 高尔夫 2016款 1.4T 自动 230TSI 舒适型,3.46,3.8,3.44,4.14,True,中,8.83,True,3-5万,8-10年
本田 思域 2013款 1.8 自动 十周年纪念舒适版Exi,1.7,2.29,1.78,2.19,False,差,11.42,True,1-3万,>10年
长安 逸动 2015款 1.6 手动 豪华型 国V,0.47,0.67,0.54,0.94,False,优,9.58,True,<1万,8-10年
本田 CR-V 2023款 1.5T 自动 240TURBO 两驱活力版 5座,11.8,12.32,12.86,13.83,False,优,2.42,True,10-20万,0-3年
长安 CS35 2017款 1.6 自动 豪华型,2.4,1.63,1.43,1.83,False,中,6.92,True,1-3万,5-8年
本田 锋范 2012款 1.5 自动 精英型,1.16,1.13,0.98,1.28,True,中,11.83,True,1-3万,>10年
日产 LANNIA 蓝鸟 2016款 1.6 自动 智酷版,2.52,2.72,2.12,2.62,True,差,7.92,True,1-3万,5-8年
福特 福克斯两厢 2012款 1.6 自动 风尚型,0.6,0.62,0.42,0.82,True,中,13.17,True,<1万,>10年
丰田 威驰 2014款 1.5 自动 智臻版,1.51,1.37,1.21,1.53,True,中,10.83,True,1-3万,>10年
五菱汽车 宏光 2018款 1.5 手动 经典款S基本型,0.97,1.72,1.67,2.09,False,优,6.83,True,<1万,5-8年
大众 途观L 2017款 1.8T 自动 330TSI旗舰版前驱,6.1,4.98,4.52,5.41,False,中,8.42,True,5-10万,8-10年
大众 途观 2010款 1.8T 自动 风尚版前驱,1.22,1.35,1.19,1.51,True,中,14.33,True,1-3万,>10年
大众 途观 2016款 1.4T 自动 280TSI丝绸之路舒适版前驱,3.4,3.93,3.56,4.29,False,中,8.42,True,3-5万,8-10年
丰田 RAV4荣放 2013款 2.5L 自动 四驱精英版,3.8,4.26,3.86,4.64,False,中,10.58,True,3-5万,>10年
日产 奇骏 2014款 2.0L 自动 CVT舒适版 2WD,3.12,3.76,3.4,4.1,False,中,11.0,True,3-5万,>10年
铃木 雨燕 2011款 1.5 自动 时尚版,0.8,0.78,0.58,0.98,True,中,14.42,True,<1万,>10年
本田 雅阁 2014款 2.0 自动 豪华版EX,4.43,4.09,3.7,4.46,True,中,10.67,True,3-5万,>10年
哈弗 哈弗H6 2017款 1.5T 自动 蓝标运动版尊享型前驱,1.86,1.98,1.74,2.22,True,中,8.42,True,1-3万,8-10年
北京汽车 绅宝X35 2016款 1.5 手动 精英版,0.64,0.85,0.74,1.14,False,优,8.83,True,<1万,8-10年
福特 嘉年华-两厢 2011款 1.5 手动 时尚型,0.45,0.6,0.4,0.8,True,中,12.33,True,<1万,>10年
雪佛兰 迈锐宝XL 2019款 2.0T 自动 550T Redline锐动版,5.15,4.52,4.1,4.93,False,中,5.5,True,5-10万,5-8年
福特 蒙迪欧 2013款 1.5T 自动 GTDi180时尚型,1.63,1.88,1.65,2.11,False,中,11.83,True,1-3万,>10年
别克 英朗三厢 2021款 1.5 自动 典范精英型 改款,3.76,3.45,3.62,3.96,True,优,4.33,True,3-5万,3-5年
大众 朗逸 2013款 1.4TSI 双离合 舒适版(改款),1.0,1.59,1.4,1.78,False,中,11.92,True,<1万,>10年
本田 XR-V 2015款 1.8 自动 EXi舒适版,2.92,3.65,2.86,3.44,True,差,10.08,True,1-3万,>10年
哈弗 大狗 2021款 1.5T 自动 拉布拉多版,5.87,6.16,5.62,6.68,True,中,4.25,True,5-10万,3-5年
丰田 RAV4荣放 2023款 2.0 无级 两驱风尚版,11.6,10.45,9.63,11.23,False,中,1.58,True,10-20万,0-3年
别克 英朗 2015款 1.5 手自一体 15N 精英型,1.34,1.42,1.07,1.41,True,差,9.92,True,1-3万,8-10年
吉利汽车 帝豪三厢 2018款 1.5 手动 豪华型,1.2,1.28,1.13,1.43,True,中,7.33,True,1-3万,5-8年
别克 GL8 2021款 2.0T 自动 陆上公务舱 652T舒适型,8.17,11.42,9.37,10.9,False,差,3.67,True,5-10万,3-5年
奇瑞 艾瑞泽5 PLUS 2021款 小AI 1.5T 自动 CVT享PLUS,3.1,3.06,2.76,3.35,True,中,3.42,True,3-5万,3-5年
长安 CS75 PLUS 2021款 2.0T 自动 领航型,5.77,5.16,5.41,5.89,True,优,4.08,True,5-10万,3-5年
哈弗 哈弗M6 2018款 1.5T 自动 精英型前驱 改款,3.17,2.24,2.01,2.45,False,中,6.5,True,3-5万,5-8年
日产 LANNIA 蓝鸟 2016款 1.6 自动 智酷版,2.82,2.48,1.93,2.38,False,差,9.33,True,1-3万,8-10年
丰田 RAV4 2009款 2.0 自动 豪华版,1.01,1.62,1.23,1.61,False,差,16.0,True,1-3万,>10年
日产 骐达 2011款 1.6 无级 XL 智能型,1.64,1.62,1.43,1.81,True,中,13.17,True,1-3万,>10年
雪佛兰 探界者 2018款 1.5T 自动 535T领界版前驱,3.63,3.67,3.32,4.01,True,中,7.0,True,3-5万,5-8年
日产 阳光 2011款 1.5 手动 XE舒适版,0.52,0.9,0.7,1.1,False,中,11.42,True,<1万,>10年
大众 朗逸三厢 2017款 1.6 手动 舒适版,2.32,3.11,2.8,3.4,False,中,7.33,True,1-3万,5-8年
日产 轩逸 2012款 1.6 手动 XE舒适版经典款,0.71,1.06,0.78,1.08,False,差,11.33,True,<1万,>10年
丰田 卡罗拉 2014款 1.8 自动 GLX-i,3.24,2.78,2.51,3.04,False,中,10.75,True,3-5万,>10年
丰田 卡罗拉 2017款 1.2T 自动 GL-i,4.0,3.37,3.04,3.68,False,中,8.0,True,3-5万,5-8年
大众 POLO 2013款 1.4 手自一体 舒适版,1.98,1.52,1.34,1.7,False,中,12.25,True,1-3万,>10年
吉利汽车 帝豪GSe 2018款 尊尚型 纯电动,2.87,2.71,2.11,2.6,False,差,6.58,True,1-3万,5-8年
特斯拉 MODEL Y 2023款 后轮驱动版,17.82,15.77,14.65,16.85,False,中,1.42,True,10-20万,0-3年
MINI MINI 2012款 1.6 自动 COOPER Baker Stre,3.9,3.34,3.01,3.65,False,中,11.33,True,3-5万,>10年
雪佛兰 科鲁兹 2013款 1.6 手动 SL,0.35,0.46,0.26,0.66,True,中,11.42,True,<1万,>10年
大众 迈腾 2012款 1.8T 自动 豪华型 改款,2.43,2.25,2.02,2.46,True,中,12.58,True,1-3万,>10年
吉利汽车 帝豪三厢 2018款 1.5 自动 豪华型,1.86,1.57,1.38,1.76,False,中,6.58,True,1-3万,5-8年
别克 英朗三厢 2021款 1.5 自动 典范精英型 改款,3.31,3.51,3.17,3.83,True,中,3.75,True,3-5万,3-5年
大众 迈腾 2012款 1.8T 自动 领先型 改款,2.62,2.32,2.09,2.54,False,中,12.58,True,1-3万,>10年
雪佛兰 科沃兹 2016款 1.5 手动 欣悦版,1.71,1.67,1.63,2.03,True,优,7.92,True,1-3万,5-8年
大众 朗行 2013款 1.6 自动 舒适版,1.89,1.79,1.35,1.77,False,差,10.67,True,1-3万,>10年
大众 迈腾 2015款 2.0T 自动 豪华型,3.17,3.7,2.9,3.48,True,差,10.0,True,3-5万,8-10年
本田 飞度两厢 2014款 1.5 自动 LX舒适版,2.25,2.52,2.56,2.96,False,优,9.5,True,1-3万,8-10年
五菱 宏光V 2015款 1.2 手动 基本型7-8座,0.7,0.82,0.51,0.91,True,差,9.58,True,<1万,8-10年
大众 帕萨特 2014款 1.4TSI 手动 尊雅版,2.1,2.62,2.36,2.86,False,中,10.33,True,1-3万,>10年
丰田 凯美瑞 2009款 2.4 自动 240G豪华型,1.56,1.64,1.44,1.84,True,中,15.83,True,1-3万,>10年
福特 福克斯-三厢 2009款 1.8 手自一体 豪华型,0.53,0.36,0.16,0.56,True,中,15.25,True,<1万,>10年
福特 翼虎 2013款 1.6T 自动 GTDi舒适型前驱,1.03,1.53,1.16,1.52,False,差,10.92,True,1-3万,>10年
宝骏 560 2015款 1.8 手动 舒适型,0.81,0.79,0.49,0.89,True,差,9.25,True,<1万,8-10年
大众 桑塔纳浩纳 2017款 1.6 自动 舒适版,2.45,2.25,2.03,2.47,True,中,8.25,True,1-3万,8-10年
长安 悦翔V7 2015款 1.6 自动 乐享型 国IV,0.51,0.53,0.38,0.78,True,优,10.17,True,<1万,>10年
福特 福睿斯 2015款 1.5 手动 舒适型,0.63,1.2,0.9,1.2,False,差,9.58,True,<1万,8-10年
奥迪 A6L 2012款 2.0T 自动 TFSI舒适型,4.5,5.21,4.74,5.67,False,中,12.42,True,3-5万,>10年
雪铁龙 C5 2014款 1.6T 自动 尊享型,1.8,1.52,1.34,1.7,False,中,10.92,True,1-3万,>10年
大众 朗逸 2011款 1.6 手自一体 品雅版,0.69,0.81,0.61,1.01,True,中,13.92,True,<1万,>10年
大众 高尔夫 2012款 1.4T 自动 舒适型,1.51,2.01,1.8,2.2,False,中,12.67,True,1-3万,>10年
宝骏 310W 2017款 1.5 手动 舒适型,1.1,1.06,0.91,1.21,True,中,7.33,True,1-3万,5-8年
五菱汽车 宏光 2010款 1.2L 手动 基本型国IV,0.72,0.5,0.35,0.75,True,优,10.83,True,<1万,>10年
本田 思域 2016款 1.0T 自动 180TURBO舒适版,3.97,4.93,4.48,5.37,False,中,6.92,True,3-5万,5-8年
斯柯达 Yeti 2014款 1.4TSI 双离合 炫彩版,2.2,2.17,1.95,2.38,True,中,10.58,True,1-3万,>10年
丰田 卡罗拉 2017款 1.2T 自动 GL-i 改款,2.54,3.28,2.96,3.59,False,中,8.0,True,1-3万,5-8年
丰田 凯美瑞 2007款 2.4 手自一体 240G 豪华版,0.8,1.05,0.76,1.06,True,差,18.0,True,<1万,>10年
长安 CS55 2019款 1.5T 自动 炫色型 国VI,2.29,3.02,2.36,2.84,False,差,5.92,True,1-3万,5-8年
宝马 1系（进口） 2013款 1.6T 自动 118i运动版 改款 (进口),2.22,2.8,2.53,3.07,False,中,11.92,True,1-3万,>10年
别克 GL8 2005款 2.5 自动 CT1舒适型7座,0.48,1.55,1.36,1.74,False,中,15.0,True,<1万,>10年
现代 途胜 2009款 2.0 手自一体 两驱舒适天窗型,0.79,0.62,0.42,0.82,True,中,13.92,True,<1万,>10年
大众 POLO两厢 2018款 1.5 自动 安享型,3.11,3.27,2.96,3.58,True,中,6.5,True,3-5万,5-8年
丰田 卡罗拉 2019款 1.2T 自动 S-CVT GL-i精英版,4.91,4.65,4.22,5.06,True,中,5.08,True,3-5万,5-8年
雪佛兰 赛欧3 2015款 1.3 手动 温馨版,0.48,0.63,0.35,0.75,True,差,8.92,True,<1万,8-10年
大众 速腾 2021款 1.2T 自动 200TSI DSG舒适智联版,4.67,5.8,4.62,5.49,True,差,3.92,True,3-5万,3-5年
奥迪 A6L 2011款 2.4 无级 技术型,2.91,2.52,2.26,2.75,False,中,12.83,True,1-3万,>10年
大众 CC 2011款 1.8T 自动 豪华型,2.26,2.28,2.05,2.5,True,中,12.92,True,1-3万,>10年
大众 凌渡 2015款 1.4TSI 双离合 280TSI 舒适版,3.54,3.28,2.56,3.09,False,差,9.33,True,3-5万,8-10年
日产 奇骏 2017款 2.0 自动 舒适版前驱,5.5,5.72,5.21,6.21,True,中,6.83,True,5-10万,5-8年
宝马 5系 2013款 2.0T 自动 525Li领先型,5.53,4.97,4.52,5.41,False,中,11.58,True,5-10万,>10年
奔驰 E级 2017款 2.0T 自动 E300L运动时尚型,16.4,15.56,14.46,16.64,True,中,7.58,True,10-20万,5-8年
雪佛兰 科沃兹 2018款 1.5 自动 320欣悦版,1.64,1.67,1.26,1.66,True,差,6.92,True,1-3万,5-8年
丰田 威驰 2010款 1.3 手动 GL-i 标准版,0.6,0.81,0.61,1.01,False,中,14.5,True,<1万,>10年
本田 第十代雅阁 2018款 1.5T 无级 260TURBO 精英版,9.5,8.59,7.88,9.26,False,中,4.67,True,5-10万,3-5年
启辰 R50 2012款 1.6 手动 舒适版,0.41,0.56,0.42,0.82,False,优,12.92,True,<1万,>10年
起亚 K3 2015款 1.6 手自一体 GL,1.45,1.92,1.69,2.15,False,中,9.58,True,1-3万,8-10年
大众 途观 2013款 1.8T 自动 风尚版前驱,2.4,2.23,2.0,2.44,True,中,11.33,True,1-3万,>10年
比亚迪 S6 2014款 2.4 自动 尊贵型7座,0.44,0.52,0.37,0.77,True,优,10.0,True,<1万,8-10年
海马 福美来三厢 2011款 1.6 手动 舒适型,0.39,0.31,0.14,0.54,True,优,13.08,True,<1万,>10年
奥迪 A3三厢 2019款 1.4T 自动 35TFSI进取型 国V,6.18,6.06,6.35,6.9,False,优,6.17,True,5-10万,5-8年
标致 301 2014款 1.6 自动 舒适版,0.56,0.66,0.46,0.86,True,中,10.33,True,<1万,>10年
丰田 雷凌 2019款 1.2T 自动 185T进取版 国V,4.77,4.41,4.63,5.05,True,优,5.42,True,3-5万,5-8年
福特 福克斯-两厢 2012款 1.6 双离合 舒适型,0.7,0.85,0.65,1.05,True,中,12.42,True,<1万,>10年
大众 途昂 2019款 途昂X 2.0T 自动 330TSI 两驱尊崇豪华版,12.18,12.16,11.25,13.04,True,中,5.08,True,10-20万,5-8年
大众 迈腾 2013款 1.8T 自动 领先型,3.01,2.88,2.6,3.15,True,中,12.0,True,3-5万,>10年
雪铁龙 世嘉-三厢 2014款 1.6 手自一体 VTS版 品尚型,0.67,0.66,0.38,0.78,True,差,11.25,True,<1万,>10年
方程豹 豹5 2023款 云辇旗舰版,20.0,16.66,17.38,18.61,False,优,1.0,True,10-20万,0-3年
五菱汽车 宏光 2010款 1.2 手动 6430K舒适型7座,0.52,0.47,0.27,0.67,True,中,11.17,True,<1万,>10年
日产 逍客 2012款 2.0 无级 XV 雷 两驱,1.6,1.57,1.38,1.76,True,中,12.58,True,1-3万,>10年
荣威 RX5 2016款 1.5T 自动 20T旗舰版前驱,1.88,2.2,2.23,2.59,False,优,7.58,True,1-3万,5-8年
福特 福克斯-三厢 2012款 1.6 双离合 舒适型,0.94,1.12,0.97,1.27,False,中,10.75,True,<1万,>10年
丰田 汉兰达 2015款 2.0T 手自一体 四驱豪华导航版7座,12.03,9.7,10.14,10.94,False,优,8.0,True,10-20万,5-8年
别克 君越 2013款 2.4 自动 精英舒适型,1.94,2.44,1.89,2.33,True,差,9.75,True,1-3万,8-10年
长安 CS35 PLUS 2019款 1.6L 手动 悦联升级版,2.51,3.04,2.74,3.32,False,中,5.58,True,1-3万,5-8年
长安 奔奔 2015款 1.4 自动 尊贵型 国V,1.2,0.8,0.6,1.0,False,中,8.67,True,1-3万,8-10年
大众 帕萨特 2013款 1.8T 自动 御尊版,2.14,2.15,1.93,2.35,True,中,12.5,True,1-3万,>10年
大众 朗逸纯电 2019款 优享版 纯电动,3.4,4.56,4.13,4.96,False,中,4.92,True,3-5万,3-5年
大众 速腾 2018款 1.4T 自动 280TSI舒适型,4.06,4.16,3.77,4.54,True,中,7.0,True,3-5万,5-8年
标致 308 2013款 1.6 自动 优尚型,1.14,1.15,1.0,1.3,True,中,9.08,True,1-3万,8-10年
大众 宝来三厢 2012款 1.6 手动 时尚型,0.68,0.86,0.66,1.06,True,中,12.92,True,<1万,>10年
大众 POLO 2013款 1.4 手动 舒适版,1.02,1.19,1.04,1.34,False,中,12.25,True,1-3万,>10年
大众 朗逸三厢 2013款 1.6 手动 经典风尚版 改款,1.06,1.53,1.16,1.52,False,差,10.0,True,1-3万,8-10年
别克 英朗三厢 2013款 1.6 自动 GT时尚型,0.75,0.85,0.65,1.05,True,中,10.33,True,<1万,>10年
奥迪 A4L 2015款 2.0TFSI 无级 35TFSI 舒适型,4.24,5.09,4.62,5.53,False,中,9.83,True,3-5万,8-10年
红旗 H5 2019款 1.8TD 手自一体 30TD 智联享动版,3.98,4.13,3.74,4.5,True,中,5.92,True,3-5万,5-8年
奥迪 A6L 2012款 2.0T 自动 TFSI标准型,5.11,5.3,4.82,5.76,True,中,12.08,True,5-10万,>10年
五菱汽车 宏光 2014款 1.5L 手动 S标准型,0.97,1.1,0.95,1.25,True,中,8.67,True,<1万,8-10年
日产 奇骏 2010款 2.5L 自动 CVT豪华型 4WD,1.95,1.84,1.62,2.06,True,中,14.92,True,1-3万,>10年
本田 雅阁 2016款 2.0 自动 精英版,6.51,6.33,5.77,6.86,True,中,7.0,True,5-10万,5-8年
雪佛兰 科鲁兹 2013款 1.6 手动 SL,0.38,0.44,0.19,0.59,True,差,11.67,True,<1万,>10年
福特 福睿斯 2015款 1.5 手自一体 舒适型,1.11,1.27,1.12,1.42,False,中,10.08,True,1-3万,>10年
比亚迪 F0 2012款 1.0 手动 悦酷型,0.35,0.26,0.06,0.46,True,中,11.42,True,<1万,>10年
Jeep 自由光 2017款 2.0 自动 优越版前驱,3.22,3.16,2.85,3.45,True,中,7.67,True,3-5万,5-8年
比亚迪 海豹06GT 2025款 605热浪版,10.18,7.69,8.05,8.72,False,优,0.58,True,10-20万,0-3年
吉利汽车 远景X6 2016款 1.8 手动 豪华型,1.0,1.53,1.35,1.71,False,中,7.33,True,<1万,5-8年
大众 迈腾 2020款 2.0T 自动 330TSI领先型,8.75,9.22,8.47,9.93,True,中,5.25,True,5-10万,5-8年
大众 朗逸三厢 2013款 1.6 手动 经典舒适版 改款,1.79,2.02,1.81,2.21,False,中,9.67,True,1-3万,8-10年
别克 昂科威Plus 2016款 1.5T 自动 20T领先型前驱,3.0,3.31,3.47,3.8,False,优,9.33,True,1-3万,8-10年
奔腾 B70 2014款 1.8T 自动 运动豪华型,0.46,0.92,0.81,1.21,False,优,10.92,True,<1万,>10年
福特 福克斯两厢 2021款 1.5T 自动 EcoBoost 180 ST L,6.59,5.14,5.39,5.86,False,优,4.33,True,5-10万,3-5年
宝马 5系 2014款 2.0T 自动 525Li豪华设计套装,9.99,7.72,8.07,8.74,False,优,9.58,True,5-10万,8-10年
宝马 3系敞篷车 2011款 2.5 自动 325i (进口),3.59,2.08,1.87,2.28,False,中,13.67,True,3-5万,>10年
别克 英朗GT 2010款 1.6 手自一体 时尚版,0.74,0.5,0.3,0.7,False,中,13.92,True,<1万,>10年
吉利汽车 远景 2018款 1.5 手动 幸福版,0.96,1.16,1.01,1.31,False,中,7.75,True,<1万,5-8年
铃木 雨燕 2009款 1.3 手动 超值版,0.51,0.48,0.28,0.68,True,中,16.0,True,<1万,>10年
日产 轩逸 2014款 1.6 自动 XV尊享版,2.42,2.3,2.07,2.52,True,中,10.08,True,1-3万,>10年
丰田 卡罗拉 2014款 1.6 自动 GL-i真皮版,2.88,2.63,2.04,2.52,False,差,9.58,True,1-3万,8-10年
福特 福睿斯 2017款 1.5 手动 舒适型 改款,1.87,1.72,1.51,1.93,True,中,7.58,True,1-3万,5-8年
大众 朗逸三厢 2013款 1.4T 自动 豪华版,1.48,1.43,1.26,1.6,True,中,12.67,True,1-3万,>10年
别克 GL8 2021款 2.0T 自动 陆上公务舱 652T尊贵型,8.6,11.33,10.46,12.16,False,中,3.92,True,5-10万,3-5年
大众 途观 2012款 1.8T 自动 风尚版四驱,1.24,1.51,1.33,1.69,False,中,12.83,True,1-3万,>10年
日产 骊威 2015款 1.6 自动 XE舒适版,2.87,2.01,1.81,2.21,False,中,9.42,True,1-3万,8-10年
大众 桑塔纳志俊 2008款 1.8 手动 舒适型,0.37,0.71,0.58,0.98,False,优,12.83,True,<1万,>10年
日产 阳光 2011款 1.5 自动 XL豪华版,0.43,0.56,0.42,0.82,True,优,13.67,True,<1万,>10年
雪佛兰 迈锐宝 2018款 1.5T 自动 530T豪华版,3.0,3.13,2.83,3.43,True,中,7.25,True,1-3万,5-8年
日产 轩逸 2021款 1.6 自动 XE经典舒适版,2.95,3.98,3.6,4.34,False,中,4.25,True,1-3万,3-5年
福特 蒙迪欧 2013款 1.5T 自动 GTDi180时尚型,2.71,2.22,2.0,2.44,False,中,11.42,True,1-3万,>10年
哈弗 哈弗H6 Coupe 2015款 蓝标 2.0T 手动 两驱精英型,1.18,1.49,1.12,1.48,True,差,9.42,True,1-3万,8-10年
大众 帕萨特 2013款 1.8T 自动 御尊版,2.57,2.26,2.03,2.48,False,中,11.58,True,1-3万,>10年
大众 途观 2012款 1.8T 自动 菁英版四驱,1.32,1.71,1.5,1.92,False,中,13.58,True,1-3万,>10年
日产 颐达 2006款 1.6 自动 JE,0.23,0.55,0.27,0.67,False,差,17.25,True,<1万,>10年
大众 POLO两厢 2016款 1.6 自动 舒适型,2.22,2.71,2.44,2.96,False,中,8.08,True,1-3万,8-10年
宝马 3系 2009款 2.0 自动 318i领先型,1.2,0.99,0.79,1.19,False,中,16.42,True,1-3万,>10年
别克 英朗三厢 2013款 1.6 自动 GT舒适型,0.6,0.76,0.56,0.96,True,中,11.0,True,<1万,>10年
雪佛兰 迈锐宝 2014款 2.0 自动 舒适版,1.37,1.46,1.28,1.64,True,中,10.08,True,1-3万,>10年
别克 英朗 2015款 1.5 手自一体 15N 豪华型,0.57,1.42,1.07,1.41,False,差,10.0,True,<1万,8-10年
现代 瑞纳 2014款 1.4 自动 GS 时尚型,1.17,1.14,0.99,1.29,True,中,10.75,True,1-3万,>10年
本田 锋范 2008款 1.5 自动 精英型,0.85,0.82,0.51,0.91,True,差,14.17,True,<1万,>10年
日产 骐达 2011款 1.6 无级 XL 智能型,3.12,2.45,2.21,2.69,False,中,9.5,True,3-5万,8-10年
广汽传祺 传祺GS5 2012款 2.0 自动 周年纪念版,0.66,0.54,0.39,0.79,True,优,13.08,True,<1万,>10年
奥迪 A4L 2010款 2.0T 自动 TFSI标准型,1.8,1.79,1.58,2.0,True,中,15.5,True,1-3万,>10年
宝马 5系 2017款 2.0T 自动 520Li典雅型,7.82,9.33,8.58,10.05,False,中,8.33,True,5-10万,8-10年
福特 蒙迪欧致胜 2011款 2.3 手自一体 时尚型,3.05,2.0,1.51,1.99,False,差,10.0,True,3-5万,8-10年
比亚迪 秦PLUS 2024款 荣耀版 EV 510KM领先型,7.09,5.78,6.05,6.58,False,优,0.5,True,5-10万,0-3年
红旗 H5 2020款 1.5T 自动 旗韵版,4.67,5.12,5.37,5.85,False,优,5.17,True,3-5万,5-8年
斯柯达 晶锐 2012款 1.4 手动 晶灵版,0.61,1.07,0.92,1.22,False,中,10.58,True,<1万,>10年
马自达 马自达CX-4 2021款 2.0 自动 蓝天探索版前驱,6.11,5.83,5.31,6.33,True,中,4.25,True,5-10万,3-5年
东风风行 景逸XV 2016款 1.6 自动 豪华型5座,0.87,0.68,0.48,0.88,True,中,9.0,True,<1万,8-10年
哈弗 哈弗H6 2017款 2.0T 自动 蓝标领尚型前驱,2.21,2.63,2.37,2.88,False,中,7.42,True,1-3万,5-8年
奇瑞 艾瑞泽5 PLUS 2021款 小泽 1.5L 自动 CVT享 PLUS,3.12,3.46,2.71,3.26,True,差,2.17,True,3-5万,0-3年
宝马 5系 2014款 2.0T 自动 525Li豪华设计套装,7.39,7.23,5.81,6.86,False,差,8.92,True,5-10万,8-10年
宝马 2系多功能旅行车 2015款 1.5T 自动 218i运动设计套装 (进口,3.71,3.17,2.86,3.47,False,中,10.5,True,3-5万,>10年
大众 宝来三厢 2017款 1.6 手动 时尚型,2.11,2.74,2.47,3.0,False,中,8.17,True,1-3万,8-10年
大众 速腾 2012款 1.4T 自动 豪华型,1.23,1.54,1.36,1.72,False,中,12.92,True,1-3万,>10年
别克 君威 2022款 1.5T 自动 552T 智享型,5.2,6.42,5.13,6.08,True,差,3.0,True,5-10万,0-3年
丰田 凯美瑞 2007款 2.4 自动 240G豪华型,1.9,1.2,1.05,1.35,False,中,17.33,True,1-3万,>10年
吉利 博越 2018款 2.0 手动 两驱智雅型,1.62,2.14,1.93,2.35,False,中,7.58,True,1-3万,5-8年
丰田 卡罗拉 2021款 1.2T 自动 精英版,4.41,4.69,4.25,5.1,True,中,4.75,True,3-5万,3-5年
奥迪 A4L 2015款 2.0TFSI 无级 35TFSI 舒适型,4.18,5.21,4.13,4.92,True,差,9.0,True,3-5万,8-10年
长安 CS75 PLUS 2021款 2.0T 自动 领航型,5.99,5.02,4.56,5.46,False,中,4.17,True,5-10万,3-5年
大众 捷达 2017款 1.5 自动 时尚型,2.13,1.86,1.41,1.85,False,差,7.83,True,1-3万,5-8年
丰田 亚洲龙 2019款 2.5 自动 豪华版双擎 混动 国VI,10.47,10.04,9.25,10.8,True,中,3.83,True,10-20万,3-5年
本田 XR-V 2017款 1.8 无级 EXi 舒适版,4.75,4.99,4.53,5.43,True,中,6.58,True,3-5万,5-8年
本田 XR-V 2015款 1.5 自动 LXi经典版,3.36,3.82,3.0,3.6,True,差,8.42,True,3-5万,8-10年
大众 T-ROC探歌 2020款 1.4T 自动 280TSI舒适型前驱,5.34,5.72,5.21,6.21,True,中,5.25,True,5-10万,5-8年
大众 朗逸三厢 2018款 1.5 自动 舒适版,3.55,3.71,2.91,3.49,False,差,6.33,True,3-5万,5-8年
宝骏 560 2015款 1.8 手动 豪华型,0.6,0.78,0.48,0.88,True,差,9.42,True,<1万,8-10年
起亚 K2三厢 2015款 1.4 自动 GLS,1.35,1.27,1.12,1.42,True,中,10.42,True,1-3万,>10年
比亚迪 宋PLUS新能源 2021款 1.5L 自动 DM-i 110KM 旗舰,7.09,6.11,6.4,6.95,False,优,2.75,True,5-10万,0-3年
日产 天籁 2011款 2.5 自动 XL领先版,2.9,1.81,1.59,2.03,False,中,13.17,True,1-3万,>10年
雪佛兰 科鲁兹三厢 2015款 1.5 自动 经典版SE,0.97,0.92,0.6,1.0,True,差,9.08,True,<1万,8-10年
大众 宝来三厢 2014款 1.6 自动 时尚型,2.06,1.87,1.82,2.26,True,优,10.5,True,1-3万,>10年
凯迪拉克 ATS-L 2014款 2.0T 手自一体 25T 舒适型,4.4,3.93,3.56,4.29,False,中,9.83,True,3-5万,8-10年
启辰 R50 2014款 1.6 手动 精彩版,0.77,0.75,0.55,0.95,True,中,10.67,True,<1万,>10年
丰田 凯美瑞 2007款 2.4 手自一体 240V Navi 至尊导航版,0.99,1.15,1.0,1.3,False,中,17.5,True,<1万,>10年
丰田 RAV4荣放 2019款 2.0 无级 两驱风尚X限量版,6.7,6.91,6.31,7.48,True,中,6.5,True,5-10万,5-8年
哈弗 哈弗H6 2018款 1.5T 自动 蓝标运动版精英型前驱,2.44,2.64,2.38,2.89,True,中,6.42,True,1-3万,5-8年
奇瑞 瑞虎8 2019款 1.6TGDI 双离合 290TGDI 精英型,3.4,3.9,3.53,4.25,False,中,5.08,True,3-5万,5-8年
福特 福克斯-两厢 2015款 1.5GTDi 手自一体 EcoBoost 18,2.66,2.46,2.22,2.7,True,中,7.67,True,1-3万,5-8年
福特 嘉年华两厢 2014款 1.0T 自动 GTDi劲动型,1.42,1.36,1.2,1.52,True,中,8.67,True,1-3万,8-10年
标致 301 2014款 1.6 手动 舒适版,0.69,0.68,0.48,0.88,True,中,10.42,True,<1万,>10年
长城 C30 2015款 1.5 手动 豪华型,0.54,0.47,0.32,0.72,True,优,10.42,True,<1万,>10年
大众 朗逸 2011款 1.6 手动 品雅版,0.6,0.71,0.51,0.91,True,中,15.25,True,<1万,>10年
长安 CS75 2014款 1.8T 自动 精英型前驱 国V,1.75,1.51,1.47,1.83,True,优,10.08,True,1-3万,>10年
哈弗 M6 2019款 1.5T 双离合 两驱超值版,3.0,2.92,2.63,3.19,True,中,5.17,True,1-3万,5-8年
奔驰 C级 2017款 2.0T 自动 C200运动版 改款,8.13,9.25,9.67,10.44,False,优,8.0,True,5-10万,5-8年
日产 轩逸经典 2012款 1.6 手动 XE 舒适版,0.54,1.08,0.93,1.23,False,中,11.75,True,<1万,>10年
比亚迪 F3 2018款 1.5 手动 精英型,0.86,0.69,0.49,0.89,True,中,6.92,True,<1万,5-8年
丰田 花冠 2011款 1.6 自动 豪华型,1.89,1.29,1.14,1.44,False,中,14.25,True,1-3万,>10年
别克 昂科拉 2014款 1.4T 自动 都市精英型前驱,1.12,1.3,1.14,1.46,False,中,11.83,True,1-3万,>10年
大众 朗逸三厢 2017款 1.4T 自动 230TSI舒适版,2.8,3.21,2.9,3.5,False,中,7.5,True,1-3万,5-8年
丰田 凯美瑞 2007款 2.4 自动 240G豪华型,0.62,1.03,0.98,1.28,False,优,17.67,True,<1万,>10年
本田 锋范 2008款 1.5 手动 精英型,0.24,0.61,0.47,0.87,False,优,15.42,True,<1万,>10年
大众 途观 2013款 1.8T 自动 豪华版前驱,2.97,2.72,2.75,3.19,True,优,11.67,True,1-3万,>10年
宝骏 730 2014款 1.5 手动 豪华导航ESP版7座,0.71,0.83,0.63,1.03,True,中,10.67,True,<1万,>10年
丰田 威驰 2014款 1.5 自动 智享版,1.4,1.53,1.16,1.52,True,差,11.75,True,1-3万,>10年
奔驰 E级 2017款 2.0T 自动 E300L运动时尚型,15.67,15.55,14.45,16.62,True,中,7.58,True,10-20万,5-8年
比亚迪 速锐 2014款 1.5T 自动 豪华型TID,0.42,0.38,0.13,0.53,True,差,10.92,True,<1万,>10年
广汽传祺 影酷 2022款 1.5T 自动 超新星Pro版,6.3,9.67,10.11,10.9,False,优,1.92,True,5-10万,0-3年
别克 英朗三厢 2013款 1.6 自动 GT时尚型,0.37,0.66,0.46,0.86,False,中,12.83,True,<1万,>10年
本田 CR-V 新能源 2023款 2.0L 自动 e:PHEV 领耀版,14.48,13.6,14.2,15.24,True,优,2.58,True,10-20万,0-3年
本田 CR-V 2012款 2.0 自动 Exi经典型四驱,3.26,3.03,2.73,3.31,True,中,13.0,True,3-5万,>10年
哈弗 哈弗H2s 2017款 1.5T 手动 蓝标精英型,1.17,1.44,1.27,1.61,False,中,8.75,True,1-3万,8-10年
日产 骐达 2011款 1.6 自动 舒适型,1.54,2.06,1.85,2.26,False,中,10.75,True,1-3万,>10年
现代 ix35 2021款 1.4T 自动 两驱GLS领先版,6.96,5.61,5.1,6.09,False,中,4.0,True,5-10万,3-5年
哈弗 哈弗M6 2019款 1.5T 自动 超值版前驱 国VI,2.41,2.89,2.6,3.16,False,中,4.75,True,1-3万,3-5年
雪佛兰 科帕奇 2014款 2.4 自动 旗舰版7座四驱,0.98,1.27,1.12,1.42,False,中,11.08,True,<1万,>10年
奔驰 C级 2017款 2.0T 自动 C200L运动版 改款,8.35,8.59,7.89,9.27,True,中,8.08,True,5-10万,8-10年
现代 ix35 2015款 2.0 自动 智能型前驱 国IV,1.76,2.16,1.67,2.06,True,差,10.75,True,1-3万,>10年
荣威 360 2015款 1.5 手动 豪华版,0.59,0.76,0.56,0.96,True,中,9.5,True,<1万,8-10年
大众 高尔夫 2016款 230TSI 自动豪华型,3.41,3.53,3.19,3.86,True,中,9.83,True,3-5万,8-10年
福特 福克斯两厢 2012款 1.6 手动 舒适型,1.05,0.69,0.49,0.89,False,中,12.33,True,1-3万,>10年
丰田 凯美瑞 2011款 2.0 自动 200G经典型周年纪念版,1.52,2.01,1.81,2.21,False,中,14.0,True,1-3万,>10年
马自达 马自达6 2007款 2.0 手动,0.71,0.71,0.51,0.91,True,中,14.92,True,<1万,>10年
宝马 1系 2018款 1.5T 自动 118i运动型,4.77,4.5,4.08,4.89,True,中,7.5,True,3-5万,5-8年
东南 V3菱悦 2010款 1.5 手动 风采版 改款,0.36,0.3,0.12,0.52,True,优,14.83,True,<1万,>10年
奔驰 A级 2020款 1.3T自动 A200L运动轿车时尚型 改款,11.5,11.0,11.49,12.37,True,优,3.5,True,10-20万,3-5年
现代 胜达 2013款 2.4 自动 智能型四驱 改款,2.39,2.27,2.04,2.49,True,中,11.33,True,1-3万,>10年
福特 福克斯两厢 2012款 1.6 自动 舒适型,1.01,1.2,1.05,1.35,False,中,10.58,True,1-3万,>10年
宝马 1系 2020款 2.0T 自动 125i领先型M运动套装,8.59,6.83,7.15,7.76,False,优,4.67,True,5-10万,3-5年
别克 GL6 2019款 1.3T 自动 18T互联豪华型6座 国V,4.8,3.91,3.54,4.26,False,中,5.83,True,3-5万,5-8年
铃木 天语SX4两厢 2011款 1.6 自动 灵动型 改款,0.9,0.82,0.7,1.1,True,优,13.08,True,<1万,>10年
大众 朗逸 2023款 1.5L 自动 得逸版,5.0,5.41,4.92,5.87,True,中,2.5,True,3-5万,0-3年
奇瑞 艾瑞泽5 2017款 1.5 自动 尊贵版,1.2,1.08,0.93,1.23,True,中,8.17,True,1-3万,8-10年
大众 迈腾 2017款 1.8T 自动 330TSI豪华型,5.34,5.61,5.11,6.09,True,中,9.0,True,5-10万,8-10年
丰田 花冠EX 2011款 1.6 手动 特惠版,0.85,1.11,0.82,1.12,True,差,12.92,True,<1万,>10年
别克 凯越 2013款 1.5 手自一体 经典版,0.45,0.57,0.37,0.77,True,中,12.25,True,<1万,>10年
吉利汽车 帝豪GL 2019款 1.4T 手动 精英智享型 国VI,2.2,2.22,2.0,2.44,True,中,5.25,True,1-3万,5-8年
大众 桑塔纳 2015款 1.4 手动 风尚版,1.05,1.29,1.13,1.45,False,中,10.0,True,1-3万,8-10年
日产 轩逸 2014款 1.6 自动 XV尊享版,2.52,2.47,2.22,2.7,True,中,9.92,True,1-3万,8-10年
大众 速腾 2012款 1.6 手自一体 时尚版,1.73,1.66,1.46,1.86,True,中,12.08,True,1-3万,>10年
日产 骊威 2013款 1.6 自动 XL劲锐版舒适型,1.61,1.42,1.25,1.59,False,中,11.08,True,1-3万,>10年
别克 君威 2014款 1.6T 手自一体 时尚技术型,1.52,1.35,1.19,1.51,False,中,11.92,True,1-3万,>10年
大众 CC 2020款 2.0TSI 双离合 330TSI 魅颜版,8.8,9.06,8.32,9.76,True,中,5.58,True,5-10万,5-8年
红旗 HS5 2022款 改款 2.0T 自动 智联旗享版,7.81,7.71,7.06,8.33,True,中,3.08,True,5-10万,3-5年
哈弗 哈弗H6 2014款 1.5T 手动 运动版精英型前驱,0.64,0.95,0.75,1.15,False,中,11.0,True,<1万,>10年
雪佛兰 科沃兹 2016款 1.5 自动 欣享版,0.9,1.54,1.16,1.52,False,差,7.75,True,<1万,5-8年
福特 翼虎 2013款 1.6GTDi 手自一体 两驱舒适型,1.4,1.73,1.52,1.94,False,中,10.75,True,1-3万,>10年
别克 君威 2015款 1.6T 自动 精英技术型,2.0,2.09,1.88,2.29,True,中,9.67,True,1-3万,8-10年
长安 CS75 2014款 2.0 手动 豪华型,1.0,1.01,0.73,1.03,True,差,10.25,True,<1万,>10年
吉利汽车 博越 2016款 1.8T 自动 智尊型前驱,1.66,2.07,1.86,2.27,False,中,9.33,True,1-3万,8-10年
大众 朗逸三厢 2017款 1.6 自动 舒适版,3.61,3.15,2.84,3.44,False,中,6.92,True,3-5万,5-8年
奔驰 E级 2015款 2.0T 自动 E200L,4.91,6.44,6.74,7.32,False,优,10.92,True,3-5万,>10年
WEY VV7s 2017款 2.0T 双离合 超豪型,3.62,3.29,2.97,3.59,False,中,7.33,True,3-5万,5-8年
五菱 宏光PLUS 2020款 1.5 手动 标准型 5座,2.0,2.38,2.14,2.61,False,中,4.33,True,1-3万,3-5年
日产 奇骏 2017款 2.5 自动 豪华版四驱,5.05,6.06,5.52,6.57,False,中,8.0,True,5-10万,5-8年
五菱汽车 宏光 2010款 1.4L 手动 舒适型,0.33,0.38,0.22,0.62,True,优,13.0,True,<1万,>10年
雪佛兰 赛欧3 2015款 1.3 手动 理想版,0.8,0.72,0.52,0.92,True,中,9.67,True,<1万,8-10年
大众 朗行 2013款 1.6 手动 风尚版,1.91,1.92,1.69,2.15,True,中,10.0,True,1-3万,8-10年
雪佛兰 迈锐宝 2014款 1.6T 手自一体 SL 舒适版,1.01,1.22,1.07,1.37,False,中,11.25,True,1-3万,>10年
比亚迪 汉L 2025款 DM-p 四驱激光雷达旗舰型,16.45,13.29,13.87,14.89,False,优,0.5,True,10-20万,0-3年
福特 翼虎 2017款 1.5T 自动 EcoBoost180精翼型前驱,2.65,2.96,2.67,3.24,False,中,8.17,True,1-3万,8-10年
哈弗 哈弗H5经典 2015款 2.0T 手动 尊贵型四驱,1.7,1.87,1.65,2.09,True,中,10.5,True,1-3万,>10年
别克 凯越 2013款 1.5 自动 尊享型,1.08,0.83,0.72,1.12,True,优,10.75,True,1-3万,>10年
宝骏 310 2016款 1.2 手动 豪华型,0.9,0.79,0.59,0.99,True,中,8.25,True,<1万,8-10年
起亚 福瑞迪 2012款 1.6 手自一体 GL 纪念版,0.33,0.55,0.28,0.68,True,差,12.33,True,<1万,>10年
斯柯达 昕锐 2013款 1.6 自动 智选版,0.7,1.03,0.88,1.18,False,中,12.08,True,<1万,>10年
雪佛兰 赛欧-三厢 2013款 1.2 手动 温馨版,0.19,0.28,0.08,0.48,True,中,12.17,True,<1万,>10年
丰田 卡罗拉 2011款 1.8 自动 GL-i,1.62,1.41,1.24,1.58,False,中,14.42,True,1-3万,>10年
宝马 X3(进口） 2016款 2.0T 自动 20i后驱 (进口),7.04,9.93,9.15,10.69,False,中,8.17,True,5-10万,8-10年
大众 朗行 2013款 1.6 自动 舒适版,2.1,1.74,1.53,1.95,False,中,12.0,True,1-3万,>10年
本田 XR-V 2017款 1.8 自动 EXi舒适版,4.86,5.05,4.59,5.49,True,中,6.67,True,3-5万,5-8年
本田 凌派 2015款 1.8 自动 超配限量版,3.07,2.8,2.53,3.07,True,中,9.5,True,3-5万,8-10年
丰田 RAV4荣放 2009款 2.4L 自动 豪华版,2.06,1.62,1.43,1.81,False,中,16.17,True,1-3万,>10年
奥迪 Q5 2013款 2.0T 自动 40TFSI技术型,5.3,4.56,4.14,4.97,False,中,11.33,True,5-10万,>10年
长安 CS75 2014款 2.0 手动 领先型前驱 国IV,1.3,1.19,1.04,1.34,True,中,9.75,True,1-3万,8-10年
别克 GL8 2013款 3.0 自动 GT豪华商务豪雅版,3.69,3.21,2.89,3.5,False,中,11.5,True,3-5万,>10年
奥迪 Q5 2013款 2.0T 自动 40TFSI技术型,3.68,4.41,3.99,4.8,False,中,11.42,True,3-5万,>10年
奔驰 C级 2019款 1.5T 自动 C260运动版,9.83,11.6,10.72,12.45,False,中,6.67,True,5-10万,5-8年
奇瑞 eQ1(小蚂蚁) 2022款 甜粉款 半糖版 磷酸铁锂 30kW 301k,1.89,2.28,2.05,2.49,False,中,4.0,True,1-3万,3-5年
岚图 FREE 2024款 超长续航智驾版,12.2,12.98,13.55,14.55,False,优,1.25,True,10-20万,0-3年
长安 奔奔E-Star 2022款 清心版 多彩款 三元锂,2.86,2.31,2.08,2.54,False,中,2.92,True,1-3万,0-3年
长安 悦翔V7 2015款 1.6 手动 乐享型 国IV,0.61,0.51,0.31,0.71,True,中,10.0,True,<1万,8-10年
别克 英朗三厢 2013款 1.6 自动 GT时尚型,0.46,0.72,0.43,0.83,True,差,11.67,True,<1万,>10年
吉利汽车 金刚三厢 2017款 1.5 手动 超值型,0.81,0.58,0.44,0.84,True,优,7.08,True,<1万,5-8年
奥迪 Q5 2011款 2.0TFSI 手自一体 舒适型,3.0,3.28,3.45,3.77,False,优,13.08,True,1-3万,>10年
哈弗 哈弗H6 2015款 1.5T 自动 运动版豪华型前驱,2.0,0.92,0.81,1.21,False,优,10.25,True,1-3万,>10年
福特 福睿斯 2019款 1.5 自动 质享型 改款 国VI,1.39,2.2,1.7,2.11,False,差,5.83,True,1-3万,5-8年
别克 英朗三厢 2013款 1.6 自动 GT时尚型,0.7,0.88,0.56,0.96,True,差,10.42,True,<1万,>10年
腾势 腾势D9 2022款 1.5T 自动 DM-i 970 四驱旗舰型,18.66,19.18,15.99,18.39,False,差,2.17,True,10-20万,0-3年
丰田 雷凌 2021款 1.2T 自动 185T运动版,5.91,4.86,4.41,5.29,False,中,4.42,True,5-10万,3-5年
丰田 RAV4荣放 2020款 2.0L 自动 CVT两驱都市版,6.98,8.68,7.96,9.36,False,中,4.58,True,5-10万,3-5年
本田 CR-V 2010款 2.0 自动 Exi经典型四驱,2.14,2.12,1.9,2.32,True,中,13.42,True,1-3万,>10年
日产 奇骏 2014款 2.0 无级 XL 两驱舒适版,2.56,3.59,3.25,3.92,False,中,10.17,True,1-3万,>10年
海马 福美来三代 2012款 1.6 手动 风尚版,0.2,0.33,0.08,0.48,True,差,11.5,True,<1万,>10年
起亚 K4 2015款 1.8 手自一体 GLS Special,1.76,2.38,1.85,2.28,False,差,8.92,True,1-3万,8-10年
大众 朗逸 2015款 1.6 手自一体 舒适版,2.87,2.52,2.27,2.76,False,中,9.42,True,1-3万,8-10年
长城 C30 2016款 1.5 手动 舒适型,0.8,0.57,0.43,0.83,True,优,8.92,True,<1万,8-10年
大众 高尔夫 2023款 1.4T 自动 280TSI DSG R-Line L,12.05,9.79,10.23,11.03,False,优,2.75,True,10-20万,0-3年
现代 ix25 2015款 1.6 自动 GLS智能型前驱,2.59,2.63,2.37,2.88,True,中,10.42,True,1-3万,>10年
本田 凌派 2013款 1.8 自动 豪华版,2.79,2.39,2.15,2.62,False,中,10.75,True,1-3万,>10年
五菱汽车 五菱宏光V 2019款 1.5 手动 基本型封窗车L2B,1.02,1.85,1.4,1.84,False,差,5.42,True,1-3万,5-8年
别克 凯越 2015款 1.5 手动 经典型,1.01,1.01,0.86,1.16,True,中,9.08,True,1-3万,8-10年
大众 速腾 2010款 1.4T 自动 技术型,0.65,0.73,0.6,1.0,True,优,15.42,True,<1万,>10年
丰田 凯美瑞 2012款 骏瑞 2.0S 自动 耀动版,3.58,2.93,2.65,3.21,False,中,11.83,True,3-5万,>10年
奔驰 C级 2019款 1.5T 自动 C260L运动版 改款,14.95,11.94,11.04,12.81,False,中,6.0,True,10-20万,5-8年
长安 CS55 PLUS 2020款 1.5T 自动 炫色型,4.09,3.87,3.5,4.22,True,中,5.0,True,3-5万,3-5年
日产 轩逸 2016款 1.6 自动 XL尊享版,3.04,2.71,2.44,2.96,False,中,9.0,True,3-5万,8-10年
大众 朗逸三厢 2013款 1.6 自动 经典风尚版 改款,1.17,1.39,1.05,1.39,True,差,11.58,True,1-3万,>10年
奔驰 GLA级 2016款 1.6T 自动 GLA200动感型前驱,5.8,5.64,5.91,6.43,False,优,8.42,True,5-10万,8-10年
大众 宝来三厢 2019款 1.5L 自动 传奇时尚型 改款 国VI,4.0,3.64,3.82,4.17,True,优,5.0,True,3-5万,3-5年
大众 CC 2019款 2.0T 自动 380TSI曜颜版 国VI,9.06,8.7,7.99,9.39,True,中,5.75,True,5-10万,5-8年
大众 朗逸三厢 2013款 1.6 自动 经典舒适版 改款,1.8,1.52,1.34,1.7,False,中,11.42,True,1-3万,>10年
五菱汽车 宏光 2010款 1.2L 手动 标准型 国IV,0.35,0.42,0.22,0.62,True,中,12.5,True,<1万,>10年
宝骏 310 2017款 1.5 手动 时尚型,0.81,1.09,0.94,1.24,False,中,7.92,True,<1万,5-8年
本田 CR-V 2017款 1.5T 自动 240TURBO尊贵版四驱,8.5,7.63,7.98,8.64,True,优,7.58,True,5-10万,5-8年
宝马 5系 2017款 2.0T 自动 525Li豪华设计套装,7.32,8.75,7.09,8.32,True,差,8.83,True,5-10万,8-10年
福特 福克斯两厢 2012款 1.6 自动 风尚型,1.12,0.98,0.78,1.18,True,中,11.5,True,1-3万,>10年
现代 瑞纳三厢 2014款 1.4 手动 GS时尚型,0.46,0.85,0.65,1.05,False,中,10.58,True,<1万,>10年
大众 帕萨特 2011款 1.8T 自动 DSG尊荣版,1.82,1.76,1.33,1.75,False,差,12.33,True,1-3万,>10年
日产 天籁 2022款 2.0L XL-Upr 优享版,9.68,8.91,9.32,10.06,True,优,3.0,True,5-10万,0-3年
宝马 X1 2016款 2.0T 自动 20Li豪华型前驱,5.69,5.8,5.29,6.3,True,中,8.5,True,5-10万,8-10年
奇瑞 瑞虎5x 2020款 1.5 手动 豪华版,2.38,2.78,2.51,3.04,False,中,4.17,True,1-3万,3-5年
本田 锋范 2009款 1.8 手自一体 舒适版,0.7,0.96,0.64,1.04,True,差,13.5,True,<1万,>10年
海马 S5 2015款 1.5T 自动 旗舰型,0.51,0.66,0.46,0.86,True,中,10.25,True,<1万,>10年
大众 途观L 2017款 2.0TSI 双离合 380TSI 四驱豪华版,7.0,5.8,5.28,6.3,False,中,8.0,True,5-10万,5-8年
别克 君越 2018款 2.0T 自动 28T精英型,4.32,5.13,4.07,4.85,True,差,7.75,True,3-5万,5-8年
大众 途安 2011款 1.4T 自动 智雅版5座,1.19,1.29,1.14,1.44,True,中,14.08,True,1-3万,>10年
比亚迪 秦 2019款 1.5 自动 豪华型,1.73,1.99,1.75,2.23,False,中,5.5,True,1-3万,5-8年
奔驰 C级旅行车 2011款 1.8T 自动 C200时尚版 (进口),2.7,2.58,2.33,2.83,True,中,12.08,True,1-3万,>10年
大众 朗逸三厢 2013款 1.4T 自动 舒适版 改款,2.06,1.82,1.6,2.04,False,中,10.75,True,1-3万,>10年
奥迪 A6L 2020款 2.0T 自动 45TFSI臻选动感型四驱,23.6,20.12,20.99,22.46,False,优,5.08,True,>20万,5-8年
福特 福克斯三厢 2012款 1.6 自动 风尚型,0.61,0.82,0.62,1.02,False,中,12.75,True,<1万,>10年
奇瑞 瑞虎5 2014款 2.0 自动 家尊版,0.43,0.72,0.59,0.99,False,优,10.25,True,<1万,>10年
雪佛兰 科鲁兹三厢 2017款 1.5 自动 先锋天窗版,1.78,1.8,1.58,2.02,True,中,8.25,True,1-3万,8-10年
大众 速腾 2012款 1.6 手动 舒适型,1.35,1.52,1.34,1.7,True,中,13.0,True,1-3万,>10年
大众 帕萨特 2016款 2.0T 自动 380TSI至尊版,5.5,4.78,4.34,5.2,False,中,9.58,True,5-10万,8-10年
丰田 RAV4 2009款 2.0 自动 经典版,2.07,1.63,1.43,1.83,False,中,15.67,True,1-3万,>10年
东南 DX3 2016款 1.5T 自动 旗舰型,1.5,1.36,1.2,1.52,True,中,7.75,True,1-3万,5-8年
大众 桑塔纳 2013款 1.4 手动 风尚版,0.61,0.84,0.64,1.04,False,中,11.83,True,<1万,>10年
大众 速腾 2017款 1.4T 自动 230TSI舒适型,2.64,3.56,2.79,3.35,False,差,8.0,True,1-3万,5-8年
东南 DX7 2015款 1.5T 手动 精英型,0.61,0.94,0.62,1.02,False,差,8.92,True,<1万,8-10年
丰田 卡罗拉 2014款 1.6 无级 GL,2.65,2.8,2.52,3.06,True,中,9.92,True,1-3万,8-10年
雪佛兰 迈锐宝 2014款 1.6T 自动 舒适版,0.87,1.37,1.21,1.53,False,中,10.83,True,<1万,>10年
福特 福克斯-三厢 2012款 1.6 双离合 舒适型,0.35,0.74,0.54,0.94,False,中,13.0,True,<1万,>10年
宝马 5系 2014款 2.0T 自动 528Li领先型,8.81,7.89,7.23,8.52,False,中,8.67,True,5-10万,8-10年
雪佛兰 迈锐宝 2013款 1.6T 自动 舒适版,0.56,1.04,0.89,1.19,False,中,11.83,True,<1万,>10年
别克 君威 2013款 1.6T 手自一体 精英运动版,1.2,1.25,1.1,1.4,True,中,12.08,True,1-3万,>10年
日产 天籁 2015款 2.5 自动 XL-Upper欧冠科技版,2.48,3.64,2.86,3.43,False,差,10.33,True,1-3万,>10年
奔腾 B70 2016款 2.0 自动 豪华型,1.05,1.01,0.86,1.16,True,中,9.83,True,1-3万,8-10年
吉利 帝豪-三厢 2019款 1.5 无级 领军版 豪华型,1.01,1.78,1.57,1.99,False,中,6.67,True,1-3万,5-8年
福特 翼虎 2013款 2.0GTDi 手自一体 四驱运动型,2.23,2.14,1.92,2.35,True,中,10.75,True,1-3万,>10年
广汽传祺 传祺M8 2018款 2.0T 自动 320T尊贵版,7.41,7.84,7.18,8.47,True,中,6.42,True,5-10万,5-8年
吉利汽车 博越 2020款 1.8T 自动 智联PRO,2.88,4.07,3.69,4.44,False,中,4.67,True,1-3万,3-5年
腾势 腾势D9 2022款 1.5T 自动 DM-i 1040 尊贵型,22.45,22.11,23.06,24.7,False,优,1.75,True,>20万,0-3年
雷诺 科雷傲 2012款 2.5 自动 舒适导航型四驱 (进口),1.32,1.2,1.05,1.35,True,中,12.75,True,1-3万,>10年
大众 途观 2015款 1.8TSI 手自一体 两驱风尚版,2.94,3.39,3.06,3.7,False,中,8.92,True,1-3万,8-10年
大众 宝来三厢 2019款 1.5 手动 传奇时尚型 国VI,3.22,3.5,3.16,3.82,True,中,4.92,True,3-5万,3-5年
广汽传祺 传祺GS4 2015款 1.3T 自动 200T精英版,2.0,1.74,1.53,1.95,False,中,8.58,True,1-3万,8-10年
启辰 R50 2013款 1.6 手动 豪华版,0.65,0.75,0.55,0.95,True,中,11.08,True,<1万,>10年
大众 途观 2010款 1.8TSI 手自一体 四驱菁英版,1.3,1.29,1.13,1.45,True,中,14.92,True,1-3万,>10年
日产 骐达 2014款 1.6 自动 智能型,2.5,2.35,2.12,2.58,True,中,10.08,True,1-3万,>10年
日产 阳光 2015款 1.5 自动 XE舒适版,1.29,1.19,1.04,1.34,True,中,9.08,True,1-3万,8-10年
比亚迪 元新能源 2019款 EV535 智联领潮型,3.28,2.78,2.82,3.26,False,优,6.33,True,3-5万,5-8年
比亚迪 汉 2025款 EV 智驾版 701KM激光雷达旗舰型,15.45,12.54,13.09,14.07,False,优,0.67,True,10-20万,0-3年
比亚迪 e2 2019款 高续航版 创·尊贵型 纯电动,2.32,2.85,2.57,3.12,False,中,5.92,True,1-3万,5-8年
长安 逸动 2019款 1.4T 自动 280T蓝鲸版极速型,2.23,2.57,2.32,2.82,False,中,5.92,True,1-3万,5-8年
东南 DX7 2015款 1.5T 手自一体 豪华型,1.28,1.25,1.1,1.4,True,中,8.17,True,1-3万,8-10年
福特 翼虎 2013款 2.0T 自动 GTDi尊贵型四驱,2.64,1.93,1.7,2.16,False,中,10.75,True,1-3万,>10年
大众 途观 2012款 2.0T 自动 菁英版四驱,2.55,1.75,1.54,1.96,False,中,13.08,True,1-3万,>10年
标致 308 2014款 1.6 手动 乐享版风尚型,0.44,0.86,0.55,0.95,False,差,9.92,True,<1万,8-10年
日产 骊威 2013款 1.6 手动 XL劲锐版舒适型,1.44,1.29,1.14,1.44,True,中,11.5,True,1-3万,>10年
福特 福睿斯 2015款 1.5 自动 舒适型,1.46,1.25,0.94,1.24,False,差,8.83,True,1-3万,8-10年
吉利 远景SUV(X6) 2020款 1.4T 手动 尊贵型,2.5,2.17,1.96,2.38,False,中,4.58,True,1-3万,3-5年
日产 骐达 2008款 1.6 自动 智能型,1.1,0.81,0.61,1.01,False,中,15.42,True,1-3万,>10年
日产 骊威 2008款 1.6 自动 劲锐版 GX 标准型,0.75,0.73,0.53,0.93,True,中,16.0,True,<1万,>10年
日产 奇骏 2014款 2.0L 自动 CVT舒适版 2WD,3.01,3.63,3.28,3.96,False,中,10.92,True,3-5万,>10年
丰田 卡罗拉 2019款 1.2T 自动 S-CVT GL先锋版,4.7,4.63,4.2,5.04,True,中,5.33,True,3-5万,5-8年
比亚迪 海豹 2025款 650长续航版,12.95,9.46,9.89,10.67,False,优,0.83,True,10-20万,0-3年
大众 朗逸-两厢 2018款 1.2TSI 双离合 200TSI 舒适版,4.84,4.26,4.47,4.88,True,优,6.42,True,3-5万,5-8年
日产 骊威 2008款 1.6 自动 劲锐版 GX 智能型,0.51,0.75,0.45,0.85,True,差,15.42,True,<1万,>10年
大众 速腾 2014款 1.6 自动 舒适型 改款,1.91,2.04,1.84,2.24,True,中,11.25,True,1-3万,>10年
大众 速腾 2014款 1.4T 自动 蓝驱版 改款,3.45,2.61,2.35,2.86,False,中,10.42,True,3-5万,>10年
雪铁龙 C4世嘉 2018款 1.6 自动 舒适型,2.12,1.7,1.66,2.06,False,优,7.0,True,1-3万,5-8年
本田 杰德 2017款 1.5T 自动 210TURBO豪华版5座,5.12,4.68,4.25,5.1,False,中,8.42,True,5-10万,8-10年
丰田 RAV4荣放 2020款 2.0L 自动 CVT两驱风尚版,9.34,8.74,8.03,9.43,True,中,4.75,True,5-10万,3-5年
本田 思域 2009款 1.8 手动 EXi 舒适版,0.61,0.96,0.64,1.04,False,差,15.0,True,<1万,>10年
腾势 腾势Z9GT 2024款 1100四驱Max版,24.95,22.5,23.48,25.15,True,优,0.75,True,>20万,0-3年
奔驰 E级 2015款 2.0T 自动 E260L运动型,6.35,6.58,6.01,7.13,True,中,10.25,True,5-10万,>10年
大众 捷达 2013款 1.6 手动 时尚型,1.11,1.04,0.75,1.05,False,差,10.92,True,1-3万,>10年
大众 宝来 2016款 1.4TSI 双离合 230TSI 舒适型,3.2,2.65,2.38,2.9,False,中,8.67,True,3-5万,8-10年
本田 思域 2019款 1.5T 自动 220TURBO劲动版 国VI,5.85,5.81,5.3,6.31,True,中,5.33,True,5-10万,5-8年
丰田 凯美瑞 2015款 2.0 自动 G领先版,5.05,4.73,4.29,5.14,True,中,10.17,True,5-10万,>10年
宝马 X3 2023款 2.0T 自动 xDrive 30i 领先型 M曜夜套装,24.39,22.12,20.59,23.64,False,中,2.17,True,>20万,0-3年
丰田 凯美瑞 2010款 2.4 自动 240G豪华型,2.06,2.09,2.12,2.46,False,优,14.75,True,1-3万,>10年
长安欧尚 CX70 2016款 1.6 手动 智联型,2.25,1.25,1.1,1.4,False,中,7.08,True,1-3万,5-8年
宝马 X1 2020款 1.5T 自动 20Li时尚型前驱,7.22,9.25,9.67,10.44,False,优,5.33,True,5-10万,5-8年
长安 逸动XT 2016款 1.6 自动 俊酷型,1.46,1.11,0.96,1.26,False,中,7.42,True,1-3万,5-8年
起亚 K3 2016款 1.6 自动 GL,2.5,2.4,2.43,2.81,True,优,8.92,True,1-3万,8-10年
荣威 350 2013款 1.5 自动 S讯达版,0.31,0.41,0.25,0.65,True,优,12.0,True,<1万,>10年
日产 阳光 2011款 1.5 无级 XL 豪华版,0.8,0.67,0.47,0.87,True,中,14.5,True,<1万,>10年
日产 逍客 2012款 2.0 自动 XL火前驱,2.28,1.98,1.93,2.41,True,优,11.92,True,1-3万,>10年
Jeep 指南者(进口) 2013款 2.4 自动 豪华版四驱 (进口),1.8,1.65,1.45,1.85,True,中,11.67,True,1-3万,>10年
丰田 凯美瑞 2012款 2.5 自动 HV至尊版 混动,3.1,3.45,3.12,3.77,False,中,12.42,True,3-5万,>10年
丰田 雷凌 2017款 1.2T 无级 185T 新锐版(改款),3.2,3.35,3.03,3.66,True,中,8.0,True,3-5万,5-8年
比亚迪 S7 2015款 2.0TID 双离合 升级版尊贵型,1.0,0.98,0.78,1.18,True,中,10.08,True,<1万,>10年
别克 凯越 2013款 1.5 手自一体 经典版,0.99,0.67,0.47,0.87,False,中,11.25,True,<1万,>10年
别克 英朗三厢 2016款 1.5 自动 15N精英型,1.4,1.67,1.47,1.87,False,中,9.17,True,1-3万,8-10年
标致 3008 2015款 2.0 手动 经典版,1.03,1.33,1.17,1.49,False,中,9.92,True,1-3万,8-10年
标致 408 2014款 1.8 自动 豪华版,1.14,1.41,1.24,1.58,False,中,9.67,True,1-3万,8-10年
大众 帕萨特 2014款 2.0T 自动 御尊版,2.28,2.93,2.28,2.81,True,差,10.75,True,1-3万,>10年
丰田 卡罗拉 2011款 1.6 自动 GL,1.7,1.49,1.31,1.67,False,中,13.67,True,1-3万,>10年
大众 速腾 2012款 1.4T 手动 豪华型,1.86,1.95,1.72,2.18,True,中,12.25,True,1-3万,>10年
奔驰 GLA级 2016款 1.6T 自动 GLA200时尚型前驱,4.87,4.93,4.48,5.37,True,中,8.92,True,3-5万,8-10年
日产 轩逸经典 2012款 1.6 自动 XE 舒适版,1.21,1.96,1.73,2.19,False,中,9.58,True,1-3万,8-10年
现代 名图 2016款 1.8 自动 智能型GLS,2.61,2.77,2.5,3.03,True,中,8.92,True,1-3万,8-10年
福特 福克斯两厢 2011款 1.8 手动 经典型,0.34,0.38,0.22,0.62,True,优,13.75,True,<1万,>10年
吉利汽车 帝豪三厢 2018款 1.5 自动 向上互联版,1.74,1.43,1.26,1.6,False,中,7.33,True,1-3万,5-8年
别克 君威 2017款 1.5T 自动 20T精英型,4.45,4.26,4.47,4.87,False,优,6.92,True,3-5万,5-8年
奔腾 X80 2013款 2.0 手自一体 舒适型,0.44,0.82,0.62,1.02,False,中,10.92,True,<1万,>10年
丰田 花冠EX 2013款 1.6 自动 卓越版,1.85,1.69,1.49,1.89,True,中,12.58,True,1-3万,>10年
本田 CR-V 2012款 2.4 自动 VTi尊贵导航型四驱,3.5,3.74,3.38,4.08,True,中,13.25,True,3-5万,>10年
丰田 卡罗拉 2011款 1.6 自动 GL,2.3,2.01,1.81,2.21,False,中,11.67,True,1-3万,>10年
日产 颐达 2008款 1.6 手动 J 时尚型,0.5,0.51,0.31,0.71,True,中,16.92,True,<1万,>10年
本田 第八代雅阁 2010款 2.0 自动 EX 标准版,1.43,1.54,1.17,1.53,True,差,14.92,True,1-3万,>10年
丰田 卡罗拉 2016款 1.8 自动 精英版双擎 混动,3.87,3.61,3.26,3.94,True,中,9.08,True,3-5万,8-10年
本田 雅阁 2006款 2.0 自动 舒适型,0.32,0.57,0.43,0.83,False,优,18.92,True,<1万,>10年
丰田 卡罗拉 2017款 1.2T 自动 GL-i,2.82,3.32,3.0,3.63,False,中,8.42,True,1-3万,8-10年
比亚迪 海豚 2023款 420km 时尚版,5.65,5.2,5.46,5.94,True,优,2.0,True,5-10万,0-3年
大众 宝来 2017款 1.6 手自一体 舒适型,3.0,3.04,2.74,3.32,True,中,7.67,True,1-3万,5-8年
大众 朗逸 2017款 1.6 手自一体 风尚版,3.2,3.37,3.04,3.68,True,中,6.5,True,3-5万,5-8年
猎豹汽车 CS10 2017款 1.5T 自动 精英型,0.8,0.87,0.67,1.07,True,中,7.58,True,<1万,5-8年
丰田 威驰 2005款 1.3 手动 GL,0.27,0.35,0.15,0.55,True,中,18.92,True,<1万,>10年
奥迪 A3两厢五门版 2012款 1.4T 自动 技术版 (进口),2.29,2.48,2.24,2.72,True,中,12.5,True,1-3万,>10年
现代 途胜 2015款 1.6T 自动 智能型前驱,3.53,3.18,2.48,2.99,False,差,8.33,True,3-5万,8-10年
现代 名图 2014款 1.8 自动 智能型,2.4,2.26,1.75,2.16,False,差,9.67,True,1-3万,8-10年
别克 英朗GT 2013款 1.6 手自一体 时尚版,0.67,0.73,0.43,0.83,True,差,12.17,True,<1万,>10年
日产 骊威 2013款 1.6 手动 XL劲锐版舒适型,2.29,1.62,1.43,1.81,False,中,10.5,True,1-3万,>10年
奔驰 GLC级 2016款 2.0T 自动 GLC260动感型,10.25,10.16,9.36,10.93,True,中,9.42,True,10-20万,8-10年
大众 宝来三厢 2014款 1.6 自动 时尚型,1.51,1.74,1.53,1.95,False,中,10.92,True,1-3万,>10年
哈弗 H6 2013款 1.5T 手动 两驱升级版精英型,0.6,0.63,0.43,0.83,True,中,11.83,True,<1万,>10年
大众 途观 2016款 1.8TSI 手自一体 300TSI 四驱豪华版,4.53,4.11,3.72,4.48,False,中,8.5,True,3-5万,8-10年
本田 凌派 2013款 1.8 自动 舒适版,2.15,2.28,2.05,2.5,True,中,10.75,True,1-3万,>10年
雪佛兰 科帕奇 2017款 2.4 自动 旗舰版7座四驱,3.02,2.42,2.18,2.65,False,中,7.17,True,3-5万,5-8年
大众 途观 2016款 1.8T 自动 300TSI豪华版四驱,4.06,3.9,3.53,4.25,True,中,9.0,True,3-5万,8-10年
哈弗 哈弗M6 2019款 1.5T 自动 超值版前驱 国VI,3.32,3.13,3.28,3.6,True,优,4.25,True,3-5万,3-5年
福特 嘉年华-两厢 2014款 1.0GTDi 双离合 劲动型,1.18,1.11,0.96,1.26,True,中,10.92,True,1-3万,>10年
本田 第八代雅阁 2010款 2.0 自动 EX 标准版,1.53,1.66,1.46,1.86,True,中,14.75,True,1-3万,>10年
本田 思域 2016款 1.5T 自动 220TURBO豪华版,3.97,4.29,3.38,4.05,True,差,9.42,True,3-5万,8-10年
宝马 X1 2013款 2.0T 自动 20i X设计套装四驱,2.62,2.69,2.42,2.94,True,中,11.75,True,1-3万,>10年
比亚迪 元EV360 2018款 智联创酷型,2.12,2.09,1.88,2.3,True,中,6.92,True,1-3万,5-8年
本田 思域 2019款 1.5T 无级 220TURBO 劲动版,5.05,5.71,5.2,6.2,False,中,5.58,True,5-10万,5-8年
大众 速腾 2012款 1.6 手动 时尚版,1.65,1.51,1.33,1.69,True,中,12.58,True,1-3万,>10年
菲亚特 菲翔 2012款 1.4T 自动 悦享版,0.68,0.58,0.38,0.78,True,中,12.33,True,<1万,>10年
福特 福克斯-三厢 2011款 1.8 手自一体 时尚型,0.59,0.46,0.26,0.66,True,中,13.33,True,<1万,>10年
日产 轩逸 2014款 1.6 无级 XV 尊享版,1.7,2.12,1.64,2.03,True,差,9.67,True,1-3万,8-10年
起亚 K2三厢 2011款 1.4 手动 GLS,0.26,0.61,0.47,0.87,False,优,13.42,True,<1万,>10年
本田 第八代雅阁 2013款 2.0 自动 PE,1.8,2.63,2.04,2.52,False,差,11.83,True,1-3万,>10年
大众 速腾 2020款 1.4T 自动 280TSI舒适型 国VI,6.38,6.14,6.43,6.99,False,优,5.0,True,5-10万,3-5年
沃尔沃 S60 2011款 2.0T 双离合 智尚版,1.63,1.56,1.37,1.75,True,中,13.75,True,1-3万,>10年
雪佛兰 科鲁兹三厢 2013款 1.6 手动 SE,0.5,0.4,0.2,0.6,True,中,12.67,True,<1万,>10年
别克 君越 2013款 2.4 SIDI 手自一体 精英舒适型,1.1,1.96,1.48,1.96,False,差,11.42,True,1-3万,>10年
本田 第八代雅阁 2011款 2.0 自动 EX,2.45,1.98,1.49,1.97,False,差,13.75,True,1-3万,>10年
宝马 5系 2013款 2.0T 自动 525Li豪华型,4.38,4.41,4.0,4.8,True,中,12.42,True,3-5万,>10年
五菱 宏光S 2014款 1.5 手动 舒适型7-8座,0.5,0.63,0.35,0.75,True,差,10.75,True,<1万,>10年
本田 凌派 2020款 1.5 自动 锐·豪华版 混动,4.76,3.78,3.42,4.13,False,中,5.17,True,3-5万,5-8年
丰田 汉兰达 2018款 2.0T 自动 豪华版7座四驱,11.32,12.13,11.22,13.01,True,中,7.33,True,10-20万,5-8年
奥迪 Q5 2011款 2.0T 自动 TFSI舒适型,2.52,2.63,2.37,2.88,True,中,14.42,True,1-3万,>10年
日产 奇骏 2017款 2.0 自动 舒适版前驱,5.16,5.64,5.91,6.43,False,优,7.67,True,5-10万,5-8年
标致 508 2012款 2.0 自动 智享版,1.11,1.18,1.03,1.33,True,中,10.5,True,1-3万,>10年
别克 昂科威Plus 2016款 1.5T 自动 20T领先型前驱,3.2,3.29,2.97,3.59,True,中,8.92,True,3-5万,8-10年
哈弗 哈弗H2 2016款 红标 1.5T 自动 两驱豪华型,1.08,1.35,1.02,1.34,True,差,9.42,True,1-3万,8-10年
丰田 卡罗拉 2017款 改款 1.6L 自动 S-CVT GL,3.7,3.38,3.06,3.7,True,中,7.42,True,3-5万,5-8年
别克 GL8 2011款 2.4 自动 LT豪华商务行政型,2.35,1.77,1.56,1.98,False,中,13.92,True,1-3万,>10年
岚图 追光 2023款 标准版,12.8,12.27,12.81,13.77,False,优,1.42,True,10-20万,0-3年
奥迪 A4L 2015款 2.0T 自动 35TFSI舒适型,5.6,4.89,4.44,5.31,False,中,10.83,True,5-10万,>10年
本田 思域 2016款 1.0T 自动 180TURBO舒适版,3.92,5.02,4.56,5.46,False,中,7.08,True,3-5万,5-8年
丰田 卡罗拉 2021款 1.2T 自动 S-CVT先锋PLUS版,4.62,5.06,4.6,5.5,True,中,4.25,True,3-5万,3-5年
大众 宝来三厢 2016款 1.6 手动 时尚型,2.83,2.41,2.17,2.64,False,中,8.08,True,1-3万,8-10年
日产 轩逸 2009款 1.6 自动 XL 豪华天窗版,0.9,0.92,0.72,1.12,True,中,15.33,True,<1万,>10年
广汽传祺 影豹 2021款 270T 自动 J15版,5.63,7.02,6.42,7.6,False,中,3.33,True,5-10万,3-5年
宝骏 560 2015款 1.8 手动 精英型,0.99,0.87,0.67,1.07,True,中,8.75,True,<1万,8-10年
丰田 威驰 2016款 1.5 自动 智臻星耀版,2.01,1.97,1.92,2.4,True,优,9.83,True,1-3万,8-10年
雪佛兰 科鲁兹 2013款 1.6 手动 SE,0.3,0.47,0.21,0.61,True,差,11.08,True,<1万,>10年
福特 蒙迪欧 2011款 2.3 自动 致胜时尚型,0.51,0.87,0.56,0.96,False,差,12.25,True,<1万,>10年
本田 思域 2014款 1.8 自动 经典版Lxi,3.65,3.11,3.27,3.58,False,优,9.25,True,3-5万,8-10年
长安 逸动 2015款 1.6 手动 尊贵型 国IV,0.57,0.59,0.39,0.79,True,中,10.33,True,<1万,>10年
奔驰 C级 2013款 1.8T 自动 C260时尚型CGI,2.23,2.76,2.49,3.02,False,中,12.92,True,1-3万,>10年
别克 英朗XT 2013款 1.6 手自一体 时尚版,0.3,0.71,0.42,0.82,False,差,11.42,True,<1万,>10年
雪佛兰 科鲁兹三厢 2013款 1.8 自动 SX,0.85,0.74,0.54,0.94,True,中,10.83,True,<1万,>10年
日产 逍客 2012款 2.0 自动 XV雷前驱,2.32,1.97,1.92,2.4,True,优,11.08,True,1-3万,>10年
大众 速腾 2011款 1.6 手动 舒适版,0.45,0.91,0.71,1.11,False,中,14.25,True,<1万,>10年
比亚迪 宋MAX新能源 2019款 1.5T 自动 DM智联致享型7座 国V 混,3.74,3.11,2.81,3.4,False,中,6.92,True,3-5万,5-8年
雪佛兰 科鲁兹三厢 2018款 1.5 自动 Redline320炫锋都市版,2.28,2.45,2.2,2.68,True,中,5.75,True,1-3万,5-8年
宝马 X1 2013款 2.0 自动 18i时尚型后驱,2.03,2.25,1.74,2.15,True,差,11.67,True,1-3万,>10年
现代 名图 2017款 1.8 手自一体 GLS 智能型,3.11,3.15,2.46,2.96,False,差,7.58,True,3-5万,5-8年
大众 途观 2012款 2.0T 自动 旗舰版四驱,2.74,2.5,2.25,2.74,True,中,11.83,True,1-3万,>10年
福特 福克斯-三厢 2018款 1.6 双离合 舒适型智行版,1.25,2.19,1.97,2.4,False,中,7.83,True,1-3万,5-8年
丰田 凯美瑞 2010款 2.4 手自一体 240G 豪华版,1.52,2.02,1.56,1.93,False,差,14.08,True,1-3万,>10年
丰田 威驰 2016款 1.5 自动 智臻星耀版,2.61,2.16,1.94,2.37,False,中,9.08,True,1-3万,8-10年
现代 ix35 2018款 2.0 自动 智勇畅享版前驱,4.08,3.64,3.29,3.97,False,中,7.83,True,3-5万,5-8年
别克 英朗三厢 2017款 1.5 自动 15N精英型,1.4,2.03,1.82,2.23,False,中,8.08,True,1-3万,8-10年
本田 雅阁 2013款 2.0 自动 SE,2.5,2.62,2.36,2.87,True,中,12.42,True,1-3万,>10年
本田 雅阁 2015款 2.0 自动 舒适版LX,4.42,4.52,4.1,4.92,True,中,10.25,True,3-5万,>10年
本田 雅阁 2018款 1.5T 自动 260TURBO尊贵版 国VI,7.9,8.28,7.59,8.94,True,中,5.17,True,5-10万,5-8年
本田 CR-V 2012款 2.0 自动 Lxi都市型前驱,3.08,3.5,3.16,3.82,False,中,10.75,True,3-5万,>10年
雪佛兰 科鲁兹三厢 2011款 1.6 自动 SE,0.53,0.61,0.41,0.81,True,中,11.42,True,<1万,>10年
起亚 K2三厢 2015款 1.4 手动 GLS,1.14,1.49,1.31,1.67,False,中,8.83,True,1-3万,8-10年
本田 CR-V 2010款 2.4 自动 VTi豪华型四驱,2.51,2.7,2.1,2.6,True,差,13.5,True,1-3万,>10年
大众 朗逸三厢 2015款 1.6 自动 舒适版,2.3,2.46,2.21,2.69,True,中,9.25,True,1-3万,8-10年
丰田 RAV4荣放 2019款 2.0L 自动 CVT两驱风尚版 国VI,7.12,6.98,6.38,7.55,True,中,6.17,True,5-10万,5-8年
大众 途观 2012款 1.8T 自动 菁英版前驱,1.73,1.65,1.45,1.85,True,中,13.83,True,1-3万,>10年
三菱 欧蓝德 2018款 2.0 自动 荣耀版前驱,4.7,4.93,5.17,5.63,False,优,6.75,True,3-5万,5-8年
别克 英朗三厢 2013款 1.6 自动 GT时尚型,0.41,0.72,0.52,0.92,False,中,11.33,True,<1万,>10年
现代 菲斯塔 2021款280TGDi DLX自动豪华版,5.48,4.78,4.34,5.2,False,中,3.67,True,5-10万,3-5年
日产 轩逸 2019款 1.6 自动 经典XE舒适版,2.77,3.44,2.69,3.24,True,差,5.92,True,1-3万,5-8年
马自达 马自达6 2011款 2.0 手自一体 时尚版,1.13,1.03,0.88,1.18,True,中,12.5,True,1-3万,>10年
猎豹汽车 CS10 2017款 1.5T 手动 精英型,0.53,0.96,0.85,1.25,False,优,7.0,True,<1万,5-8年
大众 帕萨特 2011款 2.0T 自动 御尊版,2.45,2.09,1.88,2.29,False,中,13.42,True,1-3万,>10年
日产 轩逸 2012款 1.6 无级 XE 舒适版,1.11,1.12,0.97,1.27,True,中,13.08,True,1-3万,>10年
大众 POLO两厢 2018款 1.5 自动 安驾型,3.3,3.34,3.51,3.84,False,优,6.33,True,3-5万,5-8年
大众 速腾 2014款 1.4T 自动 豪华型,1.36,2.15,1.67,2.06,False,差,11.17,True,1-3万,>10年
起亚 K3 2013款 1.6 手动 GL,0.71,0.94,0.74,1.14,False,中,12.33,True,<1万,>10年
北汽幻速 S3 2016款 S3L 1.5L 手动 尊贵型,0.98,0.7,0.5,0.9,False,中,6.92,True,<1万,5-8年
吉利汽车 帝豪GS 2018款 1.8 手动 优雅版领尚型,2.13,2.26,2.03,2.48,True,中,6.5,True,1-3万,5-8年
别克 凯越 2013款 1.5 自动 经典型,0.6,0.61,0.41,0.81,True,中,12.17,True,<1万,>10年
海马 福美来四代 2015款 1.6 手动 风尚型,0.4,0.43,0.17,0.57,True,差,9.92,True,<1万,8-10年
本田 第八代雅阁 2010款 2.0 自动 EX 标准版,1.25,1.53,1.16,1.52,True,差,14.92,True,1-3万,>10年
福特 翼虎（进口） 2005款 3.0 自动 四驱 (进口),0.44,0.62,0.49,0.89,False,优,19.83,True,<1万,>10年
标致 408 2014款 1.8 手自一体 豪华版,1.01,1.17,1.02,1.32,False,中,11.08,True,1-3万,>10年
本田 锋范 2018款 1.5 自动 舒适版,3.46,2.89,2.61,3.16,False,中,6.17,True,3-5万,5-8年
大众 桑塔纳 2015款 1.6 自动 风尚版,1.5,1.45,1.1,1.44,False,差,10.5,True,1-3万,>10年
比亚迪 唐新能源 2021款 1.5T 自动 DM-i 112KM 尊贵型,7.07,7.6,7.96,8.62,False,优,3.5,True,5-10万,3-5年
福特 蒙迪欧 2011款 2.0T 自动 GTDi200致胜豪华型,1.2,0.8,0.6,1.0,False,中,13.17,True,1-3万,>10年
福特 嘉年华两厢 2013款 1.5 手动 时尚型,0.63,0.79,0.48,0.88,True,差,11.0,True,<1万,>10年
本田 CR-V 2010款 2.0 手动 LXi 都市版,1.43,1.73,1.52,1.94,False,中,14.83,True,1-3万,>10年
丰田 RAV4 2013款 2.5 手自一体 四驱精英版,3.58,4.15,3.76,4.52,False,中,10.92,True,3-5万,>10年
大众 POLO两厢 2019款 1.5 自动 Plus炫彩科技版,4.73,4.25,3.85,4.63,False,中,4.58,True,3-5万,3-5年
荣威 荣威i5 2020款 1.5 自动 4G互联领豪旗舰版,2.1,2.11,1.89,2.31,True,中,5.25,True,1-3万,5-8年
丰田 凯美瑞 2010款 2.4 自动 240G豪华型,1.85,2.18,1.96,2.39,False,中,14.5,True,1-3万,>10年
雪佛兰 科鲁泽 2022款 1.5L 自动 320 自动悦享天窗版,3.41,3.4,3.07,3.71,True,中,3.33,True,3-5万,3-5年
丰田 威驰 2014款 1.3 手动 超值版,1.02,1.22,0.92,1.22,True,差,10.0,True,1-3万,8-10年
别克 君威 2009款 2.0 自动 精英型,0.49,0.6,0.46,0.86,True,优,14.0,True,<1万,>10年
荣威 RX5 2018款 1.5T 自动 20T旗舰版前驱,2.01,2.31,2.08,2.53,False,中,7.0,True,1-3万,5-8年
福特 蒙迪欧 2013款 1.5T 自动 GTDi180时尚型,2.24,2.56,2.31,2.81,False,中,10.25,True,1-3万,>10年
福特 蒙迪欧 2013款 1.5T 自动 GTDi180时尚型,2.29,2.64,2.38,2.9,False,中,9.67,True,1-3万,8-10年
欧拉 黑猫 2019款 301km标准版,2.41,1.91,1.68,2.14,False,中,5.42,True,1-3万,5-8年
马自达 马自达6 2013款 2.0 手自一体 时尚版,1.35,1.44,1.27,1.61,True,中,11.25,True,1-3万,>10年
现代 第八代索纳塔 2011款 2.0 手自一体 GLX 豪华型,0.95,1.06,0.91,1.21,True,中,13.0,True,<1万,>10年
哈弗 哈弗H2 2016款 红标 1.5T 手动 两驱豪华型,0.78,1.28,0.96,1.26,False,差,9.08,True,<1万,8-10年
别克 威朗三厢 2015款 1.5T 自动 20T精英型,2.15,1.98,1.74,2.22,True,中,9.5,True,1-3万,8-10年
东风风光 风光580 2018款 1.5T 手动 豪华型 改款,1.67,1.58,1.39,1.77,True,中,6.08,True,1-3万,5-8年
日产 轩逸 2012款 1.6 无级 XE 舒适版,1.5,1.11,0.82,1.12,False,差,12.67,True,1-3万,>10年
福特 福克斯两厢 2018款 1.6 手动 舒适型智行版,2.4,2.84,2.87,3.33,False,优,6.17,True,1-3万,5-8年
东南 DX7 2015款 1.5T 自动 豪华型,1.05,0.98,0.78,1.18,True,中,9.17,True,1-3万,8-10年
吉利汽车 帝豪三厢 2016款 1.5 自动 向上版,0.58,0.74,0.44,0.84,True,差,8.5,True,<1万,8-10年
大众 朗逸 2013款 1.6 手自一体 舒适版(改款),1.26,1.53,1.35,1.71,False,中,12.25,True,1-3万,>10年
荣威 RX5 2020款 1.5T 手动 20T 4G互联超越旗舰版,2.2,2.8,2.52,3.06,False,中,5.5,True,1-3万,5-8年
雪佛兰 科鲁兹 2013款 1.6 手自一体 SL 天地版,0.59,0.71,0.51,0.91,True,中,10.58,True,<1万,>10年
宝马 5系新能源 2021款 535Le M运动套装,16.56,19.21,20.04,21.44,False,优,4.75,True,10-20万,3-5年
丰田 汉兰达 2012款 2.7 自动 豪华版7座前驱,4.36,4.11,3.73,4.48,True,中,12.5,True,3-5万,>10年
大众 速腾 2007款 1.6 手自一体 时尚版,0.38,0.58,0.38,0.78,True,中,16.42,True,<1万,>10年
奥迪 A6L 2019款 2.0T 自动 40TFSI豪华致雅型,16.3,16.45,13.68,15.76,False,差,5.33,True,10-20万,5-8年
雪佛兰 创酷 2014款 1.4T 自动 豪华型前驱,1.42,1.29,1.13,1.45,True,中,9.58,True,1-3万,8-10年
长安 CS75 2014款 2.0 手动 豪华型,1.1,1.21,1.06,1.36,True,中,9.17,True,1-3万,8-10年
大众 朗逸三厢 2013款 1.6 自动 经典风尚版 改款,2.63,2.09,1.88,2.29,False,中,9.83,True,1-3万,8-10年
雪铁龙 爱丽舍三厢 2013款 1.6 手动 科技型,0.4,0.42,0.27,0.67,True,优,11.92,True,<1万,>10年
三菱 劲炫ASX 2013款 2.0 自动 精英版前驱,1.64,1.7,1.5,1.9,True,中,11.08,True,1-3万,>10年
本田 锋范 2015款 1.5 无级 舒适版,2.21,2.23,2.01,2.45,True,中,7.83,True,1-3万,5-8年
丰田 威驰 2017款 1.5 无级 创行版,2.59,2.57,1.99,2.46,False,差,6.92,True,1-3万,5-8年
雪铁龙 爱丽舍三厢 2017款 1.6 手动 舒适型,0.87,0.99,0.79,1.19,True,中,7.92,True,<1万,5-8年
比亚迪 海鸥 2023款 自由版,4.06,4.15,3.76,4.52,True,中,1.5,True,3-5万,0-3年
日产 颐达 2009款 1.6 自动 JE 科技版,0.91,0.68,0.48,0.88,False,中,14.42,True,<1万,>10年
丰田 亚洲龙 2022款 双擎 2.5L 自动 豪华版,12.73,11.25,10.39,12.09,False,中,3.17,True,10-20万,3-5年
丰田 皇冠 2007款 2.5 自动 Royal 特别版,3.72,2.92,2.63,3.19,False,中,16.92,True,3-5万,>10年
现代 伊兰特三厢 2011款 1.6 手动 舒适型GL,0.36,0.38,0.21,0.61,True,优,14.58,True,<1万,>10年
大众 POLO 2016款 1.4 手动 风尚型,1.63,2.24,2.01,2.45,False,中,7.67,True,1-3万,5-8年
别克 GL8 2023款 ES陆尊 2.0T 自动 尊享型,14.31,13.87,11.47,13.26,False,差,2.08,True,10-20万,0-3年
本田 缤智 2016款 1.8 无级 两驱先锋型,4.42,4.15,3.76,4.52,True,中,8.92,True,3-5万,8-10年
吉利汽车 博越 2024款 1.5TD 自动 智尊版,8.0,6.18,6.47,7.03,False,优,1.25,True,5-10万,0-3年
别克 昂科威Plus 2020款 1.5T 自动 20T精英型前驱,6.32,6.63,6.94,7.53,False,优,4.92,True,5-10万,3-5年
大众 帕萨特 2022款 330TSI 自动 星空豪华版,9.1,9.04,8.3,9.74,True,中,3.75,True,5-10万,3-5年
宝马 5系（进口） 2020款 2.0T 自动 525i M运动套装 (进口),17.66,18.04,16.79,19.27,True,中,4.92,True,10-20万,3-5年
东风风行 景逸X3 2015款 1.5 手动 舒适型,0.36,0.44,0.29,0.69,True,优,10.17,True,<1万,>10年
吉利汽车 远景X6 2019款 1.4T 自动 4G互联旗舰型 国V,2.62,2.01,1.81,2.21,False,中,5.92,True,1-3万,5-8年
长安 CS75 2014款 1.8T 自动 尊贵型前驱 国IV,1.46,1.46,1.28,1.64,True,中,10.42,True,1-3万,>10年
大众 帕萨特 2022款 2.0T 自动 330TSI 星空精英版,10.85,10.21,9.4,10.98,True,中,3.17,True,10-20万,3-5年
日产 逍客 2017款 2.0L 自动 CVT智享版 国V,4.02,4.65,4.22,5.06,False,中,7.17,True,3-5万,5-8年
别克 凯越 2013款 1.5 手动 尊享版,0.5,0.46,0.26,0.66,True,中,11.75,True,<1万,>10年
日产 轩逸 2012款 1.6 自动 XE舒适版经典款,1.14,1.55,1.17,1.55,False,差,10.33,True,1-3万,>10年
东南 DX3 2018款 1.5 手动 豪华型,1.0,1.14,0.99,1.29,True,中,7.75,True,<1万,5-8年
三菱 劲炫ASX 2020款 2.0 自动 智领版,4.22,3.37,3.05,3.69,False,中,4.67,True,3-5万,3-5年
丰田 RAV4荣放 2011款 2.0L 自动 经典版,3.08,2.73,2.46,2.99,False,中,12.67,True,3-5万,>10年
日产 阳光 2011款 1.5 手动 XE 舒适版,0.32,0.57,0.3,0.7,True,差,14.08,True,<1万,>10年
标致 308 2013款 1.6 自动 优尚型,0.56,0.56,0.36,0.76,True,中,11.75,True,<1万,>10年
别克 GL8 2012款 2.4 自动 BASE舒适版,0.97,2.2,2.23,2.59,False,优,11.83,True,<1万,>10年
沃尔沃 XC60 2019款 2.0T 自动 T5智逸版四驱 国V,9.21,9.37,8.62,10.1,True,中,6.92,True,5-10万,5-8年
腾势 腾势Z9GT 2024款 1100四驱Max版,24.19,22.6,23.59,25.26,True,优,0.75,True,>20万,0-3年
日产 骐达 2008款 1.6 自动 豪华型,1.0,0.74,0.54,0.94,False,中,16.83,True,<1万,>10年
大众 高尔夫7 2020款 1.4TSI 双离合 280TSI 挚爱版 舒适型,6.35,6.33,5.78,6.87,True,中,4.58,True,5-10万,3-5年
丰田 RAV4荣放 2018款 2.0 无级 两驱风尚X版,7.44,7.03,6.43,7.61,True,中,6.42,True,5-10万,5-8年
奥迪 A3两厢 2018款 1.4T 自动 30周年年型35TFSI进取型,5.25,5.37,4.88,5.83,True,中,7.83,True,5-10万,5-8年
丰田 卡罗拉 2007款 1.6 自动 GL,0.65,0.78,0.48,0.88,True,差,16.5,True,<1万,>10年
本田 XR-V 2017款 1.5 自动 LXi经典版,4.5,4.01,3.63,4.37,False,中,7.92,True,3-5万,5-8年
日产 轩逸 2012款 1.6 无级 XE 舒适版,1.3,1.21,0.91,1.21,False,差,11.75,True,1-3万,>10年
传祺 GS4 2015款 1.3T 双离合 200T 精英版,1.15,1.45,1.28,1.62,False,中,9.92,True,1-3万,8-10年
腾势 腾势D9 2024款 1.5T 自动 DM-i 980 四驱旗舰型,27.01,23.16,21.55,24.76,False,中,1.08,True,>20万,0-3年
雪佛兰 创酷 2019款 1.3T 自动 335T Redline潮版 国VI,3.7,2.78,2.51,3.04,False,中,4.42,True,3-5万,3-5年
雪佛兰 赛欧3 2015款 1.3 序列变速 理想版,0.83,0.75,0.55,0.95,True,中,9.17,True,<1万,8-10年
比亚迪 宋 2017款 1.5T 手动 盖世升级版精英型,1.14,1.82,1.6,2.04,False,中,7.33,True,1-3万,5-8年
宝马 3系 2013款 2.0T 自动 320Li时尚型,4.4,3.69,3.34,4.03,False,中,12.0,True,3-5万,>10年
现代 胜达 2013款 2.4 自动 智能型四驱,2.44,2.08,1.87,2.29,False,中,11.75,True,1-3万,>10年
别克 君威 2015款 1.6T 自动 领先技术型,2.8,2.34,2.11,2.57,False,中,8.42,True,1-3万,8-10年
东风风光 风光580 2016款 1.5T 自动 豪华型,0.76,1.12,1.07,1.37,False,优,8.25,True,<1万,8-10年
丰田 锐志 2013款 2.5 自动 S菁锐版,4.69,5.25,4.77,5.7,False,中,9.83,True,3-5万,8-10年
大众 迈腾 2012款 1.8T 自动 领先型 改款,2.55,2.52,2.27,2.76,True,中,12.5,True,1-3万,>10年
起亚 智跑 2014款 2.0 自动 DLX前驱,1.2,1.67,1.26,1.66,False,差,11.5,True,1-3万,>10年
雪佛兰 科鲁泽 2021款 1.5 自动 320 悦享天窗版,3.58,3.29,2.97,3.6,True,中,3.42,True,3-5万,3-5年
日产 天籁 2013款 2.5 自动 XL领先版,6.06,4.16,3.76,4.53,False,中,8.75,True,5-10万,8-10年
奔腾 X80 2016款 2.0 自动 舒适型,1.21,1.13,0.98,1.28,True,中,9.0,True,1-3万,8-10年
五菱汽车 宏光 2010款 1.4L 手动 豪华型,0.73,0.38,0.22,0.62,False,优,11.75,True,<1万,>10年
大众 途观 2013款 2.0TSI 手自一体 四驱豪华版,3.8,2.83,2.56,3.1,False,中,10.83,True,3-5万,>10年
别克 GL8 2014款 2.4 自动 CT豪华商务舒适版,4.39,3.73,3.37,4.07,False,中,9.08,True,3-5万,8-10年
奔腾 X80 2013款 2.0 自动 舒适型,0.6,0.74,0.45,0.85,True,差,11.42,True,<1万,>10年
比亚迪 F3 2013款 1.5 手动 舒适型节能版,0.62,0.57,0.37,0.77,True,中,8.25,True,<1万,8-10年
长城 哈弗M4 2012款 1.5 手动 两驱舒适版,0.51,0.46,0.26,0.66,True,中,11.67,True,<1万,>10年
比亚迪 宋MAX 2021款 1.5T 自动 升级版尊贵型7座,3.07,3.66,2.87,3.45,True,差,4.67,True,3-5万,3-5年
奥迪 A6L 2016款 1.8T 自动 TFSI技术型,7.82,9.32,8.57,10.04,False,中,9.42,True,5-10万,8-10年
斯柯达 晶锐 2017款 1.4 自动 车享版,2.18,2.08,2.1,2.44,True,优,7.83,True,1-3万,5-8年
起亚 狮跑 2013款 2.0 手动 GL前驱,1.84,1.51,1.33,1.69,False,中,9.0,True,1-3万,8-10年
奥迪 A6L 2016款 1.8T 自动 TFSI技术型,8.17,9.61,8.85,10.35,False,中,8.75,True,5-10万,8-10年
宝骏 730 2017款 1.5T 手动 致尚型,1.73,1.75,1.54,1.96,True,中,8.58,True,1-3万,8-10年
福特 锐界 2018款 2.0T 自动 245豪锐型7座前驱,5.7,6.57,6.0,7.12,False,中,7.17,True,5-10万,5-8年
哪吒汽车 哪吒V 2021款 自动 标准续航 娱乐版 升级型,2.14,2.52,2.27,2.76,False,中,3.83,True,1-3万,3-5年
哈弗 哈弗H1 2016款 1.5 手动 蓝标豪华型,0.48,0.92,0.72,1.12,False,中,9.5,True,<1万,8-10年
大众 速腾 2014款 1.6 自动 舒适型,1.86,1.91,1.44,1.9,True,差,11.42,True,1-3万,>10年
大众 速腾 2012款 1.6 手动 舒适型,1.15,1.57,1.38,1.76,False,中,11.5,True,1-3万,>10年
大众 途观 2010款 1.8T 自动 风尚版前驱,1.44,1.44,1.27,1.61,True,中,14.08,True,1-3万,>10年
现代 名图 2014款 1.8 自动 智能型,2.72,2.21,2.24,2.6,False,优,10.75,True,1-3万,>10年
大众 高尔夫7 2018款 1.4TSI 双离合 230TSI 豪华型,5.5,5.01,4.55,5.45,False,中,7.17,True,5-10万,5-8年
大众 捷达 2015款 1.6 自动 舒适型,1.4,1.21,1.06,1.36,False,中,10.75,True,1-3万,>10年
奥迪 Q5 2013款 2.0TFSI 手自一体 40TFSI Quattro ,4.2,4.64,4.21,5.05,False,中,11.58,True,3-5万,>10年
起亚 K3 2015款 1.6 手动 GLS,0.96,1.43,1.26,1.6,False,中,10.83,True,<1万,>10年
宝马 525Li 2021款 2.0T 手自一体 豪华套装,15.68,18.38,15.31,17.62,True,差,4.17,True,10-20万,3-5年
日产 骐达 2011款 1.6 自动 智能型,1.6,1.46,1.28,1.64,True,中,13.08,True,1-3万,>10年
丰田 凯美瑞 2019款 2.0 自动 G豪华版 国V,8.2,8.21,7.53,8.86,True,中,5.5,True,5-10万,5-8年
马自达 马自达3 2012款 1.6 手动 经典款 标准版,0.38,0.93,0.73,1.13,False,中,11.83,True,<1万,>10年
本田 CR-V 2007款 2.4L 自动 四驱尊贵版,1.55,1.14,0.99,1.29,False,中,17.67,True,1-3万,>10年
本田 凌派 2019款 1.0T 自动 180Turbo领先版,3.2,3.56,3.22,3.89,False,中,4.75,True,3-5万,3-5年
比亚迪 宋PLUS新能源 2021款 1.5L 自动 DM-i 110KM 旗舰,5.94,6.38,5.82,6.92,True,中,2.08,True,5-10万,0-3年
别克 英朗GT 2013款 1.8 手自一体 时尚版,0.68,0.7,0.5,0.9,True,中,12.0,True,<1万,>10年
日产 轩逸 2012款 1.6 自动 XL豪华版,1.75,1.51,1.33,1.69,False,中,11.75,True,1-3万,>10年
本田 雅阁 2014款 2.0 自动 豪华版EX,4.06,4.33,3.92,4.72,True,中,10.17,True,3-5万,>10年
现代 瑞纳 2014款 1.4 自动 GLS 智能型,1.5,1.23,1.08,1.38,False,中,9.5,True,1-3万,8-10年
本田 冠道 2017款 1.5T 自动 240TURBO精英版前驱,8.36,8.56,8.95,9.68,False,优,7.58,True,5-10万,5-8年
大众 捷达 2010款 1.6 手动 CIF伙伴,0.35,0.59,0.32,0.72,True,差,13.58,True,<1万,>10年
吉利汽车 远景 2018款 1.5 自动 幸福版,1.54,1.26,1.11,1.41,False,中,7.58,True,1-3万,5-8年
雪佛兰 创酷 2019款 1.0T 自动 325T Redline趣版 国VI,2.61,2.39,2.15,2.62,True,中,5.83,True,1-3万,5-8年
大众 捷达 2008款 1.6 手动 CIF-P 伙伴,0.2,0.36,0.11,0.51,True,差,15.33,True,<1万,>10年
雪佛兰 科鲁兹三厢 2015款 1.5 自动 经典版SE,1.46,0.98,0.78,1.18,False,中,10.33,True,1-3万,>10年
别克 君越 2009款 2.4 自动 豪华型,0.5,0.51,0.36,0.76,True,优,15.42,True,<1万,>10年
大众 捷达 2019款 1.5 自动 梦想版舒适型,3.38,3.09,2.78,3.37,False,中,5.92,True,3-5万,5-8年
宝马 5系 2008款 2.5 自动 523Li标准型,1.16,1.57,1.38,1.76,False,中,16.5,True,1-3万,>10年
五菱汽车 宏光 2014款 1.5 手动 S标准型7座,0.72,0.69,0.4,0.8,True,差,10.25,True,<1万,>10年
长安 CS55 2017款 1.5T 自动 炫色型,2.56,2.12,1.64,2.02,False,差,7.33,True,1-3万,5-8年
比亚迪 汉 2022款 EV 创世版 610KM四驱尊享型,11.18,10.96,11.45,12.33,False,优,1.83,True,10-20万,0-3年
本田 CR-V 2019款 1.5T 自动 240TURBO风尚版前驱 国V,8.57,8.06,7.39,8.71,True,中,5.92,True,5-10万,5-8年
宝马 525Li 2014款 2.0T 手自一体 领先型,7.11,6.39,5.83,6.93,False,中,11.42,True,5-10万,>10年
奥迪 A4L 2013款 2.0T 自动 35TFSI标准型,2.33,3.32,2.99,3.62,False,中,12.0,True,1-3万,>10年
别克 GL8 2017款 2.5 自动 25S豪华型,5.36,6.22,5.67,6.75,False,中,8.08,True,5-10万,8-10年
别克 GL8 2017款 2.5 自动 25S尊贵型,6.37,7.06,6.45,7.64,False,中,6.25,True,5-10万,5-8年
奥迪 A4L 2019款 2.0T 自动 40TFSI进取型 国VI,9.57,9.42,8.67,10.15,True,中,5.5,True,5-10万,5-8年
本田 XR-V 2015款 1.5 无级 LXi 经典版,3.66,3.84,3.48,4.19,True,中,8.17,True,3-5万,8-10年
海马 S5 2014款 1.6 手动 智尚型,0.3,0.49,0.22,0.62,True,差,11.42,True,<1万,>10年
比亚迪 宋L EV 2024款 662km卓越型,13.67,9.42,9.84,10.63,False,优,1.33,True,10-20万,0-3年
奔驰 C级 2010款 1.8T 自动 C200时尚型CGI,2.2,1.99,1.75,2.23,True,中,13.83,True,1-3万,>10年
日产 轩逸 2016款 1.6 自动 XL尊享版,3.06,2.79,2.51,3.05,False,中,8.25,True,3-5万,8-10年
丰田 雷凌 2021款 1.2T 自动 185T豪华版,3.51,4.67,3.69,4.41,False,差,4.42,True,3-5万,3-5年
丰田 凯美瑞 2021款 2.0G 豪华版,10.49,10.64,11.12,11.98,False,优,3.08,True,10-20万,3-5年
长安 CS35 2012款 1.6 自动 豪华型 国IV,0.7,0.54,0.34,0.74,True,中,12.0,True,<1万,>10年
别克 GL8 2017款 2.0T 自动 ES 28T尊享型,8.65,9.43,8.67,10.16,False,中,7.25,True,5-10万,5-8年
大众 朗逸三厢 2013款 1.4T 自动 舒适版 改款,1.8,1.86,1.64,2.08,True,中,11.08,True,1-3万,>10年
日产 逍客 2016款 2.0 自动 精英版,4.1,4.01,3.63,4.38,True,中,8.5,True,3-5万,8-10年
大众 途观 2015款 1.8TSI 手自一体 两驱舒适版,3.5,3.49,3.15,3.81,True,中,9.58,True,3-5万,8-10年
别克 君威 2012款 2.0 自动 豪华型,0.85,0.9,0.7,1.1,True,中,12.42,True,<1万,>10年
长城 M4 2015款 1.5 自动 豪华型,0.6,0.6,0.32,0.72,True,差,9.5,True,<1万,8-10年
丰田 威驰 2017款 1.5 手动 创行版,1.59,2.46,2.22,2.7,False,中,8.58,True,1-3万,8-10年
大众 朗逸三厢 2013款 1.6 自动 经典舒适版 改款,1.57,2.02,1.56,1.93,True,差,9.5,True,1-3万,8-10年
福特 福克斯-三厢 2012款 1.6 双离合 舒适型,1.25,1.19,1.04,1.34,True,中,9.67,True,1-3万,8-10年
本田 思域 2012款 1.8 自动 EXi 舒适版,2.0,1.89,1.66,2.12,True,中,12.17,True,1-3万,>10年
宝马 5系 2009款 2.5 自动 523Li标准型,0.71,1.57,1.53,1.91,False,优,16.5,True,<1万,>10年
别克 英朗XT 2010款 1.6 手自一体 舒适版,0.32,0.4,0.15,0.55,True,差,15.0,True,<1万,>10年
大众 凌渡 2015款 1.4TSI 双离合 230TSI 风尚版,2.6,3.02,2.35,2.84,True,差,9.33,True,1-3万,8-10年
MINI MINI 2021款 1.5T 自动 COOPER 经典派 (进口),11.78,10.07,9.28,10.84,False,中,4.75,True,10-20万,3-5年
别克 昂科威Plus 2019款 1.5T 自动 20T领先型前驱 国VI,4.66,5.4,4.91,5.87,False,中,5.5,True,3-5万,5-8年
别克 凯越 2008款 1.6 手动 标准版,0.33,0.3,0.06,0.46,True,差,15.67,True,<1万,>10年
丰田 花冠EX 2013款 1.6 手动 卓越版,1.11,1.46,1.28,1.64,False,中,12.83,True,1-3万,>10年
福特 锐界 2015款 2.0T 自动 GTDi尊锐型四驱,5.23,4.49,4.07,4.88,False,中,9.67,True,5-10万,8-10年
东风风行 景逸X5 2016款 1.6 手动 尊享型,0.7,0.78,0.58,0.98,True,中,8.42,True,<1万,8-10年
三菱 欧蓝德 2020款 2.4 自动 致享版5座四驱,5.86,5.97,5.44,6.48,True,中,5.17,True,5-10万,5-8年
奥迪 Q3 2016款 1.4T 自动 30TFSI典藏版智领型前驱,4.21,4.4,3.99,4.79,True,中,9.08,True,3-5万,8-10年
宝骏 510 2017款 1.5 手动 舒适型,1.22,1.48,1.3,1.66,False,中,6.92,True,1-3万,5-8年
本田 XR-V 2015款 1.8 自动 EXi舒适版,3.8,3.57,3.23,3.9,True,中,10.33,True,3-5万,>10年
比亚迪 元PLUS 2022款510KM 旗舰型,6.25,6.47,5.18,6.13,False,差,2.25,True,5-10万,0-3年
标致 508 2015款 2.0 自动 致臻版,1.82,1.84,1.79,2.23,True,优,10.25,True,1-3万,>10年
奥迪 A3两厢 2018款 1.4T 自动 30周年年型35TFSI进取型,6.3,5.68,5.17,6.17,False,中,6.92,True,5-10万,5-8年
大众 桑塔纳 2013款 1.6 手动 风尚版,0.76,1.04,0.75,1.05,True,差,10.92,True,<1万,>10年
大众 宝来三厢 2017款 1.6 手动 舒适型,1.52,2.69,2.09,2.57,False,差,7.75,True,1-3万,5-8年
五菱 宏光S 2014款 1.5 手动 标准型7-8座,0.8,1.01,0.86,1.16,False,中,9.67,True,<1万,8-10年
哈弗 哈弗H6 2014款 1.5T 手动 运动版精英型前驱,0.8,0.96,0.64,1.04,True,差,10.42,True,<1万,>10年
奥迪 A6L 2009款 2.4 自动 舒适型,1.73,1.61,1.42,1.8,True,中,16.25,True,1-3万,>10年
日产 轩逸 2014款 1.6 无级 XV 尊享版,1.81,2.34,2.11,2.57,False,中,10.0,True,1-3万,8-10年
别克 GL8 2013款 2.4 自动 CT豪华商务舒适版,3.76,2.46,2.21,2.69,False,中,11.33,True,3-5万,>10年
别克 英朗 2015款 1.4T 双离合 18T 精英型,1.44,1.45,1.09,1.43,False,差,9.83,True,1-3万,8-10年
福特 福睿斯 2017款 1.5 手自一体 幸福版时尚型,2.54,2.33,2.1,2.56,True,中,6.33,True,1-3万,5-8年
宝马 X3(进口） 2013款 2.0T 自动 28i领先型 改款 (进口),5.52,4.45,4.67,5.09,False,优,11.33,True,5-10万,>10年
雪铁龙 世嘉三厢 2014款 1.6 手动 品尚型VTS版,0.44,0.7,0.57,0.97,False,优,11.25,True,<1万,>10年
三菱 欧蓝德 2017款 2.0 自动 荣耀版前驱,3.96,4.2,3.81,4.58,True,中,7.5,True,3-5万,5-8年
大众 朗逸 2011款 1.6 手动 品悠版 节能补贴,0.35,0.7,0.5,0.9,False,中,13.83,True,<1万,>10年
奔驰 GLC级 2017款 2.0T 自动 GLC 260 4MATIC 豪华型,13.3,11.18,11.68,12.57,False,优,8.25,True,10-20万,8-10年
吉利汽车 帝豪三厢 2015款 1.3T 自动 向上版,0.6,0.6,0.4,0.8,True,中,10.0,True,<1万,8-10年
日产 骊威 2015款 1.6 无级 XE 舒适版,2.2,2.17,1.95,2.38,True,中,7.08,True,1-3万,5-8年
比亚迪 宋 2016款 1.5T 自动 盖世版精英型前驱,1.21,1.07,0.92,1.22,True,中,8.17,True,1-3万,8-10年
Jeep 自由侠 2017款 1.4T 自动 180T高能版前驱,2.91,2.45,2.21,2.68,False,中,7.17,True,1-3万,5-8年
吉利汽车 远景 2015款 1.5 手动 精英型,0.57,0.44,0.28,0.68,True,优,10.17,True,<1万,>10年
一汽 森雅R7 2017款 1.6 手动 舒适型,0.51,1.1,0.95,1.25,False,中,6.5,True,<1万,5-8年
大众 桑塔纳 2018款 1.5 手动 风尚版,2.55,2.46,2.21,2.69,True,中,6.33,True,1-3万,5-8年
大众 迈腾 2017款 1.8T 自动 330TSI豪华型,3.94,5.7,4.53,5.39,False,差,8.5,True,3-5万,8-10年
大众 探岳 2019款 1.4T 自动 280TSI征途版豪华型前驱 国VI,6.08,7.37,6.74,7.96,False,中,5.42,True,5-10万,5-8年
本田 冠道 2017款 1.5T 无级 240TURBO 两驱豪华版,8.18,8.63,7.92,9.31,True,中,7.17,True,5-10万,5-8年
大众 帕萨特 2016款 1.8TSI 双离合 330TSI 御尊版,5.0,5.16,4.69,5.61,True,中,8.42,True,3-5万,8-10年
别克 君威 2015款 2.0 手自一体 领先时尚型,1.2,1.9,1.67,2.13,False,中,10.33,True,1-3万,>10年
长安 CS55 2017款 1.5T 手动 炫色型,1.98,2.2,1.98,2.41,True,中,7.75,True,1-3万,5-8年
雪佛兰 赛欧三厢 2013款 1.2 手动 时尚版,0.22,0.3,0.13,0.53,True,优,11.92,True,<1万,>10年
哈弗 哈弗H6 2011款 2.0 手动 精英型前驱,0.47,0.52,0.32,0.72,True,中,12.5,True,<1万,>10年
大众 朗逸 2013款 1.6 手自一体 豪华版,0.7,1.22,0.91,1.21,False,差,12.92,True,<1万,>10年
福特 嘉年华-两厢 2013款 1.5 手动 风尚型,1.0,0.72,0.52,0.92,False,中,10.25,True,<1万,>10年
大众 速腾 2012款 1.6 手动 舒适版,0.8,1.38,1.21,1.55,False,中,12.75,True,<1万,>10年
荣威 550 2014款 1.8 自动 S智选版,0.5,0.63,0.43,0.83,True,中,10.33,True,<1万,>10年
丰田 皇冠 2007款 2.5 自动 Royal 特别版,3.67,2.89,2.6,3.16,False,中,17.25,True,3-5万,>10年
奔驰 C级 2010款 1.8T 自动 C200K标准型,1.0,1.37,1.2,1.52,False,中,15.08,True,<1万,>10年
长城 C30 2013款 1.5 手动 新视界版智尚型,0.4,0.36,0.16,0.56,True,中,11.08,True,<1万,>10年
岚图汽车 岚图FREE 2021款 四驱标准增程专属豪华套装,7.0,8.6,7.9,9.28,False,中,4.08,True,5-10万,3-5年
大众 宝来 2013款 1.6 手自一体 时尚版,1.9,1.72,1.51,1.93,True,中,10.92,True,1-3万,>10年
日产 轩逸经典 2012款 1.6 自动 XE 舒适版,1.39,1.39,1.22,1.56,True,中,12.08,True,1-3万,>10年
比亚迪 F3 2013款 1.5 手动 舒适型,0.56,0.62,0.42,0.82,True,中,7.75,True,<1万,5-8年
福特 福克斯-两厢 2012款 1.6 双离合 风尚型,0.9,1.05,0.9,1.2,True,中,11.17,True,<1万,>10年
丰田 皇冠 2008款 2.5L 自动 5周年纪念版,2.63,3.39,3.07,3.71,False,中,16.08,True,1-3万,>10年
福特 蒙迪欧致胜 2011款 2.0T 双离合 GTDi200 时尚型,1.44,1.07,0.92,1.22,False,中,11.83,True,1-3万,>10年
大众 宝来三厢 2013款 1.6 手动 舒适型,1.1,1.18,1.03,1.33,True,中,11.83,True,1-3万,>10年
奔驰 C级 2023款 C 200 L 自动 运动版,19.16,18.24,16.98,19.48,True,中,2.25,True,10-20万,0-3年
铃木 奥拓 2013款 1.0 手动 舒适型(改款),0.27,0.55,0.28,0.68,False,差,10.5,True,<1万,>10年
WEY VV7 2017款 2.0T 自动 旗舰型,3.82,3.4,3.07,3.71,False,中,7.25,True,3-5万,5-8年
大众 朗行 2015款 1.6 手动 舒适型,2.42,2.67,2.4,2.92,True,中,8.58,True,1-3万,8-10年
比亚迪 F0 2011款 1.0 手动 尚酷版 铉酷型,0.35,0.22,-0.01,0.39,True,差,13.5,True,<1万,>10年
本田 杰德 2013款 1.8 自动 EXi 5座舒适版,2.76,2.94,2.29,2.83,True,差,10.92,True,1-3万,>10年
大众 捷达 2017款 1.4 手动 舒适型,1.1,1.64,1.24,1.64,False,差,7.83,True,1-3万,5-8年
别克 君威 2014款 2.0 自动 精英时尚型,1.67,1.47,1.29,1.65,False,中,11.83,True,1-3万,>10年
奔驰 GLK级 2014款 GLK 200 标准型,4.02,5.5,5.0,5.97,False,中,9.67,True,3-5万,8-10年
雪铁龙 世嘉-三厢 2011款 1.6 手自一体 冠军版,0.25,0.36,0.16,0.56,True,中,13.5,True,<1万,>10年
日产 轩逸经典 2016款 1.6 自动 XE 舒适版,1.88,1.83,1.38,1.82,False,差,10.0,True,1-3万,8-10年
大众 朗逸三厢 2013款 1.6 自动 经典舒适版 改款,1.16,1.49,1.31,1.67,False,中,11.92,True,1-3万,>10年
奥迪 A6L 2016款 1.8T 自动 TFSI技术型,8.22,9.95,9.16,10.71,False,中,8.83,True,5-10万,8-10年
大众 速腾 2012款 1.6 自动 舒适型,1.75,1.51,1.33,1.69,False,中,13.17,True,1-3万,>10年
比亚迪 汉 2022款 DM-i 自动 121KM 尊荣型,8.5,8.32,7.63,8.98,True,中,3.17,True,5-10万,3-5年
大众 途安 2015款 1.4T 自动 舒适版5座,3.2,2.99,2.7,3.27,True,中,9.5,True,3-5万,8-10年
日产 奇骏 2014款 2.0L 自动 CVT舒适版 2WD,4.5,4.75,3.75,4.48,False,差,8.42,True,3-5万,8-10年
吉利汽车 帝豪GS 2019款 1.4T 自动 雅,2.55,2.82,2.54,3.08,True,中,5.58,True,1-3万,5-8年
大众 宝来三厢 2015款 1.6 自动 质惠版舒适型,2.08,2.03,1.83,2.23,True,中,9.42,True,1-3万,8-10年
大众 捷达 2008款 1.6 自动 CIF 春天型,0.21,0.38,0.13,0.53,True,差,17.75,True,<1万,>10年
起亚 K3 2013款 1.6 手动 GLS,0.84,1.16,1.01,1.31,False,中,11.75,True,<1万,>10年
本田 锋范 2012款 1.5 自动 精英版,0.95,1.0,0.72,1.02,True,差,13.42,True,<1万,>10年
哈弗 H2 2014款 1.5T 手动 两驱精英版,0.64,0.84,0.64,1.04,True,中,10.83,True,<1万,>10年
日产 轩逸 2021款 1.6 自动 XE经典舒适版,3.27,4.63,4.2,5.04,False,中,4.25,True,3-5万,3-5年
马自达 马自达3 2012款 1.6 手动 经典款特惠型,0.37,0.89,0.78,1.18,False,优,12.17,True,<1万,>10年
标致 508 2012款 2.0 手自一体 智享版,0.8,1.13,0.98,1.28,False,中,12.08,True,<1万,>10年
现代 ix35 2018款 2.0 自动 智勇畅享版前驱,3.57,3.85,4.04,4.42,False,优,7.33,True,3-5万,5-8年
比亚迪 唐DM 2019款 2.0T 双离合 智联创享型 7座,4.15,5.27,4.79,5.73,False,中,6.25,True,3-5万,5-8年
大众 POLO 2004款 1.4 自动 基本版,0.38,0.39,0.19,0.59,True,中,19.33,True,<1万,>10年
本田 锋范 2009款 1.5 自动 精英版,0.72,0.76,0.46,0.86,True,差,13.42,True,<1万,>10年
五菱汽车 宏光 2014款 1.5 手动 S舒适型,0.88,0.88,0.68,1.08,True,中,10.25,True,<1万,>10年
大众 途安 2011款 1.4T 手动 智雅版5座,0.99,1.48,1.3,1.66,False,中,13.0,True,<1万,>10年
日产 骊威 2010款 1.6 自动 劲悦版全能型,0.27,0.7,0.57,0.97,False,优,14.5,True,<1万,>10年
福特 福睿斯 2015款 1.5 手自一体 时尚型,1.4,1.36,1.2,1.52,True,中,10.17,True,1-3万,>10年
雪佛兰 迈锐宝XL 2016款 1.5T 自动 锐驰版,2.8,2.63,2.67,3.09,True,优,9.0,True,1-3万,8-10年
五菱汽车 宏光 2010款 1.2L 手动 标准型 国IV,0.55,0.49,0.29,0.69,True,中,11.42,True,<1万,>10年
丰田 卡罗拉 2022款 TNGA 1.5L CVT先锋版,4.09,5.04,4.58,5.48,False,中,3.25,True,3-5万,3-5年
日产 轩逸经典 2012款 1.6 手动 XE 舒适版,1.31,1.48,1.3,1.66,True,中,9.83,True,1-3万,8-10年
Jeep 自由光 2016款 2.0 自动 优越版前驱,2.85,3.03,2.74,3.32,True,中,7.33,True,1-3万,5-8年
丰田 凯美瑞 2010款 2.0 自动 200G经典型,1.31,1.74,1.31,1.73,True,差,14.08,True,1-3万,>10年
路虎 揽胜极光（进口） 2013款 2.0T 自动 耀真版五门 (进口),3.65,4.36,3.95,4.75,False,中,11.33,True,3-5万,>10年
起亚 狮跑 2013款 2.0 自动 GLS前驱,1.86,1.17,1.02,1.32,False,中,11.33,True,1-3万,>10年
奇瑞 艾瑞泽5 PLUS 2021款 小泽 1.5TCVT 享PLUS,3.2,2.74,2.47,3.0,False,中,4.0,True,3-5万,3-5年
奔驰 C级 2017款 2.0T 自动 C200运动版 改款,6.5,8.02,6.47,7.61,True,差,8.5,True,5-10万,8-10年
大众 途昂 2017款 2.0T 自动 380TSI豪华版四驱,10.8,9.62,8.85,10.36,False,中,7.58,True,10-20万,5-8年
丰田 亚洲龙 2022款 2.5L 自动 豪华版,11.6,12.09,12.62,13.57,False,优,2.67,True,10-20万,0-3年
宝骏 310W 2017款 1.5 手动 舒适型,1.3,1.08,0.93,1.23,False,中,7.5,True,1-3万,5-8年
江汽集团 瑞风S3 2017款 1.6 手动 豪华智能型,1.04,1.07,0.92,1.22,True,中,8.25,True,1-3万,8-10年
吉利汽车 博越 2020款 1.8T 自动 智雅型前驱,3.7,4.01,4.2,4.59,False,优,5.33,True,3-5万,5-8年
本田 雅阁 2008款 2.4 自动 EX,1.16,1.17,1.02,1.32,True,中,17.83,True,1-3万,>10年
宝骏 560 2015款 1.8 手动 舒适型,1.1,0.91,0.71,1.11,True,中,9.0,True,1-3万,8-10年
雪佛兰 科鲁兹三厢 2015款 1.5 自动 经典版SE,0.98,0.91,0.71,1.11,True,中,9.92,True,<1万,8-10年
雪佛兰 迈锐宝 2013款 2.4 自动 豪华版,0.81,1.05,0.77,1.07,True,差,11.92,True,<1万,>10年
哈弗 哈弗H1 2016款 1.5 手动 红标舒适型,1.13,0.86,0.66,1.06,False,中,9.08,True,1-3万,8-10年
大众 朗逸三厢 2011款 1.6 自动 品悠版,0.83,0.9,0.7,1.1,True,中,12.42,True,<1万,>10年
奔驰 C级 2017款 2.0T 自动 C200L运动型,10.14,8.92,9.33,10.08,False,优,8.67,True,10-20万,8-10年
日产 轩逸 2012款 1.6 自动 XL豪华版,1.78,1.37,1.04,1.36,False,差,11.75,True,1-3万,>10年
日产 奇骏 2014款 2.0L 自动 CVT舒适版 2WD,5.02,4.68,4.25,5.09,True,中,8.75,True,5-10万,8-10年
大众 高尔夫6 2012款 1.6 手自一体 时尚版,1.63,1.77,1.34,1.76,True,差,12.08,True,1-3万,>10年
大众 高尔夫 2012款 1.4T 自动 舒适型,1.17,1.79,1.35,1.79,False,差,13.0,True,1-3万,>10年
奥迪 A4L 2018款 2.0T 自动 30周年年型40TFSI进取型,9.39,8.97,8.24,9.66,True,中,6.58,True,5-10万,5-8年
日产 骊威 2013款 1.6 手动 XV劲锐版豪华型,1.44,1.26,1.11,1.41,False,中,11.67,True,1-3万,>10年
丰田 卡罗拉 2013款 1.6 自动 GL至酷特装版,1.71,1.98,1.74,2.22,False,中,12.0,True,1-3万,>10年
本田 飞度两厢 2023款 1.5L 自动 CVT潮跑Pro版,6.01,5.17,5.42,5.9,False,优,2.25,True,5-10万,0-3年
大众 桑塔纳 2015款 1.6 手动 舒适版,0.83,1.68,1.48,1.88,False,中,9.67,True,<1万,8-10年
WEY VV5 2017款 2.0T 自动 超豪型,3.1,3.19,2.88,3.49,True,中,6.92,True,3-5万,5-8年
斯柯达 柯迪亚克 2018款 2.0T 自动 TSI330 豪华优享版5座前驱 ,5.6,5.28,4.8,5.73,True,中,6.58,True,5-10万,5-8年
雪铁龙 C4L 2014款 1.8 手动 智驱版劲享型,0.88,0.95,0.84,1.24,True,优,10.75,True,<1万,>10年
长安 逸动 2014款 1.6 自动 尊贵型,0.42,0.52,0.37,0.77,True,优,10.83,True,<1万,>10年
荣威 荣威i5 2021款 1.5T 自动 GT DCT音速版,3.36,2.6,2.34,2.85,False,中,3.5,True,3-5万,3-5年
现代 途胜 2015款 1.6T 自动 智能型前驱,2.36,2.5,2.25,2.73,True,中,10.0,True,1-3万,8-10年
大众 POLO两厢 2019款 1.5 自动 Plus炫彩科技版,4.06,4.28,3.88,4.66,True,中,5.17,True,3-5万,5-8年
荣威 i6 2019款 1.6 自动 PLUS 4G互联旗舰大赞版,1.72,1.49,1.31,1.67,False,中,6.5,True,1-3万,5-8年
标致 508 2013款 2.0 手自一体 两周年纪念智享版,1.11,1.05,0.77,1.07,False,差,11.83,True,1-3万,>10年
雪铁龙 世嘉三厢 2016款 1.6 手动 经典品尚型,0.6,0.76,0.56,0.96,True,中,10.08,True,<1万,>10年
马自达 马自达CX-4 2021款 2.0 自动 蓝天活力版前驱,5.76,5.56,4.42,5.26,False,差,4.0,True,5-10万,3-5年
斯柯达 昕动 2016款 1.4 手动 前行版 改款,1.7,1.85,1.8,2.24,False,优,8.58,True,1-3万,8-10年
丰田 凯美瑞 2021款 2.5G 豪华版,12.12,10.84,11.33,12.2,True,优,3.0,True,10-20万,0-3年
三菱 欧蓝德 2018款 2.0 无级 两驱嘉乐版7座,3.52,4.13,3.25,3.9,True,差,8.0,True,3-5万,5-8年
本田 雅阁 2010款 2.0 自动 标准型EX,1.96,1.72,1.51,1.93,False,中,14.42,True,1-3万,>10年
别克 君威 2015款 1.6T 自动 领先技术型,1.86,1.79,1.57,2.01,True,中,10.33,True,1-3万,>10年
丰田 卡罗拉 2014款 1.6 自动 GL-i真皮版,3.31,3.12,2.82,3.41,True,中,9.42,True,3-5万,8-10年
大众 迈腾 2012款 1.8TSI 双离合 舒适版,2.05,2.48,2.24,2.72,False,中,11.75,True,1-3万,>10年
本田 第八代雅阁 2008款 2.0 自动 EX Navi 标准导航版,1.2,1.31,1.15,1.47,True,中,16.67,True,1-3万,>10年
荣威 RX5 2016款 1.5T 自动 20T互联网智享版前驱,2.66,1.88,1.65,2.11,False,中,8.0,True,1-3万,5-8年
奔驰 GLC级（进口） 2020款 2.0T 自动 GLC300轿跑SUV (进,21.31,18.94,17.63,20.22,False,中,4.33,True,>20万,3-5年
大众 速腾 2019款 1.4T 自动 280TSI舒适型 国VI,4.79,5.52,5.02,5.99,False,中,5.83,True,3-5万,5-8年
岚图汽车 梦想家 2024款 1.5T 自动 PHEV 超长续航尊贵版,20.06,22.15,20.62,23.67,False,中,0.92,True,>20万,0-3年
丰田 汉兰达 2015款 2.0T 自动 精英版5座前驱,6.8,7.77,8.13,8.8,False,优,9.92,True,5-10万,8-10年
凯迪拉克 ATS-L 2017款 2.0T 手自一体 28T 技术型,5.8,5.61,5.11,6.09,True,中,7.42,True,5-10万,5-8年
大众 CC 2010款 2.0TSI 双离合 豪华版,2.62,2.07,1.86,2.27,False,中,13.83,True,1-3万,>10年
大众 途观L 2018款 2.0T 自动 330TSI旗舰版前驱 国V 改款,6.59,6.98,6.38,7.56,True,中,6.92,True,5-10万,5-8年
大众 高尔夫7 2016款 1.6 手自一体 时尚型,3.58,3.53,3.19,3.85,True,中,8.67,True,3-5万,8-10年
大众 途观 2015款 1.8T 自动 豪华版前驱,3.87,3.82,3.46,4.17,True,中,9.5,True,3-5万,8-10年
大众 朗逸三厢 2017款 1.6 自动 风尚版,3.06,2.75,2.48,3.01,False,中,8.5,True,3-5万,8-10年
丰田 花冠 2013款 1.6 手动 卓越型,0.85,1.62,1.43,1.81,False,中,11.83,True,<1万,>10年
比亚迪 汉 2024款 1.5T 自动 DM-i 荣耀版 121KM 尊贵型,8.25,10.15,8.28,9.67,False,差,1.25,True,5-10万,0-3年
本田 缤智 2022款 1.5L CVT 自动 精英智享版,6.19,6.27,5.72,6.79,True,中,3.58,True,5-10万,3-5年
哈弗 哈弗H2 2016款 1.5T 手动 舒适型前驱,0.93,1.19,1.04,1.34,False,中,8.83,True,<1万,8-10年
奥迪 A4L 2015款 2.0T 自动 35TFSI标准型,4.18,5.2,4.73,5.66,False,中,10.0,True,3-5万,8-10年
吉利汽车 帝豪GL 2018款 1.4T 手动 精英智联型,2.0,1.72,1.51,1.93,False,中,7.17,True,1-3万,5-8年
哈弗 哈弗H6 2015款 1.5T 手动 运动版精英型前驱 改款,0.7,1.03,0.88,1.18,False,中,10.0,True,<1万,8-10年
比亚迪 秦PLUS 2024款 荣耀版 1.5L 自动 DM-i 55KM领先型,4.73,5.83,6.11,6.64,False,优,0.5,True,3-5万,0-3年
宝马 X1 2019款 1.5T 自动 18Li尊享型前驱,7.2,6.76,6.18,7.32,True,中,6.67,True,5-10万,5-8年
丰田 卡罗拉 2011款 1.6 自动 GL,2.01,1.59,1.2,1.58,False,差,12.58,True,1-3万,>10年
奥迪 A6L 2019款 2.0T 自动 45TFSI臻选动感型四驱,21.0,18.82,17.52,20.1,False,中,5.58,True,>20万,5-8年
大众 POLO两厢 2013款 1.4 自动 舒适版,1.57,1.46,1.28,1.64,True,中,11.92,True,1-3万,>10年
坦克 坦克300 2021款 越野版 2.0T自动 征服者,13.04,12.94,11.98,13.87,True,中,3.33,True,10-20万,3-5年
长安 CS35 2014款 1.6 手自一体 豪华型,0.41,0.62,0.34,0.74,True,差,11.25,True,<1万,>10年
三菱 欧蓝德 2018款 2.4 无级 四驱豪华版7座,4.65,4.73,3.74,4.46,False,差,7.25,True,3-5万,5-8年
别克 GL8 2014款 2.4 自动 经典版,1.75,3.98,3.12,3.75,False,差,9.0,True,1-3万,8-10年
日产 逍客 2019款 2.0 自动 豪华版,4.52,5.33,4.84,5.79,False,中,5.58,True,3-5万,5-8年
大众 速腾 2014款 1.6 自动 舒适型 改款,1.82,2.19,1.97,2.4,False,中,11.0,True,1-3万,>10年
沃尔沃 XC60（进口） 2014款 2.0T 自动 T5智雅版前驱 (进口),2.1,3.11,2.8,3.4,False,中,11.58,True,1-3万,>10年
东风风光 风光580 2016款 1.8 手动 舒适型,0.77,0.83,0.63,1.03,True,中,8.75,True,<1万,8-10年
起亚 K2-两厢 2012款 1.4 自动 GLS,0.72,0.89,0.69,1.09,True,中,12.75,True,<1万,>10年
大众 桑塔纳 2016款 1.6 手动 风尚版,1.8,2.11,2.14,2.48,False,优,7.67,True,1-3万,5-8年
长安 CS35 2015款 1.6 自动 豪华型 国IV,0.41,0.83,0.52,0.92,False,差,9.58,True,<1万,8-10年
腾势 腾势Z9GT 2024款 630四驱Pro版,21.9,22.44,23.42,25.08,False,优,0.75,True,>20万,0-3年
雪佛兰 迈锐宝 2014款 2.4 手自一体 SE 豪华版,1.86,1.52,1.34,1.7,False,中,10.0,True,1-3万,8-10年
本田 CR-V 2015款 2.0 自动 风尚版前驱,3.68,4.62,4.19,5.03,False,中,9.83,True,3-5万,8-10年
长安 CS35 2014款 1.6 手动 豪华型,0.55,0.66,0.46,0.86,True,中,11.83,True,<1万,>10年
福特 蒙迪欧 2013款 2.3 自动 致胜时尚型,0.54,1.61,1.42,1.8,False,中,12.08,True,<1万,>10年
日产 骐达 2011款 1.6 无级 XE 舒适型,1.8,1.91,1.68,2.14,True,中,10.75,True,1-3万,>10年
别克 君威 2019款 1.5T 自动 20T精英型 国VI,5.74,4.77,4.33,5.19,False,中,5.83,True,5-10万,5-8年
广汽传祺 传祺GS4 2016款 1.5T 自动 235T精英版,1.92,1.74,1.31,1.73,False,差,8.42,True,1-3万,8-10年
起亚 K2三厢 2015款 1.4 自动 GLS,1.41,1.5,1.32,1.68,True,中,9.33,True,1-3万,8-10年
大众 桑塔纳 2013款 1.6 手动 舒适版,0.95,1.11,0.96,1.26,False,中,12.0,True,<1万,>10年
大众 速腾 2012款 1.4T 自动 豪华型,1.3,1.65,1.45,1.85,False,中,12.42,True,1-3万,>10年
丰田 威驰FS 2017款 1.5 自动 锋驰版,2.75,2.44,2.2,2.67,False,中,8.42,True,1-3万,8-10年
大众 迈腾 2012款 2.0T 自动 至尊型,1.9,2.36,1.83,2.26,True,差,12.75,True,1-3万,>10年
比亚迪 秦Pro新能源 2018款 1.5T 自动 DM智联锐耀型 混动,2.4,1.95,1.72,2.18,False,中,6.58,True,1-3万,5-8年
本田 缤智 2020款 1.5 自动 先锋版,5.64,5.6,5.87,6.38,False,优,4.83,True,5-10万,3-5年
大众 桑塔纳 2013款 1.4 手动 风尚版,0.82,1.02,0.87,1.17,False,中,10.67,True,<1万,>10年
别克 昂科威Plus 2018款 1.5T 自动 20T豪华型前驱,5.81,4.92,4.47,5.35,False,中,6.58,True,5-10万,5-8年
广汽传祺 传祺GS4 2015款 1.3T 手动 200T豪华版,1.54,1.53,1.35,1.71,True,中,9.58,True,1-3万,8-10年
雪佛兰 赛欧三厢 2013款 1.4 手动 优逸版,0.4,0.33,0.16,0.56,True,优,12.0,True,<1万,>10年
标致 508 2011款 2.3 自动 旗舰版,1.21,1.08,0.93,1.23,True,中,12.58,True,1-3万,>10年
本田 CR-V 2019款 1.5T 自动 240TURBO风尚版前驱 国V,7.74,7.51,6.87,8.12,True,中,6.75,True,5-10万,5-8年
三菱 欧蓝德 2016款 2.4 无级 四驱豪华版7座,5.15,4.47,4.06,4.87,False,中,8.58,True,5-10万,8-10年
本田 凌派 2016款 1.8 自动 豪华版,2.78,2.91,2.62,3.18,True,中,9.08,True,1-3万,8-10年
别克 凯越 2015款 1.5 手动 尊享型,0.69,0.81,0.61,1.01,True,中,9.75,True,<1万,8-10年
日产 骐达 2011款 1.6 无级 XE 舒适型,2.18,1.87,1.65,2.09,False,中,10.33,True,1-3万,>10年
本田 CR-V 2012款 2.4 自动 VTi豪华型四驱,4.14,3.57,3.22,3.89,False,中,12.83,True,3-5万,>10年
宝骏 310 2016款 1.2 手动 舒适型,0.99,0.79,0.67,1.07,True,优,7.08,True,<1万,5-8年
现代 ix35 2023款 沐飒 2.0L 自动 尊贵版LUX,8.09,5.97,6.26,6.8,False,优,1.25,True,5-10万,0-3年
丰田 凯美瑞 2011款 2.0 自动 200E 精英天窗版,2.98,2.02,1.82,2.22,False,中,14.0,True,1-3万,>10年
斯柯达 Yeti 2014款 1.4TSI 双离合 极地版,2.01,2.13,1.92,2.34,True,中,10.67,True,1-3万,>10年
本田 CR-V 2015款 2.4 自动 豪华版四驱,6.86,5.85,6.12,6.66,False,优,9.42,True,5-10万,8-10年
大众 速腾 2009款 1.6 手自一体 时尚真皮版,0.48,0.61,0.41,0.81,True,中,15.58,True,<1万,>10年
马自达 CX-5 2015款 2.0 手自一体 两驱都市型,4.87,4.26,3.86,4.64,False,中,7.42,True,3-5万,5-8年
长城 C30 2013款 1.5 手动 舒适版,0.35,0.34,0.14,0.54,True,中,12.0,True,<1万,>10年
本田 雅阁 2018款 1.5T 自动 260TURBO豪华版,7.14,7.28,5.86,6.91,False,差,6.75,True,5-10万,5-8年
大众 迈腾 2013款 1.8T 自动 豪华型,3.37,3.18,2.87,3.48,True,中,11.17,True,3-5万,>10年
江汽集团 瑞风 2012款 1.9T 手动 穿梭舒适型HFC4DB1-2C 柴油,0.68,0.72,0.52,0.92,True,中,12.0,True,<1万,>10年
丰田 雷凌 2022款 双擎 1.8H E-CVT 领先版,6.62,5.62,5.89,6.41,False,优,2.25,True,5-10万,0-3年
别克 GL6 2021款 1.3T 自动 323T 轻混动互联豪华型,6.02,4.59,4.82,5.25,False,优,3.25,True,5-10万,3-5年
本田 思域 2019款 1.5T 自动 220TURBO劲动版 国V,5.61,5.73,5.22,6.22,True,中,6.0,True,5-10万,5-8年
雪佛兰 科鲁兹三厢 2013款 1.6 自动 SE,0.73,0.8,0.6,1.0,True,中,10.25,True,<1万,>10年
别克 英朗 2021款 1.5 手自一体 典范精英型(改款),3.46,3.46,3.13,3.78,True,中,4.33,True,3-5万,3-5年
丰田 卡罗拉 2016款 1.8 自动 先锋版双擎 混动,2.78,3.45,3.12,3.77,False,中,9.67,True,1-3万,8-10年
丰田 卡罗拉 2014款 1.6 自动 GL,3.2,3.3,2.98,3.61,True,中,8.75,True,3-5万,8-10年
本田 CR-V 新能源 2021款 锐·混动e+ 2.0L 睿智版,10.8,12.61,11.67,13.52,False,中,2.5,True,10-20万,0-3年
大众 途观 2015款 1.8TSI 手自一体 两驱豪华版,2.91,3.19,2.88,3.48,True,中,10.5,True,1-3万,>10年
宝马 X1 2015款 2.0T 自动 18i时尚晋级版后驱,3.96,4.65,4.22,5.06,False,中,9.42,True,3-5万,8-10年
宝马 X1 2015款 2.0T 自动 18i时尚晋级版后驱,4.1,3.92,3.55,4.28,True,中,9.83,True,3-5万,8-10年
大众 速腾 2014款 1.6 手自一体 舒适型,1.5,1.9,1.43,1.89,True,差,11.0,True,1-3万,>10年
本田 雅阁 2016款 2.0 自动 豪华版,3.6,5.17,4.1,4.89,False,差,9.17,True,3-5万,8-10年
别克 君威 2011款 2.0 自动 舒适型,0.45,0.62,0.48,0.88,False,优,14.17,True,<1万,>10年
大众 迈腾 2012款 1.8TSI 双离合 豪华版,2.55,2.15,1.93,2.36,False,中,12.75,True,1-3万,>10年
大众 途观 2010款 1.8T 自动 都会版前驱,1.4,1.3,1.26,1.58,True,优,14.33,True,1-3万,>10年
大众 高尔夫7 2015款 1.4TSI 双离合 舒适型,3.06,3.19,2.88,3.48,True,中,11.17,True,3-5万,>10年
别克 GL6 2021款 1.3T 自动 323T 轻混动互联豪华型,6.27,5.0,5.24,5.71,False,优,2.33,True,5-10万,0-3年
大众 速腾 2019款 1.4T 自动 280TSI舒适型 国VI,5.65,5.51,5.02,5.99,True,中,5.42,True,5-10万,5-8年
大众 朗逸 2013款 1.6 手自一体 舒适版,1.01,1.24,0.94,1.24,True,差,12.5,True,1-3万,>10年
启辰 T70 2016款 1.6 手动 睿行版,1.46,1.67,1.47,1.87,False,中,7.92,True,1-3万,5-8年
大众 速腾 2015款 1.6 自动 舒适型,3.12,3.07,3.23,3.53,False,优,9.25,True,3-5万,8-10年
宝马 X1 2016款 1.5T 自动 18Li豪华型前驱,6.32,5.01,4.55,5.44,False,中,8.83,True,5-10万,8-10年
大众 宝来三厢 2013款 1.6 自动 时尚型,1.5,1.39,1.22,1.56,True,中,12.0,True,1-3万,>10年
奥迪 A6L 2014款 2.0T 自动 TFSI标准型,5.69,6.66,5.33,6.31,True,差,10.75,True,5-10万,>10年
本田 思域 2016款 1.0T 自动 180TURBO舒适版,3.71,5.05,4.59,5.5,False,中,6.75,True,3-5万,5-8年
日产 奇骏 2014款 2.5 自动 XL豪华版四驱,3.75,3.89,3.06,3.67,False,差,9.67,True,3-5万,8-10年
起亚 K5 2012款 2.0 手自一体 DLX,2.33,1.85,1.63,2.07,False,中,11.08,True,1-3万,>10年
丰田 威驰 2014款 1.5 手动 智臻版,1.45,1.85,1.63,2.07,False,中,9.75,True,1-3万,8-10年
日产 逍客 2008款 2.0 无级 20X 雷 两驱,0.7,0.79,0.49,0.89,True,差,16.67,True,<1万,>10年
奥迪 A4L 2018款 2.0T 自动 30周年年型40TFSI时尚型,11.66,9.3,9.72,10.49,False,优,6.67,True,10-20万,5-8年
大众 探歌 2018款 1.4TSI 双离合 280TSI 两驱舒适型,4.1,4.96,4.5,5.39,False,中,6.92,True,3-5万,5-8年
别克 凯越 2008款 1.6 自动 LE舒适型,0.25,0.34,0.17,0.57,True,优,15.75,True,<1万,>10年
起亚 K5凯酷 2012款 2.0 自动 GLS,1.5,1.66,1.46,1.86,True,中,12.75,True,1-3万,>10年
猎豹汽车 CS10 2015款 2.0T 手动 卓越版,0.4,0.61,0.33,0.73,True,差,9.08,True,<1万,8-10年
丰田 花冠 2004款 1.8 自动 GL-I,0.38,0.59,0.45,0.85,False,优,19.0,True,<1万,>10年
宝马 5系 2018款 2.0T 自动 528Li上市特别版,9.78,11.97,9.84,11.43,False,差,7.83,True,5-10万,5-8年
大众 速腾 2015款 1.6 手自一体 时尚型,3.63,3.1,2.8,3.39,False,中,9.0,True,3-5万,8-10年
别克 威朗三厢 2015款 1.5T 自动 20T精英型,2.28,2.0,1.95,2.43,True,优,9.5,True,1-3万,8-10年
雪铁龙 世嘉-三厢 2013款 1.6 手动 品尚型,0.5,0.62,0.42,0.82,True,中,11.75,True,<1万,>10年
丰田 RAV4荣放 2009款 2.0L 自动 豪华版,2.01,1.72,1.51,1.93,False,中,16.08,True,1-3万,>10年
风行 景逸X3 2016款 1.5 手动 舒适型,0.47,0.55,0.35,0.75,True,中,8.83,True,<1万,8-10年
大众 捷达 2010款 1.6 手动 CIF伙伴,0.44,0.69,0.56,0.96,False,优,12.25,True,<1万,>10年
日产 骐达 2016款 1.6 自动 智行版,2.62,3.07,2.39,2.88,True,差,8.75,True,1-3万,8-10年
别克 君越 2013款 2.0T 自动 智享旗舰型,2.65,2.15,1.66,2.05,False,差,10.92,True,1-3万,>10年
雪佛兰 科鲁兹三厢 2017款 1.5 自动 先锋天窗版,1.91,1.82,1.6,2.04,True,中,8.33,True,1-3万,8-10年
五菱 宏光 2010款 1.4 手动 6431M 标准型 7座,0.5,0.42,0.22,0.62,True,中,11.92,True,<1万,>10年
大众 探歌 2019款 1.4TSI 双离合 280TSI 两驱舒适型,5.91,5.26,4.78,5.71,False,中,5.5,True,5-10万,5-8年
马自达 马自达6 2014款 2.0 手自一体 经典型,2.53,1.82,1.6,2.04,False,中,9.17,True,1-3万,8-10年
东南 DX3 2018款 1.5 手动 尊贵型,1.45,1.14,0.99,1.29,False,中,7.75,True,1-3万,5-8年
雪佛兰 赛欧3 2015款 1.3 手动 理想版,0.49,0.52,0.32,0.72,True,中,10.83,True,<1万,>10年
标致 308 2013款 1.6 自动 优尚型,0.5,0.52,0.32,0.72,True,中,11.17,True,<1万,>10年
大众 朗逸三厢 2011款 1.6 自动 品悠版,1.17,0.86,0.66,1.06,False,中,12.67,True,1-3万,>10年
日产 轩逸经典 2012款 1.6 手动 XE 舒适版,1.16,1.21,1.06,1.36,True,中,11.0,True,1-3万,>10年
长安 CS35 2017款 1.6 手动 豪华型,1.26,1.76,1.55,1.97,False,中,7.58,True,1-3万,5-8年
大众 朗逸三厢 2019款 1.4T 自动 280TSI舒适版 国VI,5.7,4.52,4.74,5.17,False,优,5.17,True,5-10万,5-8年
大众 迈腾 2011款 1.8T 自动 豪华型,0.62,0.9,0.7,1.1,False,中,15.0,True,<1万,>10年
福特 嘉年华-三厢 2011款 1.5 手自一体 时尚型锋潮,0.55,0.62,0.42,0.82,True,中,14.42,True,<1万,>10年
本田 艾力绅 2019款 2.0 自动 豪华版 混动,16.63,15.14,14.05,16.18,False,中,4.5,True,10-20万,3-5年
五菱汽车 宏光S3 2018款 1.5T 手动 豪华型,2.26,1.78,1.57,1.99,False,中,7.67,True,1-3万,5-8年
大众 朗逸 2015款 1.6 手自一体 舒适版,1.6,2.56,1.99,2.46,False,差,9.0,True,1-3万,8-10年
大众 宝来 2019款 1.5 手自一体 改款时尚型,3.0,3.63,3.28,3.97,False,中,5.83,True,1-3万,5-8年
长安 CS35 2016款 1.6 手动 豪华型 国V,0.47,0.95,0.63,1.03,False,差,8.83,True,<1万,8-10年
别克 GL8 2023款 陆上公务舱 2.0T 自动 舒适型,11.85,17.68,18.43,19.73,False,优,2.17,True,10-20万,0-3年
沃尔沃 XC60 2019款 2.0T 手自一体 T5 四驱智逸版,8.75,9.41,9.84,10.62,False,优,7.33,True,5-10万,5-8年
日产 逍客 2011款 2.0 自动 XL火前驱,0.95,1.34,1.18,1.5,False,中,14.0,True,<1万,>10年
大众 宝来 2008款 1.6 手自一体 舒适版,0.3,0.48,0.22,0.62,True,差,15.92,True,<1万,>10年
宝马 3系 2021款 2.0T 自动 改款 325Li M运动曜夜套装,16.39,14.73,13.67,15.75,False,中,4.5,True,10-20万,3-5年
大众 朗逸 2010款 1.4TSI 双离合 运动版,0.47,0.62,0.34,0.74,True,差,14.83,True,<1万,>10年
别克 凯越 2013款 1.5 自动 经典型,0.6,0.75,0.55,0.95,True,中,11.08,True,<1万,>10年
别克 凯越 2013款 1.5 手自一体 经典版,0.47,0.53,0.26,0.66,True,差,12.33,True,<1万,>10年
宝骏 730 2016款 1.5 手动 舒适型7座,1.3,1.16,1.01,1.31,True,中,9.08,True,1-3万,8-10年
奥迪 A4L 2015款 2.0T 自动 35TFSI舒适型,4.96,4.99,4.53,5.43,True,中,10.67,True,3-5万,>10年
大众 POLO两厢 2019款 1.5 自动 PlusBeats潮酷版,4.01,4.25,3.85,4.63,True,中,6.25,True,3-5万,5-8年
日产 轩逸 2021款 1.6 自动 XE经典舒适版,2.71,4.77,4.33,5.19,False,中,3.92,True,1-3万,3-5年
福特 经典福克斯-两厢 2012款 1.8 手自一体 时尚型,0.41,0.5,0.24,0.64,True,差,13.67,True,<1万,>10年
别克 君威 2014款 1.6T 手自一体 时尚技术型,0.65,1.41,1.24,1.58,False,中,10.92,True,<1万,>10年
现代 悦纳RV 2017款 1.4L 自动 炫酷版GLS 国V,2.3,1.81,1.59,2.03,False,中,7.67,True,1-3万,5-8年
腾势 腾势D9 2022款 1.5T 自动 DM-i 970 四驱旗舰型,20.78,20.33,18.93,21.71,True,中,2.33,True,>20万,0-3年
东风风神 风神A60 2014款 1.6 自动 豪华型,0.77,0.63,0.43,0.83,True,中,10.58,True,<1万,>10年
大众 帕萨特 2011款 1.8T 自动 DSG尊荣版,1.69,1.72,1.51,1.93,True,中,12.75,True,1-3万,>10年
别克 GL6 2021款 1.3T 自动 323T 轻混动互联豪华型,5.25,4.54,4.12,4.95,False,中,3.0,True,5-10万,0-3年
广汽传祺 传祺GS4 2017款 1.5T 自动 235T豪华版DCT前驱,1.56,2.23,1.73,2.13,False,差,7.92,True,1-3万,5-8年
宝骏 510 2019款 1.5 手动 乐享型,2.0,2.15,1.93,2.36,True,中,4.83,True,1-3万,3-5年
江淮 瑞风S3 2014款 1.5 手动 豪华智能型,0.55,0.65,0.45,0.85,True,中,9.92,True,<1万,8-10年
标致 408 2015款 1.2THP 手自一体 豪华版,1.07,1.25,1.1,1.4,False,中,9.67,True,1-3万,8-10年
WEY VV5 2021款 1.5T 自动 颜先锋前驱,4.25,3.86,3.5,4.21,False,中,4.92,True,3-5万,3-5年
日产 骊威 2010款 1.6 自动 劲悦版全能型,0.8,0.9,0.59,0.99,True,差,12.58,True,<1万,>10年
标致 308 2014款 1.6 手动 乐享版优尚型,0.98,0.76,0.56,0.96,False,中,10.83,True,<1万,>10年
大众 途观 2016款 1.8T 自动 300TSI豪华版前驱,4.53,4.33,4.54,4.96,False,优,8.08,True,3-5万,8-10年
比亚迪 宋PLUS新能源 2023款 冠军版 EV 605KM 旗舰PLUS,10.52,7.63,6.98,8.24,False,中,1.75,True,10-20万,0-3年
欧拉 黑猫 2022款 301km 基础型 三元锂,2.9,2.61,2.35,2.86,False,中,3.58,True,1-3万,3-5年
本田 雅阁 2014款 2.0 自动 豪华版EX,4.4,3.99,3.62,4.35,False,中,11.08,True,3-5万,>10年
大众 朗行 2017款 1.4T 自动 230TSI舒适版,3.66,3.27,3.43,3.75,True,优,7.25,True,3-5万,5-8年
大众 朗逸 2011款 1.4TSI 双离合 品雅版,0.78,0.78,0.58,0.98,True,中,14.58,True,<1万,>10年
福特 福克斯-两厢 2012款 1.6 双离合 风尚型,0.9,1.34,1.18,1.5,False,中,10.33,True,<1万,>10年
哈弗 哈弗H6 2015款 1.5T 手动 升级版精英型前驱,0.56,0.94,0.83,1.23,False,优,10.5,True,<1万,>10年
别克 英朗XT 2013款 1.6 手自一体 时尚版,0.55,0.69,0.49,0.89,True,中,11.92,True,<1万,>10年
本田 凌派 2013款 1.8 自动 豪华版,2.0,2.08,1.87,2.28,True,中,11.42,True,1-3万,>10年
日产 轩逸 2016款 1.6 自动 XL豪华版,1.7,2.56,1.99,2.46,False,差,8.92,True,1-3万,8-10年
比亚迪 秦PLUS 2023款 冠军版 EV 510KM超越型,6.85,4.94,4.49,5.37,False,中,1.5,True,5-10万,0-3年
别克 英朗三厢 2016款 1.5 自动 15N精英型,1.61,1.71,1.5,1.92,True,中,8.75,True,1-3万,8-10年
日产 天籁 2021款 2.0 自动 XL 舒适版,7.87,7.15,6.54,7.74,False,中,4.08,True,5-10万,3-5年
起亚 K4 2015款 1.8 自动 GLS Special,2.85,2.42,2.45,2.83,False,优,9.25,True,1-3万,8-10年
现代 途胜 2015款 1.6T 双离合 GLS 两驱智能型,2.95,3.2,2.89,3.49,True,中,9.25,True,1-3万,8-10年
雪铁龙 C5 2010款 2.3 自动 尊贵型,0.6,0.69,0.49,0.89,True,中,14.67,True,<1万,>10年
福特 福克斯-两厢 2012款 1.6 双离合 风尚型,0.82,0.74,0.54,0.94,True,中,12.42,True,<1万,>10年
斯柯达 Yeti 2014款 1.4TSI 自动 DSG极地版,1.93,2.25,2.27,2.63,False,优,10.75,True,1-3万,>10年
奇瑞 艾瑞泽5 2016款 1.5 手动 领潮版,0.92,0.83,0.63,1.03,True,中,8.75,True,<1万,8-10年
大众 帕萨特 2015款 1.8TSI 自动 DSG御尊版,2.78,3.74,3.38,4.08,False,中,9.5,True,1-3万,8-10年
丰田 凯美瑞 2015款 2.0 自动 E精英版,4.84,4.87,4.43,5.3,True,中,9.67,True,3-5万,8-10年
Jeep 指南者 2017款 1.4T 自动 200T家享版前驱,2.71,2.79,2.52,3.06,True,中,7.33,True,1-3万,5-8年
斯柯达 昕锐 2015款 1.6 手动 智选版,0.61,1.14,0.99,1.29,False,中,10.58,True,<1万,>10年
腾势 腾势D9 2024款 1.5T 自动 DM-i 980 四驱旗舰型,28.03,22.88,23.88,25.57,False,优,1.0,True,>20万,0-3年
别克 英朗三厢 2017款 1.5 自动 15N精英型,1.85,1.97,1.48,1.96,True,差,7.58,True,1-3万,5-8年
腾势 腾势Z9GT 2024款 1100四驱Ultra版,24.0,22.27,23.24,24.88,True,优,1.17,True,>20万,0-3年
日产 轩逸 2012款 1.6 手动 XL 豪华版,0.55,1.27,1.12,1.42,False,中,11.75,True,<1万,>10年
东南 DX3 2018款 1.5T 自动 尊贵型,1.54,1.51,1.33,1.69,True,中,6.67,True,1-3万,5-8年
英菲尼迪 Q50L 2018款 2.0T 自动 逸享版 国VI,9.01,7.36,6.73,7.96,False,中,4.25,True,5-10万,3-5年
福特 福克斯-三厢 2012款 1.6 双离合 舒适型,0.66,0.85,0.65,1.05,True,中,12.5,True,<1万,>10年
别克 君越 2019款 2.0T 手自一体 28T 豪华型,6.0,7.13,6.52,7.71,False,中,5.67,True,5-10万,5-8年
大众 POLO 2014款 1.4 手动 风尚版,1.42,1.46,1.28,1.64,True,中,9.33,True,1-3万,8-10年
大众 途安 2018款 途安L 1.4T 自动 280TSI DSG舒适版 7座,5.9,5.57,5.07,6.04,True,中,5.42,True,5-10万,5-8年
比亚迪 秦新能源 2018款 1.5T 自动 智联精英型,0.76,2.02,2.05,2.37,False,优,6.92,True,<1万,5-8年
大众 朗逸三厢 2017款 1.6 自动 风尚版,2.98,3.04,2.74,3.32,True,中,7.5,True,1-3万,5-8年
大众 桑塔纳 2013款 1.6 手动 风尚版,1.0,1.14,0.99,1.29,True,中,10.67,True,<1万,>10年
大众 帕萨特 2011款 1.8TSI 双离合 至尊版,1.05,1.75,1.54,1.96,False,中,13.75,True,1-3万,>10年
奥迪 A6L 2014款 2.5FSI 无级 30FSI 技术型,5.5,6.36,5.08,6.02,True,差,10.58,True,5-10万,>10年
起亚 K2三厢 2017款 1.4 手动 GLS,1.8,1.62,1.22,1.6,False,差,8.08,True,1-3万,8-10年
五菱汽车 宏光 2019款 1.5 手动 S基本型LAR 国VI,1.99,2.18,2.21,2.55,False,优,4.92,True,1-3万,3-5年
丰田 凯美瑞 2010款 2.0 自动 200G经典型,1.7,1.68,1.48,1.88,True,中,15.25,True,1-3万,>10年
奔腾 X80 2013款 2.0 手自一体 舒适型,0.35,0.83,0.63,1.03,False,中,11.25,True,<1万,>10年
大众 迈腾 2020款 2.0TSI 双离合 330TSI 领先型,9.9,9.05,8.32,9.76,False,中,5.0,True,5-10万,3-5年
五菱汽车 宏光 2019款 1.5 手动 S舒适型LAR 国VI,2.12,2.4,2.16,2.63,False,中,4.0,True,1-3万,3-5年
大众 CC 2013款 2.0T 自动 豪华型,1.78,3.16,2.47,2.98,False,差,11.5,True,1-3万,>10年
丰田 锐志 2007款 2.5S 手自一体 真皮天窗版,0.98,1.15,0.85,1.15,True,差,18.17,True,<1万,>10年
哈弗 哈弗H6 2021款 1.5T 自动 第三代两驱Max,5.62,4.97,5.21,5.68,True,优,2.75,True,5-10万,0-3年
日产 逍客 2008款 1.6 手动 16G风前驱,0.37,0.72,0.58,0.98,False,优,16.42,True,<1万,>10年
菲亚特 菲翔 2012款 1.4T 双离合 尊享版,0.4,0.57,0.3,0.7,True,差,12.17,True,<1万,>10年
本田 雅阁 2008款 2.0 自动 EX,1.5,1.25,1.1,1.4,False,中,16.33,True,1-3万,>10年
本田 雅阁 2018款 2.0 自动 锐领版 混动 国VI,8.0,8.5,7.8,9.17,True,中,5.08,True,5-10万,5-8年
比亚迪 宋 2016款 1.5T 自动 盖世版精英型前驱,1.07,1.04,0.99,1.29,True,优,8.25,True,1-3万,8-10年
大众 宝来三厢 2020款 1.5 自动 舒适型,4.5,4.26,3.86,4.64,True,中,4.58,True,3-5万,3-5年
大众 速腾 2012款 1.4T 自动 豪华型,1.26,1.76,1.33,1.75,False,差,11.92,True,1-3万,>10年
大众 速腾 2012款 1.6 自动 舒适型,1.6,1.61,1.22,1.6,True,差,12.58,True,1-3万,>10年
丰田 RAV4荣放 2013款 特享版 2.0L 自动 经典,2.74,3.39,3.06,3.7,False,中,12.17,True,1-3万,>10年
Jeep 自由光 2017款 2.0 自动 优越版前驱,2.8,3.22,3.38,3.7,False,优,7.75,True,1-3万,5-8年
别克 GL8 2020款 2.0T 自动 陆上公务舱 652T尊贵型,9.37,11.74,12.26,13.19,False,优,4.92,True,5-10万,3-5年
腾势 腾势D9 2024款 1.5T 自动 DM-i 980 四驱尊荣型,23.98,24.13,25.2,27.01,False,优,1.08,True,>20万,0-3年
大众 宝来三厢 2013款 1.6 手动 时尚型,0.95,1.28,0.96,1.26,False,差,11.83,True,<1万,>10年
宝马 535Li 2015款 3.0T 手自一体 领先型,7.2,8.02,7.35,8.66,False,中,9.58,True,5-10万,8-10年
大众 速腾 2012款 1.6 自动 舒适型,1.89,1.69,1.49,1.89,True,中,12.08,True,1-3万,>10年
日产 轩逸 2009款 1.6 自动 XE 舒适版,1.35,1.08,0.93,1.23,False,中,14.33,True,1-3万,>10年
奔腾 X80 2013款 2.0 自动 豪华型,0.51,0.75,0.45,0.85,True,差,11.17,True,<1万,>10年
日产 阳光 2011款 1.5 无级 XL 豪华版,0.5,0.58,0.3,0.7,True,差,13.83,True,<1万,>10年
宝骏 310 2016款 1.2 手动 豪华型,0.59,0.72,0.59,0.99,True,优,8.83,True,<1万,8-10年
雪佛兰 科鲁兹三厢 2013款 1.8 自动 SE,0.47,0.61,0.33,0.73,True,差,11.5,True,<1万,>10年
路虎 揽胜极光 2015款 2.0T 自动 五门风尚版,4.92,5.08,4.02,4.8,False,差,9.25,True,3-5万,8-10年
马自达 马自达6 2008款 2.0 手自一体 时尚版,0.7,0.6,0.4,0.8,True,中,15.58,True,<1万,>10年
日产 轩逸 2012款 1.6 手动 XE舒适版经典款,0.78,1.14,0.84,1.14,False,差,11.08,True,<1万,>10年
别克 英朗三厢 2017款 1.5 自动 15N豪华型,2.38,1.88,1.83,2.29,False,优,8.5,True,1-3万,8-10年
雪铁龙 C5 2013款 2.0 自动 尊享型,1.63,1.11,0.96,1.26,False,中,11.33,True,1-3万,>10年
本田 凌派 2013款 1.8 自动 豪华版,2.46,2.11,1.9,2.31,False,中,11.25,True,1-3万,>10年
丰田 汉兰达 2012款 2.7 自动 运动版5座前驱,3.6,4.58,4.15,4.99,False,中,11.83,True,3-5万,>10年
特斯拉 MODEL 3 2021款 标准续航后驱升级版,11.72,10.36,10.83,11.67,False,优,4.17,True,10-20万,3-5年
铃木 雨燕 2016款 1.5 自动 时尚型酷玩版,2.07,1.93,1.7,2.16,True,中,8.58,True,1-3万,8-10年
大众 朗逸三厢 2013款 1.6 自动 经典风尚版 改款,1.8,1.77,1.56,1.98,True,中,10.58,True,1-3万,>10年
标致 4008 2017款 1.6T 自动 350THP精英版,3.29,3.55,3.21,3.88,True,中,7.5,True,3-5万,5-8年
日产 奇骏 2017款 2.0 无级 XL 两驱舒适版,5.67,5.83,5.31,6.33,True,中,7.5,True,5-10万,5-8年
比亚迪 唐新能源 2023款 1.5T 自动 DM-i 冠军版 112KM 尊荣,8.2,9.15,8.41,9.86,False,中,2.33,True,5-10万,0-3年
五菱汽车 宏光 2010款 1.4 手动 6430M舒适型7座,0.41,0.39,0.23,0.63,True,优,12.42,True,<1万,>10年
福特 福克斯三厢 2013款 1.8 自动 经典基本型,0.47,0.68,0.55,0.95,False,优,12.17,True,<1万,>10年
福特 翼虎 2015款 2.0T 自动 GTDi运动型四驱,2.52,2.47,2.5,2.9,True,优,10.17,True,1-3万,>10年
福特 蒙迪欧 2013款 2.0T 自动 GTDi240豪华运动型,3.18,2.33,2.1,2.55,False,中,10.83,True,3-5万,>10年
英菲尼迪 Q50L 2016款 2.0T 自动 悦享版,6.1,5.33,4.84,5.79,False,中,8.25,True,5-10万,8-10年
大众 朗行 2013款 1.4T 自动 舒适版,1.82,1.77,1.56,1.98,True,中,11.17,True,1-3万,>10年
大众 宝来三厢 2013款 1.6 自动 舒适型,1.55,1.19,0.89,1.19,False,差,12.42,True,1-3万,>10年
本田 凌派 2013款 1.8 自动 豪华版,2.16,2.11,1.63,2.02,False,差,10.92,True,1-3万,>10年
别克 凯越 2013款 1.5 自动 经典型,0.51,0.79,0.59,0.99,False,中,11.0,True,<1万,>10年
奥迪 A4L 2013款 2.0T 自动 35TFSI标准型,3.32,3.96,3.11,3.73,True,差,11.08,True,3-5万,>10年
奥迪 A6L 2012款 2.0T 自动 TFSI舒适型,4.38,5.03,3.98,4.75,True,差,12.42,True,3-5万,>10年
大众 高尔夫 2016款 1.4T 自动 R-Line,4.5,3.61,3.79,4.14,False,优,9.17,True,3-5万,8-10年
大众 朗逸三厢 2017款 1.6 自动 风尚版,3.7,3.41,3.08,3.73,True,中,6.08,True,3-5万,5-8年
雪铁龙 C4L 2014款 1.8 手自一体 车载互联劲智型,1.03,1.09,0.94,1.24,True,中,10.33,True,1-3万,>10年
日产 天籁 2011款 2.0 自动 XL舒适版,1.77,1.57,1.38,1.76,False,中,13.92,True,1-3万,>10年
大众 朗行 2013款 1.6 手动 舒适版,1.4,1.54,1.36,1.72,True,中,12.08,True,1-3万,>10年
斯柯达 昕锐 2015款 1.6 自动 优选版,1.64,1.25,1.1,1.4,False,中,11.08,True,1-3万,>10年
丰田 RAV4荣放 2011款 2.0L 自动 四驱版,2.87,2.67,2.41,2.93,True,中,13.17,True,1-3万,>10年
东风风行 景逸X5 2017款 1.6 自动 豪华型,1.71,1.24,1.21,1.51,False,优,7.92,True,1-3万,5-8年
本田 缤智 2018款 1.5 自动 科技精英版前驱,4.05,4.22,3.82,4.6,True,中,7.33,True,3-5万,5-8年
雪佛兰 科帕奇 2017款 2.4 手自一体 两驱豪华版7座,2.2,2.23,2.0,2.44,True,中,7.83,True,1-3万,5-8年
大众 捷达 2012款 1.6 手动 典藏版,0.35,0.67,0.38,0.78,False,差,12.42,True,<1万,>10年
丰田 卡罗拉 2016款 1.6 无级 GL-i 炫酷版,2.77,3.15,2.84,3.44,False,中,9.58,True,1-3万,8-10年
马自达 马自达6 2011款 2.0 手自一体 豪华版,0.65,0.93,0.61,1.01,True,差,13.25,True,<1万,>10年
别克 英朗三厢 2015款 1.5 自动 15N精英型,0.93,1.12,0.82,1.12,True,差,10.5,True,<1万,>10年
本田 享域 2019款 1.0T 无级 180TURBO 乐享版,3.68,3.6,3.26,3.93,True,中,4.08,True,3-5万,3-5年
大众 桑塔纳 2016款 1.4 手动 风尚版,2.16,1.89,1.84,2.3,True,优,7.67,True,1-3万,5-8年
哈弗 哈弗H7 2018款 2.0T 自动 蓝标悦享型,2.18,2.85,2.88,3.34,False,优,6.83,True,1-3万,5-8年
大众 桑塔纳 2021款 1.5 手动 风尚版,2.19,3.22,3.38,3.7,False,优,3.5,True,1-3万,3-5年
MINI MINI 2021款 1.5T 自动 COOPER 艺术家 五门版 (,12.2,9.99,10.44,11.26,False,优,4.92,True,10-20万,3-5年
起亚 K3 2019款 1.5 无级 智享互联版,4.35,3.84,3.48,4.19,False,中,4.92,True,3-5万,3-5年
奔驰 E级 2019款 2.0T 自动 E300L运动时尚型,16.57,18.54,17.26,19.79,False,中,6.67,True,10-20万,5-8年
比亚迪 宋新能源 2017款 1.5T 自动 DM尊荣型四驱 混动,1.01,2.3,2.33,2.69,False,优,7.83,True,1-3万,5-8年
大众 T-ROC探歌 2020款 1.4T 自动 230TSI进取型前驱,4.94,5.75,5.23,6.24,False,中,5.42,True,3-5万,5-8年
大众 朗逸三厢 2015款 1.6 自动 舒适版,3.0,2.52,2.27,2.76,False,中,9.25,True,1-3万,8-10年
起亚 K2三厢 2012款 1.4 手动 GL纪念版,0.69,0.62,0.42,0.82,True,中,12.75,True,<1万,>10年
本田 凌派 2019款 1.0T 自动 180Turbo舒适版 国VI,4.24,3.56,3.22,3.89,False,中,4.17,True,3-5万,3-5年
广汽传祺 传祺M8 2020款 2.0T 自动 390T领航款尊享版,7.37,8.78,8.06,9.47,False,中,5.33,True,5-10万,5-8年
奔驰 GLC级 2016款 2.0T 自动 GLC300动感型,11.23,10.15,10.6,11.43,True,优,9.0,True,10-20万,8-10年
吉利汽车 远景 2018款 1.5 自动 幸福版,1.54,1.37,1.04,1.36,False,差,6.08,True,1-3万,5-8年
吉利汽车 缤瑞 2018款 1.4T 自动 缤致版,1.97,2.07,1.6,1.99,True,差,6.25,True,1-3万,5-8年
奔腾 X40 2017款 1.6 手动 尊享型,1.7,1.44,1.27,1.61,False,中,7.25,True,1-3万,5-8年
比亚迪 海豚 2023款 420km 时尚版,5.08,5.1,4.64,5.55,True,中,2.42,True,5-10万,0-3年
福特 锐界 2018款 2.0T 自动 245豪锐型7座四驱,7.38,6.24,5.69,6.77,False,中,7.83,True,5-10万,5-8年
铃木 雨燕 2011款 1.5 自动 时尚版,2.2,1.79,1.57,2.01,False,中,9.92,True,1-3万,8-10年
大众 朗逸三厢 2013款 1.6 自动 舒适版,1.0,1.51,1.33,1.69,False,中,12.25,True,<1万,>10年
大众 POLO两厢 2014款 1.4 自动 舒适版,1.25,1.83,1.61,2.05,False,中,10.75,True,1-3万,>10年
长安 悦翔V3 2015款 1.4 手动 温馨型 国V,0.2,0.4,0.2,0.6,True,中,9.75,True,<1万,8-10年
本田 雅阁 2010款 2.4 自动 百万纪念版,1.77,1.7,1.5,1.9,True,中,15.17,True,1-3万,>10年
日产 骐达 2011款 1.6 自动 舒适型,2.16,2.04,1.84,2.24,True,中,10.83,True,1-3万,>10年
长安 CS75 2014款 2.0 手动 领先型,0.95,1.02,0.87,1.17,True,中,10.58,True,<1万,>10年
本田 CR-V 2007款 2.4L 自动 四驱豪华版,1.15,1.12,0.97,1.27,True,中,17.5,True,1-3万,>10年
大众 速腾 2014款 1.6 自动 舒适型,2.05,2.11,1.9,2.32,True,中,11.58,True,1-3万,>10年
丰田 卡罗拉 2021款 1.8 自动 精英版 双擎,5.14,4.97,4.51,5.41,True,中,4.08,True,5-10万,3-5年
丰田 卡罗拉 2019款 1.2T 自动 S-CVT GL-i精英版,4.92,4.62,4.19,5.03,True,中,5.33,True,3-5万,5-8年
大众 迈腾 2018款 1.8T 自动 330TSI豪华型 改款,8.01,6.9,6.3,7.47,False,中,6.67,True,5-10万,5-8年
丰田 卡罗拉 2012款 1.6 手动 GL炫装版,1.19,1.78,1.57,1.99,False,中,12.58,True,1-3万,>10年
大众 凌渡 2019款 1.4T 自动 280TSI舒适版 国V,6.0,5.66,5.16,6.15,True,中,5.75,True,5-10万,5-8年
福特 翼虎 2015款 2.0T 自动 GTDi尊贵型四驱,2.84,2.58,2.32,2.82,False,中,9.75,True,1-3万,8-10年
现代 索纳塔 2013款 2.4 自动 GLX豪华版 国V,1.66,1.47,1.1,1.46,False,差,11.58,True,1-3万,>10年
奥迪 A6L 2018款 2.0TFSI 双离合 30周年年型 35TFSI 运,12.92,12.68,11.74,13.59,True,中,7.08,True,10-20万,5-8年
丰田 卡罗拉双擎 2021款 1.8 无级 先锋版,5.35,5.21,4.73,5.66,True,中,3.92,True,5-10万,3-5年
比亚迪 海鸥 2023款 自由版,5.31,4.39,4.61,5.03,False,优,1.17,True,5-10万,0-3年
别克 英朗三厢 2017款 1.5 自动 15N精英型,1.49,1.97,1.49,1.97,True,差,7.58,True,1-3万,5-8年
吉利汽车 缤瑞 2021款 1.4T 自动 CVT亚运版,3.31,3.41,3.08,3.72,True,中,3.75,True,3-5万,3-5年
别克 英朗 2017款 1.5 手自一体 15N 精英型,1.95,2.19,1.97,2.4,False,中,7.67,True,1-3万,5-8年
本田 凌派 2013款 1.8 自动 豪华版,2.34,1.96,1.73,2.19,False,中,11.92,True,1-3万,>10年
日产 轩逸·纯电 2018款 舒适版,3.3,3.02,3.17,3.47,True,优,6.42,True,3-5万,5-8年
WEY 坦克300 2021款 2.0T 手自一体 越野版 征服者,11.5,12.21,11.29,13.1,True,中,4.25,True,10-20万,3-5年
大众 速腾 2015款 1.6 自动 舒适型,2.32,2.59,2.33,2.84,False,中,10.08,True,1-3万,>10年
大众 凌渡 2018款 1.4T 自动 280TSI舒适版,4.47,4.25,3.85,4.63,True,中,7.17,True,3-5万,5-8年
丰田 雷凌双擎 2021款 1.8H 无级 豪华版,5.75,5.33,5.59,6.08,True,优,4.75,True,5-10万,3-5年
大众 宝来三厢 2014款 1.6 自动 舒适型,1.41,1.61,1.42,1.8,False,中,10.83,True,1-3万,>10年
沃尔沃 XC60 2015款 2.5T 自动 T6智越版四驱,4.64,4.93,4.48,5.36,True,中,9.75,True,3-5万,8-10年
比亚迪 宋L DM-i 2024款 1.5L 自动 112km 超越型,10.0,7.91,8.28,8.96,False,优,0.67,True,5-10万,0-3年
丰田 卡罗拉 2011款 1.8 手动 GL-i 纪念版,0.81,1.7,1.5,1.9,False,中,13.75,True,<1万,>10年
长安 逸动XT 2013款 1.6 手动 俊酷型 国IV,0.35,0.48,0.28,0.68,True,中,10.92,True,<1万,>10年
启辰 D50 2013款 1.6 自动 时尚版,0.76,0.63,0.49,0.89,True,优,11.92,True,<1万,>10年
斯柯达 晶锐 2009款 1.4 手自一体 晶致版,0.3,0.61,0.41,0.81,False,中,15.58,True,<1万,>10年
丰田 卡罗拉 2014款 1.6 自动 GL,3.0,3.05,2.75,3.33,True,中,10.17,True,1-3万,>10年
宝马 3系 2014款 2.0T 自动 320Li时尚型,4.24,4.11,3.72,4.48,True,中,11.92,True,3-5万,>10年
别克 君威 2012款 2.0 自动 豪华型,0.92,0.94,0.74,1.14,True,中,12.25,True,<1万,>10年
雪佛兰 迈锐宝 2018款 1.5T 手自一体 530T LT 豪华版,3.15,2.9,2.61,3.17,True,中,7.33,True,3-5万,5-8年
福特 福睿斯 2017款 1.5 自动 舒适型,1.9,1.88,1.65,2.11,True,中,8.08,True,1-3万,8-10年
丰田 RAV4荣放 2012款 炫装版 2.4L 自动 四驱豪华,2.4,2.89,2.25,2.77,True,差,11.92,True,1-3万,>10年
大众 速腾 2019款 1.2T 自动 200TSI舒适型 国VI,5.1,4.88,4.43,5.31,True,中,6.17,True,5-10万,5-8年
比亚迪 F0 2015款 1.0 序列变速 铉酷型,0.89,0.59,0.39,0.79,False,中,8.83,True,<1万,8-10年
奇瑞 瑞虎8 2019款 1.6T 自动 GDI精英型,5.14,3.97,3.59,4.33,False,中,5.0,True,5-10万,3-5年
福特 蒙迪欧 2013款 2.0T 手自一体 GTDi240 豪华运动型,1.9,2.59,2.01,2.48,False,差,11.0,True,1-3万,>10年
别克 GL8 2018款 2.0T 自动 ES 28T舒适型 国VI,11.97,7.88,8.25,8.93,False,优,6.0,True,10-20万,5-8年
长安 逸动 2020款 1.6 手动 PLUS豪华型,2.2,2.86,2.58,3.13,False,中,4.67,True,1-3万,3-5年
日产 LANNIA 蓝鸟 2016款 1.6 自动 智酷版,2.69,2.64,2.05,2.53,False,差,8.25,True,1-3万,8-10年
本田 CR-V 2012款 2.0 自动 Lxi都市型前驱,3.3,3.57,2.8,3.36,True,差,10.83,True,3-5万,>10年
奔驰 C级 2011款 1.8T 自动 C200优雅型CGI,1.88,2.66,2.4,2.91,False,中,13.0,True,1-3万,>10年
别克 英朗三厢 2015款 1.5 手动 15N精英型,0.75,1.14,0.99,1.29,False,中,10.17,True,<1万,>10年
雪铁龙 世嘉三厢 2013款 1.6 自动 品尚型,0.82,0.64,0.44,0.84,True,中,11.58,True,<1万,>10年
别克 君威 2015款 1.6T 自动 精英技术型,1.88,2.18,1.96,2.39,False,中,9.25,True,1-3万,8-10年
雪佛兰 科沃兹 2018款 1.5 自动 320欣悦版,1.28,1.62,1.22,1.6,True,差,7.58,True,1-3万,5-8年
起亚 K5凯酷 2011款 2.0 自动 DLX,1.29,1.25,1.1,1.4,True,中,13.67,True,1-3万,>10年
本田 思域 2009款 1.8 自动 LXi 经典版,1.02,1.34,1.18,1.5,False,中,13.67,True,1-3万,>10年
现代 瑞纳-三厢 2010款 1.4 手动 GLS 豪华型,1.04,0.95,0.75,1.15,True,中,10.0,True,1-3万,8-10年
福特 福克斯两厢 2012款 1.6 手动 舒适型,1.33,0.96,0.85,1.25,False,优,10.42,True,1-3万,>10年
奥迪 Q5L 2018款 2.0T 自动 40TFSI荣享时尚型 国V,13.67,12.22,12.76,13.72,True,优,7.08,True,10-20万,5-8年
雪铁龙 C5 2013款 2.3 自动 尊贵型,0.72,0.97,0.65,1.05,True,差,12.67,True,<1万,>10年
雪铁龙 全新爱丽舍 2014款 1.6 手动 时尚型,0.5,0.47,0.2,0.6,True,差,11.33,True,<1万,>10年
东风风光 风光580 2016款 1.5T 手动 豪华型,0.81,0.92,0.72,1.12,True,中,9.0,True,<1万,8-10年
标致 3008 2015款 1.6T 自动 至尚版,1.01,1.42,1.25,1.59,False,中,9.83,True,1-3万,8-10年
广汽传祺 传祺GS4 2017款 1.5T 自动 235T精英版前驱,2.53,2.72,2.45,2.97,True,中,7.33,True,1-3万,5-8年
大众 迈腾 2012款 1.8T 自动 豪华型,1.54,2.09,1.62,2.0,False,差,12.67,True,1-3万,>10年
起亚 K3 2015款 1.6 手自一体 GL,1.33,1.62,1.23,1.61,True,差,10.25,True,1-3万,>10年
大众 朗逸三厢 2011款 1.6 自动 品悠版,1.89,1.04,0.89,1.19,False,中,11.75,True,1-3万,>10年
哈弗 哈弗H2 2016款 1.5T 手动 豪华型前驱,0.75,1.08,0.93,1.23,False,中,9.08,True,<1万,8-10年
大众 朗逸三厢 2013款 1.6 自动 舒适版,1.58,1.56,1.37,1.75,True,中,12.17,True,1-3万,>10年
别克 威朗 2017款 1.5 手自一体 15S 进取型,1.2,2.01,1.55,1.92,False,差,8.67,True,1-3万,8-10年
荣威 RX5 2016款 1.5TGI 双离合 20T 两驱互联网智享版,2.0,1.78,1.57,1.99,False,中,7.92,True,1-3万,5-8年
五菱汽车 宏光 2014款 1.5 手动 S豪华型,0.8,0.55,0.35,0.75,False,中,11.08,True,<1万,>10年
雪佛兰 科沃兹 2016款 1.5 自动 欣尚版,1.6,1.62,1.43,1.81,True,中,8.33,True,1-3万,8-10年
丰田 卡罗拉 2017款 1.2T 自动 GL-i,2.34,3.26,2.55,3.07,False,差,8.33,True,1-3万,8-10年
比亚迪 海鸥 2024款 荣耀版 405KM 飞翔版,5.05,4.08,4.28,4.68,False,优,0.75,True,5-10万,0-3年
东风风行 景逸X3 2016款 1.5 手动 舒适型5座,0.68,0.58,0.38,0.78,True,中,8.75,True,<1万,8-10年
丰田 卡罗拉 2008款 1.8 自动 GL-i 天窗特别版,0.86,1.14,0.99,1.29,False,中,15.83,True,<1万,>10年
大众 宝来三厢 2013款 1.6 手动 舒适型,0.51,1.12,0.83,1.13,False,差,11.92,True,<1万,>10年
哈弗 哈弗H6 2014款 1.5T 手动 运动版精英型前驱,0.53,0.94,0.62,1.02,False,差,10.58,True,<1万,>10年
比亚迪 秦PLUS 2023款 冠军版 1.5 自动 DM-i 55KM领先型,4.52,5.28,5.54,6.03,False,优,1.92,True,3-5万,0-3年
日产 轩逸 2018款 1.6 自动 XV尊享版,3.38,2.65,2.06,2.54,False,差,6.5,True,3-5万,5-8年
丰田 凯美瑞 2016款 2.0G 手自一体 十周年纪念领先版,6.23,5.83,5.31,6.33,True,中,7.92,True,5-10万,5-8年
奇瑞新能源 小蚂蚁 2018款 4座智炫版,0.79,0.87,0.67,1.07,True,中,7.75,True,<1万,5-8年
哪吒汽车 哪吒V 2021款 长续航娱乐版,2.57,2.52,2.55,2.95,True,优,4.33,True,1-3万,3-5年
日产 骐达 2008款 1.6 自动 智能型,1.3,1.38,1.21,1.55,True,中,14.0,True,1-3万,>10年
比亚迪 e2 2020款 升级版 高续航版 尊贵型,3.36,3.09,2.41,2.9,False,差,3.67,True,3-5万,3-5年
大众 速腾 2006款 1.6 自动 时尚型,0.42,0.39,0.23,0.63,True,优,17.67,True,<1万,>10年
丰田 卡罗拉 2016款 1.6 无级 GL-i 炫酷版,2.3,3.17,2.86,3.46,False,中,9.67,True,1-3万,8-10年
别克 凯越 2008款 1.6 手动 导航版,0.22,0.32,0.12,0.52,True,中,15.0,True,<1万,>10年
日产 奇骏 2017款 2.0 自动 舒适版前驱,4.84,5.24,4.16,4.95,True,差,7.42,True,3-5万,5-8年
丰田 RAV4荣放 2020款 2.0L 自动 CVT两驱都市版,6.9,8.78,8.06,9.46,False,中,4.58,True,5-10万,3-5年
福特 锐界 2015款 2.0T 自动 GTDi豪锐型四驱,4.76,4.63,4.2,5.04,True,中,9.83,True,3-5万,8-10年
比亚迪 F3 2020款 1.5 手动 超值型,1.78,1.13,0.98,1.28,False,中,4.33,True,1-3万,3-5年
大众 高尔夫 2018款 1.4T 自动 230TSI豪华型,3.43,4.86,4.41,5.29,False,中,7.0,True,3-5万,5-8年
现代 瑞纳三厢 2017款 1.4L 手动 焕新版 国VI,2.02,1.69,1.65,2.05,True,优,5.75,True,1-3万,5-8年
五菱汽车 宏光 2018款 1.5 手动 S舒适型L2B,1.7,1.84,1.62,2.06,True,中,5.75,True,1-3万,5-8年
宝马 3系 2013款 2.0T 自动 320i运动设计套装,4.82,4.01,3.63,4.37,False,中,11.58,True,3-5万,>10年
日产 轩逸经典 2018款 1.6 无级 XE+ 豪华版,3.03,3.19,2.88,3.48,True,中,6.75,True,3-5万,5-8年
别克 GL8 2014款 2.4 自动 经典版,2.55,2.99,2.33,2.87,True,差,10.17,True,1-3万,>10年
丰田 雷凌双擎 2016款 1.8H 无级 GS 精英天窗版,2.83,3.21,2.51,3.02,True,差,8.42,True,1-3万,8-10年
福特 福克斯-三厢 2021款 1.5T 自动 EcoBoost 180 锋潮型,6.01,5.42,5.68,6.18,True,优,4.42,True,5-10万,3-5年
比亚迪 海鸥 2024款 荣耀版 305km 活力版,4.55,4.18,4.39,4.79,True,优,0.83,True,3-5万,0-3年
丰田 汉兰达 2018款 2.0T 自动 尊贵版7座四驱,15.82,13.17,12.2,14.11,False,中,4.25,True,10-20万,3-5年
起亚 智跑 2014款 2.0 手自一体 四驱 GLS,1.46,1.84,1.62,2.06,False,中,11.08,True,1-3万,>10年
大众 朗逸 2015款 1.6 手动 舒适版,1.4,2.02,1.82,2.22,False,中,9.92,True,1-3万,8-10年
别克 威朗 2018款 1.5 手自一体 15S 领先型,2.9,2.77,2.49,3.03,True,中,7.17,True,1-3万,5-8年
荣威 RX5 2016款 1.5T 自动 20T互联网智享版前驱,1.2,1.78,1.57,1.99,False,中,8.92,True,1-3万,8-10年
大众 POLO两厢 2016款 1.6 自动 舒适型,2.48,2.62,2.03,2.51,True,差,8.17,True,1-3万,8-10年
宝骏 310W 2017款 1.2 手动 超值型,0.7,0.85,0.65,1.05,True,中,8.17,True,<1万,8-10年
吉利汽车 帝豪GL 2018款 1.4T 自动 精英智联型,1.77,1.72,1.51,1.93,True,中,7.67,True,1-3万,5-8年
比亚迪 海鸥 2024款 荣耀版 405KM 飞翔版,4.6,4.02,4.21,4.6,True,优,1.0,True,3-5万,0-3年
东风风光 风光580 2017款 1.5T 自动 智尚型,1.82,1.55,1.36,1.74,False,中,7.17,True,1-3万,5-8年
大众 速腾 2014款 1.6 自动 舒适型,2.24,2.09,1.88,2.29,True,中,12.08,True,1-3万,>10年
风神 AX7 2016款 2.0 手自一体 智逸型,0.75,1.06,0.91,1.21,False,中,9.0,True,<1万,8-10年
本田 CR-V 2019款 1.5T 无级 240TURBO 两驱舒适版,8.84,8.4,7.7,9.06,True,中,4.92,True,5-10万,3-5年
本田 凌派 2013款 1.8 自动 舒适版,1.86,2.09,1.88,2.3,False,中,11.33,True,1-3万,>10年
铃木 雨燕 2009款 1.3 手动 超值版,0.2,0.49,0.22,0.62,False,差,14.42,True,<1万,>10年
大众 朗逸三厢 2013款 1.4T 手动 舒适版,1.01,1.21,1.06,1.36,False,中,13.0,True,1-3万,>10年
五菱汽车 宏光 2014款 1.5 手动 S标准型7座,0.79,1.13,0.98,1.28,False,中,8.58,True,<1万,8-10年
大众 速腾 2012款 1.6 自动 舒适型,1.39,1.47,1.29,1.65,True,中,12.92,True,1-3万,>10年
宝骏 510 2017款 1.5 手动 豪华型,0.88,1.38,1.21,1.55,False,中,7.58,True,<1万,5-8年
别克 GL8 2020款 2.0T 自动 陆上公务舱 652T豪华型,8.0,12.28,11.35,13.17,False,中,5.0,True,5-10万,3-5年
大众 凌渡 2015款 1.4TSI 双离合 280TSI 豪华版,2.51,3.42,3.09,3.74,False,中,9.83,True,1-3万,8-10年
大众 朗逸三厢 2023款 新锐 1.5L 自动 新逸版,4.72,5.48,4.99,5.96,False,中,2.08,True,3-5万,0-3年
宝马 X3(进口） 2013款 2.0T 自动 20i豪华型 (进口),3.88,4.34,3.93,4.73,False,中,12.0,True,3-5万,>10年
奥迪 A4L 2015款 2.0T 自动 35TFSI标准型,4.96,4.99,4.54,5.43,True,中,10.42,True,3-5万,>10年
别克 英朗 2015款 1.5 手自一体 15N 进取型,1.7,1.23,1.09,1.39,False,中,10.0,True,1-3万,8-10年
大众 高尔夫 2015款 1.4T 自动 豪华型,3.7,3.47,3.13,3.78,True,中,9.5,True,3-5万,8-10年
奔腾 B50 2013款 1.6 手动 豪华型,0.35,0.46,0.2,0.6,True,差,10.92,True,<1万,>10年
大众 速腾 2014款 1.6 自动 舒适型 改款,1.86,1.9,1.44,1.9,True,差,11.0,True,1-3万,>10年
丰田 凯美瑞 2015款 2.0 自动 G领先版,3.76,4.8,4.35,5.22,False,中,10.0,True,3-5万,8-10年
现代 ix35 2018款 2.0 自动 智勇畅享版前驱,4.9,3.9,3.53,4.25,False,中,7.0,True,3-5万,5-8年
雪佛兰 科鲁兹三厢 2016款 1.5 手动 精英版,0.93,1.07,0.78,1.08,True,差,9.08,True,<1万,8-10年
菲亚特 菲翔 2012款 1.4T 自动 劲享版,0.71,0.62,0.42,0.82,True,中,11.92,True,<1万,>10年
奥迪 A4L 2015款 2.0TFSI 无级 35TFSI 舒适型,4.05,4.77,4.33,5.19,False,中,10.67,True,3-5万,>10年
荣威 ei6 2017款 1.0T 自动 45T 互联智享版,1.42,1.56,1.37,1.75,True,中,7.0,True,1-3万,5-8年
大众 迈腾 2011款 1.4T 自动 精英型,0.97,0.87,0.67,1.07,True,中,14.92,True,<1万,>10年
奥迪 Q5 2012款 2.0T 自动 TFSI舒适型,3.73,3.25,2.54,3.06,False,差,12.92,True,3-5万,>10年
大众 宝来三厢 2014款 1.6 自动 舒适型,1.6,1.46,1.1,1.44,False,差,10.92,True,1-3万,>10年
本田 飞度两厢 2014款 1.5 自动 SE时尚版,2.77,2.38,2.41,2.79,True,优,10.58,True,1-3万,>10年
奥迪 A4L 2009款 2.0T 自动 TFSI技术型,1.8,1.79,1.58,2.0,True,中,15.58,True,1-3万,>10年
福特 蒙迪欧 2013款 2.0T 自动 GTDi200豪华型,2.72,2.78,2.51,3.04,True,中,9.83,True,1-3万,8-10年
长安凯程 欧诺S 2014款 1.5L手动 基本型,0.66,0.62,0.48,0.88,True,优,7.92,True,<1万,5-8年
宝骏 730 2016款 1.5 手动 舒适型7座,1.09,1.34,1.18,1.5,False,中,8.42,True,1-3万,8-10年
宝马 525Li 2014款 2.0T 手自一体 领先型,5.6,6.26,5.71,6.78,False,中,11.33,True,5-10万,>10年
日产 天籁 2011款 2.0 自动 XL舒适版,1.3,1.5,1.13,1.49,True,差,13.67,True,1-3万,>10年
广汽传祺 传祺GS4 2017款 1.5T 自动 235T精英版DCT前驱,1.72,2.31,2.07,2.53,False,中,8.33,True,1-3万,8-10年
丰田 凯美瑞经典 2013款 2.0 自动 200GVP 豪华版,3.25,3.34,3.01,3.64,True,中,11.58,True,3-5万,>10年
标致 408 2014款 1.8 自动 豪华版,1.54,1.38,1.21,1.55,True,中,9.92,True,1-3万,8-10年
奥迪 Q5 2017款 2.0TFSI 手自一体 40TFSI 技术型Plus,6.81,7.5,6.86,8.11,False,中,8.08,True,5-10万,8-10年
别克 昂科威Plus 2017款 1.5T 自动 20T精英型前驱,3.87,3.94,3.57,4.3,True,中,7.33,True,3-5万,5-8年
比亚迪 秦PLUS 2021款 1.5 自动 DM-i 55KM 旗舰型,3.21,4.35,3.43,4.11,False,差,2.33,True,3-5万,0-3年
日产 骊威 2013款 1.6 手动 XE 舒适版,1.21,1.13,0.84,1.14,False,差,12.08,True,1-3万,>10年
本田 冠道 2017款 1.5T 无级 240TURBO 两驱尊享版,8.8,8.91,8.19,9.61,True,中,6.75,True,5-10万,5-8年
风行 景逸XL 2012款 1.5 序列变速 舒适型,0.32,0.29,0.05,0.45,True,差,12.83,True,<1万,>10年
奥迪 Q3 2016款 2.0TFSI 双离合 35TFSI 典藏版 舒享型,4.07,4.46,4.04,4.86,True,中,9.42,True,3-5万,8-10年
丰田 RAV4荣放 2011款 2.0L 自动 豪华版,2.41,2.59,2.33,2.83,True,中,13.0,True,1-3万,>10年
别克 威朗 2017款 1.5 手自一体 15S 进取型,2.06,2.29,1.77,2.19,True,差,7.33,True,1-3万,5-8年
日产 轩逸 2019款 1.6 自动 经典XE+智联领先版,2.87,3.42,3.09,3.74,False,中,6.58,True,1-3万,5-8年
福特 福睿斯 2017款 1.5 手动 幸福版时尚型,1.85,2.15,1.94,2.36,False,中,6.92,True,1-3万,5-8年
大众 宝来 2016款 1.6 手自一体 时尚型,1.72,2.36,1.83,2.26,False,差,8.83,True,1-3万,8-10年
起亚 K3 2019款 1.5 自动 智享互联版,4.2,3.8,3.43,4.14,False,中,4.83,True,3-5万,3-5年
沃尔沃 S60 2012款 2.0T 双离合 T5 智雅版,1.66,1.67,1.47,1.87,True,中,12.67,True,1-3万,>10年
丰田 卡罗拉 2011款 1.6 自动 GL,0.41,1.35,1.32,1.64,False,优,14.58,True,<1万,>10年
日产 天籁 2008款 2.5 无级 XL 领先版,0.76,0.72,0.43,0.83,True,差,16.58,True,<1万,>10年
宝马 X1 2018款 2.0T 自动 20Li尊享型四驱,7.47,5.94,5.41,6.45,False,中,7.83,True,5-10万,5-8年
岚图 梦想家 2022款 低碳版 梦+智享包,17.81,18.36,17.09,19.61,True,中,1.58,True,10-20万,0-3年
北汽幻速 S3 2014款 1.5 手动 豪华型 国IV,0.46,0.39,0.22,0.62,True,优,10.83,True,<1万,>10年
日产 奇骏 2020款 2.0L 自动 XL Premium CVT 2WD智联,7.04,7.24,6.62,7.83,True,中,4.75,True,5-10万,3-5年
比亚迪 F3 2012款 1.5 手动 GL-i 舒适型,0.25,0.25,0.02,0.42,True,差,13.5,True,<1万,>10年
荣威 550 2012款 1.8 自动 超值版,0.35,0.43,0.27,0.67,True,优,12.5,True,<1万,>10年
别克 英朗三厢 2015款 1.5 手动 15N精英型,1.2,1.39,1.22,1.56,False,中,9.92,True,1-3万,8-10年
福特 致胜 2013款 2.3 手自一体 时尚型,0.6,1.72,1.29,1.71,False,差,11.92,True,<1万,>10年
福特 福睿斯 2017款 1.5 自动 舒适型 改款,1.91,1.89,1.66,2.12,True,中,7.75,True,1-3万,5-8年
奔驰 E级 2013款 1.8T 自动 E260L时尚型CGI,3.13,3.71,3.36,4.05,False,中,12.5,True,3-5万,>10年
宝马 5系 2020款 2.0T 自动 530Li M运动套装四驱,17.37,17.97,16.72,19.19,True,中,4.92,True,10-20万,3-5年
Jeep 指南者 2017款 1.4T 双离合 200T 家享版,3.61,3.1,3.25,3.56,False,优,7.17,True,3-5万,5-8年
现代 瑞纳三厢 2010款 1.4 手动 GS舒适型,0.47,0.44,0.28,0.68,True,优,12.83,True,<1万,>10年
大众 帕萨特 2014款 1.8T 自动 30周年纪念版,2.92,2.76,2.49,3.02,True,中,10.5,True,1-3万,>10年
比亚迪 速锐 2015款 1.5 手动 豪华型 改款,0.72,0.54,0.34,0.74,True,中,9.58,True,<1万,8-10年
宝马 5系 2014款 2.0T 自动 525Li豪华设计套装,3.67,4.77,3.77,4.5,False,差,11.92,True,3-5万,>10年
大众 途观L 2018款 2.0T 自动 330TSI豪华版前驱,5.92,6.86,6.26,7.42,False,中,7.25,True,5-10万,5-8年
起亚 K3 2016款 1.6 自动 GLS,2.58,2.35,2.11,2.57,False,中,8.25,True,1-3万,8-10年
